sample_id,degree_domain,curriculum_skills,student_skills,industry_required_skills,skill_gap,gap_level,target_role,curriculum_industry_alignment,student_skill_score,industry_demand_score,missing_skill_count,training_hours_recommended
1,Computer Engineering,"Java, OOP, SQL","Java, SQL","CI/CD, Kubernetes, Docker",CI/CD automation,High,DevOps Engineer,0,1,3,3,32
2,Cybersecurity,"Git, Python, SQL","Cloud Computing, Git, Python, SQL","AWS, Docker, Terraform",Advanced SQL,Medium,MLOps Engineer,5,4,2,3,21
3,Computer Science,"Java, OOP, SQL","Java, OOP, SQL","IAM, SIEM, Cloud Security",System design,High,AI Engineer,1,8,4,10,23
4,Cybersecurity,"CSS, HTML, JavaScript","Cloud Computing, HTML, JavaScript","Docker, Kubernetes, Jenkins",Advanced SQL,High,ML Engineer,5,5,3,10,17
5,Computer Engineering,"Data Mining, Python, SQL","Data Mining, JavaScript, Python, SQL","Cloud Databases, Docker, PostgreSQL",Model deployment,Medium,Full Stack Developer,10,8,3,10,20
6,Computer Science,"CSS, HTML, JavaScript","CSS, HTML, JavaScript, SQL","React, Next.js, CI/CD",Monitoring and observability,Low,Cloud Engineer,10,7,2,4,8
7,Information Technology,"Git, Linux, Shell Scripting","Cloud Computing, Git, Linux, Shell Scripting","AWS, Docker, Terraform",Data pipeline engineering,High,ML Engineer,1,0,1,2,10
8,Computer Engineering,"Cybersecurity, Linux, Networking","Cybersecurity, Linux, Networking","PyTorch, Kubernetes, Docker",Generative AI application development,Medium,Data Analyst,10,5,1,4,27
9,Information Technology,"NumPy, Pandas, Python","NumPy, Pandas, Python","CI/CD, Docker, Kubernetes",Model deployment,Medium,DevOps Engineer,10,8,9,3,9
10,Artificial Intelligence,"Machine Learning, Python, Statistics","JavaScript, Machine Learning, Python, Statistics","System Design, Testing, Git",Docker and containerization,Medium,MLOps Engineer,3,0,3,9,5
11,Computer Science,"Git, Linux, Shell Scripting","Git, Linux, Shell Scripting","Python, Advanced SQL, Power BI",Infrastructure as Code,Medium,Frontend Developer,4,8,9,6,13
12,Cybersecurity,"Machine Learning, Python, Statistics","Machine Learning, Python, Statistics","Docker, Kubernetes, Jenkins",Data pipeline engineering,Medium,Cybersecurity Analyst,3,3,1,5,1
13,Cybersecurity,"Cloud Computing, Linux, Networking","Cloud Computing, Git, Networking","Testing, React, TypeScript",CI/CD automation,High,Data Engineer,10,7,3,8,8
14,Computer Engineering,"Data Mining, Python, SQL","Data Mining, Linux, Python","Airflow, Databricks, Spark",Modern frontend development,Low,Cybersecurity Analyst,7,0,10,10,6
15,Computer Science,"Cybersecurity, Linux, Networking","Cybersecurity, Git, Linux","Docker, Jenkins, Kubernetes",Advanced SQL,Low,Frontend Developer,7,8,1,0,34
16,Computer Science,"Java, OOP, SQL","OOP, SQL","Spark, Airflow, Databricks",Kubernetes and orchestration,Medium,ML Engineer,6,4,7,4,27
17,Computer Engineering,"Git, Linux, Shell Scripting","Cloud Computing, Git, Linux, Shell Scripting","Kubernetes, MLflow, DVC",Kubernetes and orchestration,Low,Full Stack Developer,0,0,9,7,32
18,Cybersecurity,"Algorithms, C++, DSA","Algorithms, C++","Kubernetes, Docker, CI/CD",Production testing,Medium,Cybersecurity Analyst,9,9,0,9,5
19,Data Science,"DBMS, MySQL, SQL","DBMS, MySQL, SQL","PyTorch, Docker, Kubernetes",Monitoring and observability,Medium,AI Engineer,2,10,10,4,29
20,Artificial Intelligence,"Data Mining, Python, SQL","Data Mining, SQL","DVC, MLflow, Kubernetes",Large-scale data processing,Low,Full Stack Developer,1,3,5,4,10
21,Data Science,"Git, JavaScript, Web Development","Git, JavaScript, Web Development","AWS, Terraform, Docker",Large-scale data processing,High,Cybersecurity Analyst,2,4,1,1,35
22,Information Technology,"Machine Learning, Python, Statistics","Cloud Computing, Machine Learning, Python, Statistics","Docker, FastAPI, MLflow",Large-scale data processing,High,Data Analyst,1,10,6,4,2
23,Computer Science,"JavaScript, MongoDB, Node.js","MongoDB, Node.js, SQL","Kubernetes, MLflow, DVC",CI/CD automation,Medium,Backend Developer,5,9,8,2,27
24,Information Technology,"Git, Python, SQL","Git, Python, SQL","Docker, FastAPI, MLflow",Cloud deployment,Medium,Full Stack Developer,3,2,2,6,1
25,Information Technology,"Git, Linux, Shell Scripting","Git, Linux, Shell Scripting","Airflow, Spark, Databricks",Production testing,High,NLP Engineer,6,0,7,3,12
26,Data Science,"JavaScript, MongoDB, Node.js","JavaScript, MongoDB, Node.js","Docker, FastAPI, MLflow",ML lifecycle management,Medium,Cybersecurity Analyst,1,4,5,10,32
27,Data Science,"DBMS, MySQL, SQL","DBMS, MySQL, SQL","Next.js, CI/CD, React",Modern frontend development,Low,Cloud Engineer,9,8,1,6,36
28,Information Technology,"Machine Learning, Python, Statistics","Machine Learning, Python","CI/CD, Kubernetes, Docker",Monitoring and observability,Medium,Backend Developer,4,8,4,10,26
29,Artificial Intelligence,"Cybersecurity, Linux, Networking","Cybersecurity, Networking, Python","Kubernetes, Jenkins, Docker",Scalable API development,Medium,Data Analyst,4,3,6,12,20
30,Data Science,"NumPy, Pandas, Python","NumPy, Pandas, Python","Python, Power BI, Advanced SQL",Model deployment,High,NLP Engineer,8,10,10,9,21
31,Computer Science,"Git, JavaScript, Web Development","Git, JavaScript, Web Development","DVC, Kubernetes, MLflow",CI/CD automation,Low,MLOps Engineer,6,7,6,3,9
32,Computer Engineering,"Git, Linux, Shell Scripting","Git, Linux, Shell Scripting","Docker, CI/CD, Kubernetes",Modern frontend development,High,NLP Engineer,0,8,3,1,29
33,Information Technology,"Machine Learning, Python, Statistics","Machine Learning, Python, Statistics","Python, Advanced SQL, Power BI",System design,Medium,NLP Engineer,2,7,7,4,15
34,Computer Engineering,"Machine Learning, Python, Statistics","Machine Learning, Python, Statistics","Kubernetes, DVC, MLflow",CI/CD automation,Medium,MLOps Engineer,4,5,5,8,5
35,Information Technology,"Algorithms, C++, DSA","Algorithms, C++, DSA, Python","Testing, TypeScript, React",Monitoring and observability,Low,ML Engineer,0,3,6,6,1
36,Cybersecurity,"Cybersecurity, Linux, Networking","Cybersecurity, Linux, Networking, SQL","Python, Power BI, Advanced SQL",Generative AI application development,Medium,ML Engineer,3,4,6,7,1
37,Data Science,"JavaScript, MongoDB, Node.js","JavaScript, MongoDB, Node.js","Docker, PostgreSQL, Cloud Databases",Infrastructure as Code,Low,MLOps Engineer,9,9,10,0,5
38,Computer Engineering,"Cybersecurity, Linux, Networking","Cybersecurity, Linux","Testing, Git, System Design",Monitoring and observability,Medium,MLOps Engineer,6,4,1,7,1
39,Computer Engineering,"Cloud Computing, Linux, Networking","Cloud Computing, Linux, Networking","Docker, CI/CD, Kubernetes",Kubernetes and orchestration,High,NLP Engineer,0,9,2,3,8
40,Data Science,"DBMS, MySQL, SQL","DBMS, MySQL, Python, SQL","AWS, Spring Boot, Docker",Model deployment,Medium,Data Engineer,4,1,9,0,19
41,Cybersecurity,"DBMS, MySQL, SQL","DBMS, MySQL, SQL","Spark, Airflow, Databricks",Production testing,High,Backend Developer,9,0,5,8,27
42,Computer Engineering,"JavaScript, MongoDB, Node.js","JavaScript, Node.js, SQL","AWS, Spring Boot, Docker",System design,Medium,Data Engineer,2,8,10,4,34
43,Data Science,"NumPy, Pandas, Python","NumPy, Pandas, Python","Cloud Security, IAM, SIEM",CI/CD automation,Medium,Full Stack Developer,7,9,9,10,24
44,Artificial Intelligence,"Git, Python, SQL","Python, SQL","Python, Advanced SQL, Power BI",Advanced SQL,High,Data Engineer,8,3,1,3,26
45,Data Science,"Cloud Computing, Linux, Networking","Cloud Computing, Linux, Networking","MLflow, DVC, Kubernetes",Docker and containerization,Medium,NLP Engineer,6,3,4,10,23
46,Data Science,"Cloud Computing, Linux, Networking","Cloud Computing, Linux, Networking","Terraform, Docker, AWS",Advanced SQL,Medium,MLOps Engineer,1,3,5,1,34
47,Computer Engineering,"Algorithms, C++, DSA","Algorithms, C++, DSA, Linux","Testing, TypeScript, React",Large-scale data processing,Medium,NLP Engineer,3,4,3,5,11
48,Artificial Intelligence,"Git, Python, SQL","Git, Python, SQL","Jenkins, Kubernetes, Docker",Reproducible ML pipelines,High,Frontend Developer,7,7,7,5,11
49,Computer Science,"Machine Learning, Python, Statistics","Git, Machine Learning, Python, Statistics","React, CI/CD, Next.js",Kubernetes and orchestration,Low,Cybersecurity Analyst,1,3,1,8,26
50,Cybersecurity,"Deep Learning, NLP, Python","Deep Learning, JavaScript, NLP, Python","DVC, MLflow, Kubernetes",Modern frontend development,High,Data Analyst,3,10,3,4,5
51,Information Technology,"CSS, HTML, JavaScript","CSS, JavaScript, Python","Git, Testing, System Design",Cloud security,Medium,Full Stack Developer,1,10,3,4,12
52,Data Science,"Java, OOP, SQL","Java, OOP, Python, SQL","AWS, Terraform, Docker",Kubernetes and orchestration,High,Backend Developer,7,1,7,11,19
53,Computer Engineering,"Cybersecurity, Linux, Networking","Cybersecurity, Linux, Networking","FastAPI, Docker, MLflow",Monitoring and observability,Medium,ML Engineer,1,3,10,9,1
54,Computer Engineering,"Git, JavaScript, Web Development","Git, JavaScript, Python, Web Development","FastAPI, Docker, MLflow",Model deployment,High,Data Analyst,1,7,5,6,21
55,Artificial Intelligence,"DBMS, MySQL, SQL","DBMS, MySQL, SQL","AWS, Spring Boot, Docker",Scalable API development,High,Data Analyst,1,5,4,5,7
56,Data Science,"Git, JavaScript, Web Development","Git, JavaScript","Terraform, Docker, AWS",Large-scale data processing,Medium,Full Stack Developer,0,3,4,8,8
57,Artificial Intelligence,"NumPy, Pandas, Python","NumPy, Python","Spark, Airflow, Databricks",Generative AI application development,High,Data Analyst,3,1,7,1,9
58,Data Science,"Data Mining, Python, SQL","Cloud Computing, Data Mining, Python, SQL","Docker, Jenkins, Kubernetes",Production testing,High,MLOps Engineer,3,9,8,11,8
59,Computer Science,"Machine Learning, Python, Statistics","Machine Learning, Python, Statistics","MLflow, DVC, Kubernetes",Advanced SQL,High,DevOps Engineer,9,9,10,7,9
60,Data Science,"Cloud Computing, Linux, Networking","Cloud Computing, JavaScript, Linux, Networking","Python, Power BI, Advanced SQL",ML lifecycle management,Medium,Data Engineer,3,6,0,5,30
61,Computer Engineering,"Data Mining, Python, SQL","Cloud Computing, Data Mining, Python, SQL","MLflow, Kubernetes, DVC",Reproducible ML pipelines,High,Frontend Developer,1,7,1,8,29
62,Computer Science,"Git, Linux, Shell Scripting","Cloud Computing, Git, Linux, Shell Scripting","Testing, Git, System Design",Advanced SQL,Low,NLP Engineer,5,10,8,6,20
63,Computer Engineering,"Git, Linux, Shell Scripting","Git, Linux, Shell Scripting","Databricks, Airflow, Spark",Production testing,Low,Backend Developer,1,6,1,12,6
64,Data Science,"Algorithms, C++, DSA","Algorithms, C++, DSA","Kubernetes, Docker, Jenkins",Production testing,Medium,Frontend Developer,2,2,1,9,24
65,Cybersecurity,"DBMS, MySQL, SQL","JavaScript, MySQL, SQL","TypeScript, Testing, React",Docker and containerization,Medium,Cybersecurity Analyst,1,7,5,9,19
66,Computer Engineering,"Cybersecurity, Linux, Networking","Linux, Networking, SQL","Kubernetes, Docker, Jenkins",Data pipeline engineering,Medium,Cloud Engineer,0,10,6,4,0
67,Cybersecurity,"Git, JavaScript, Web Development","Git, JavaScript, Web Development","Cloud Databases, PostgreSQL, Docker",Reproducible ML pipelines,High,AI Engineer,3,10,3,9,16
68,Computer Engineering,"Machine Learning, Python, Statistics","Machine Learning, Python, Statistics","Docker, Kubernetes, Jenkins",Kubernetes and orchestration,Low,Backend Developer,9,5,2,1,18
69,Artificial Intelligence,"Git, Linux, Shell Scripting","Git, Linux, Python, Shell Scripting","IAM, Cloud Security, SIEM",Large-scale data processing,High,Data Engineer,4,7,4,11,21
70,Computer Science,"NumPy, Pandas, Python","NumPy, Pandas, Python","Docker, Spring Boot, AWS",Generative AI application development,High,ML Engineer,0,4,8,1,29
71,Artificial Intelligence,"DBMS, MySQL, SQL","DBMS, MySQL, SQL","Kubernetes, Jenkins, Docker",Cloud deployment,High,Data Engineer,0,9,8,5,14
72,Computer Engineering,"Java, OOP, SQL","Java, OOP, SQL","PostgreSQL, Docker, Cloud Databases",Cloud deployment,Medium,ML Engineer,4,7,1,1,15
73,Cybersecurity,"Algorithms, C++, DSA","Algorithms, C++, Cloud Computing, DSA","IAM, SIEM, Cloud Security",Modern frontend development,High,DevOps Engineer,10,1,7,9,26
74,Artificial Intelligence,"Git, Python, SQL","Git, Linux, Python, SQL","Kubernetes, Docker, Jenkins",Cloud deployment,Medium,Data Engineer,0,6,4,3,7
75,Data Science,"Java, OOP, SQL","Cloud Computing, Java, OOP, SQL","PostgreSQL, Docker, Cloud Databases",Monitoring and observability,Low,NLP Engineer,1,8,3,9,13
76,Information Technology,"JavaScript, MongoDB, Node.js","JavaScript, Node.js","MLflow, Kubernetes, DVC",Docker and containerization,High,Backend Developer,3,9,5,0,11
77,Artificial Intelligence,"Git, Python, SQL","Git, Python, SQL","Testing, System Design, Git",System design,High,MLOps Engineer,8,3,9,0,33
78,Artificial Intelligence,"NumPy, Pandas, Python","NumPy, Pandas","Docker, Cloud Databases, PostgreSQL",Reproducible ML pipelines,Medium,Backend Developer,1,5,9,2,4
79,Information Technology,"Machine Learning, Python, Statistics","JavaScript, Machine Learning, Python, Statistics","Docker, Kubernetes, PyTorch",Large-scale data processing,Medium,Cloud Engineer,1,1,10,10,35
80,Computer Engineering,"Git, JavaScript, Web Development","Git, JavaScript, Python, Web Development","Testing, React, TypeScript",Modern frontend development,High,ML Engineer,6,5,10,4,23
81,Information Technology,"DBMS, MySQL, SQL","DBMS, Git, MySQL, SQL","Spark, Databricks, Airflow",Data pipeline engineering,Low,Backend Developer,10,1,6,5,27
82,Computer Engineering,"Git, Python, SQL","Python, SQL","FastAPI, Docker, MLflow",Data pipeline engineering,Medium,Backend Developer,4,9,3,12,27
83,Cybersecurity,"Machine Learning, Python, Statistics","Cloud Computing, Machine Learning, Python, Statistics","React, CI/CD, Next.js",Advanced SQL,Low,Cybersecurity Analyst,4,5,5,0,11
84,Information Technology,"Deep Learning, NLP, Python","Deep Learning, NLP, Python","PostgreSQL, Cloud Databases, Docker",Large-scale data processing,High,Backend Developer,7,5,2,5,19
85,Computer Engineering,"JavaScript, MongoDB, Node.js","JavaScript, MongoDB, Node.js","Kubernetes, MLflow, DVC",Model deployment,High,Frontend Developer,4,7,10,6,31
86,Cybersecurity,"NumPy, Pandas, Python","JavaScript, Pandas, Python","IAM, Cloud Security, SIEM",Reproducible ML pipelines,High,Cloud Engineer,3,6,9,0,0
87,Information Technology,"Machine Learning, Python, Statistics","Machine Learning, Python, Statistics","TypeScript, Testing, React",Docker and containerization,Medium,Backend Developer,2,6,8,11,14
88,Cybersecurity,"Cloud Computing, Linux, Networking","Cloud Computing, Linux, Networking","Next.js, React, CI/CD",Kubernetes and orchestration,Medium,AI Engineer,1,5,9,6,36
89,Data Science,"Git, Linux, Shell Scripting","Git, Linux, Shell Scripting","Docker, Cloud Databases, PostgreSQL",System design,High,Frontend Developer,6,1,3,6,25
90,Cybersecurity,"Java, OOP, SQL","Java, OOP, SQL","SIEM, IAM, Cloud Security",Model deployment,Medium,NLP Engineer,5,5,10,2,15
91,Computer Science,"Algorithms, C++, DSA","C++, DSA, JavaScript","FastAPI, Docker, MLflow",System design,Medium,Cloud Engineer,2,7,1,7,28
92,Computer Engineering,"Machine Learning, Python, Statistics","Git, Machine Learning, Python, Statistics","MLflow, Kubernetes, DVC",System design,Low,MLOps Engineer,4,1,10,1,32
93,Data Science,"NumPy, Pandas, Python","Cloud Computing, NumPy, Pandas, Python","Docker, Kubernetes, PyTorch",ML lifecycle management,Medium,NLP Engineer,0,7,1,12,21
94,Computer Engineering,"Java, OOP, SQL","Git, Java, OOP","Terraform, Docker, AWS",Scalable API development,Medium,Data Analyst,10,10,5,1,21
95,Computer Science,"Cloud Computing, Linux, Networking","Cloud Computing, Linux, Networking, SQL","Cloud Databases, PostgreSQL, Docker",Infrastructure as Code,High,Cloud Engineer,5,4,10,11,25
96,Information Technology,"Deep Learning, NLP, Python","Deep Learning, NLP, Python","Jenkins, Kubernetes, Docker",Monitoring and observability,Medium,NLP Engineer,8,5,0,5,19
97,Information Technology,"CSS, HTML, JavaScript","CSS, HTML, JavaScript","TypeScript, Docker, AWS",Infrastructure as Code,Medium,Frontend Developer,8,8,8,0,21
98,Cybersecurity,"Algorithms, C++, DSA","Algorithms, DSA, Python","Docker, Kubernetes, PyTorch",Production testing,Low,Data Engineer,3,8,3,4,30
99,Information Technology,"JavaScript, MongoDB, Node.js","JavaScript, MongoDB, Node.js","Docker, Cloud Databases, PostgreSQL",Scalable API development,Medium,Data Analyst,3,9,2,4,3
100,Computer Engineering,"NumPy, Pandas, Python","Git, NumPy, Pandas, Python","React, CI/CD, Next.js",Cloud security,Medium,Backend Developer,7,8,2,6,5
101,Information Technology,"Git, JavaScript, Web Development","Git, JavaScript, Web Development","Advanced SQL, Power BI, Python",Large-scale data processing,Medium,ML Engineer,1,5,3,0,20
102,Computer Science,"Git, JavaScript, Web Development","Git, JavaScript, Web Development","Kubernetes, Jenkins, Docker",System design,High,MLOps Engineer,0,4,3,2,35
103,Computer Engineering,"Deep Learning, NLP, Python","NLP, Python, SQL","AWS, Docker, Terraform",System design,Medium,NLP Engineer,9,8,0,10,32
104,Cybersecurity,"CSS, HTML, JavaScript","CSS, HTML, JavaScript","Kubernetes, Docker, Jenkins",CI/CD automation,Low,Cybersecurity Analyst,8,8,8,12,32
105,Cybersecurity,"Git, Python, SQL","Git, SQL","SIEM, Cloud Security, IAM",Data pipeline engineering,Medium,Software Engineer,10,10,1,12,21
106,Information Technology,"Git, Python, SQL","Cloud Computing, Git, SQL","TypeScript, Docker, AWS",Infrastructure as Code,Medium,NLP Engineer,4,3,0,12,12
107,Computer Science,"JavaScript, MongoDB, Node.js","JavaScript, Linux, MongoDB, Node.js","Databricks, Spark, Airflow",Kubernetes and orchestration,Medium,Data Analyst,5,0,10,5,17
108,Computer Science,"Machine Learning, Python, Statistics","Linux, Machine Learning, Python, Statistics","TypeScript, Docker, AWS",Monitoring and observability,High,ML Engineer,5,8,4,12,5
109,Computer Engineering,"Cybersecurity, Linux, Networking","Cybersecurity, Linux, Networking, Python","AWS, Docker, Spring Boot",Monitoring and observability,Medium,Backend Developer,7,9,6,2,28
110,Artificial Intelligence,"NumPy, Pandas, Python","NumPy, Pandas, Python","CI/CD, Docker, Kubernetes",Advanced SQL,Medium,ML Engineer,10,10,6,5,32
111,Computer Engineering,"DBMS, MySQL, SQL","MySQL, SQL","Git, Testing, System Design",Production testing,Low,Backend Developer,6,9,0,9,9
112,Computer Engineering,"NumPy, Pandas, Python","Git, NumPy, Pandas, Python","AWS, Docker, TypeScript",Monitoring and observability,Medium,ML Engineer,1,0,2,7,33
113,Data Science,"Data Mining, Python, SQL","Data Mining, Python, SQL","Docker, Terraform, AWS",Cloud security,Medium,Cloud Engineer,1,2,1,7,11
114,Computer Engineering,"NumPy, Pandas, Python","NumPy, Pandas, Python","AWS, Spring Boot, Docker",Data pipeline engineering,High,Cybersecurity Analyst,4,2,10,2,23
115,Cybersecurity,"CSS, HTML, JavaScript","CSS, HTML, JavaScript","Docker, AWS, Spring Boot",Docker and containerization,Medium,MLOps Engineer,8,2,9,1,4
116,Artificial Intelligence,"Cybersecurity, Linux, Networking","Cybersecurity, Linux, Networking","Jenkins, Docker, Kubernetes",CI/CD automation,High,Cloud Engineer,7,7,10,8,22
117,Information Technology,"Data Mining, Python, SQL","Data Mining, Python, SQL","CI/CD, React, Next.js",Modern frontend development,Low,Frontend Developer,8,2,4,2,10
118,Artificial Intelligence,"Data Mining, Python, SQL","Data Mining, JavaScript, Python, SQL","Kubernetes, Docker, Jenkins",ML lifecycle management,High,Data Analyst,10,4,9,8,5
119,Cybersecurity,"DBMS, MySQL, SQL","DBMS, JavaScript, MySQL","System Design, Testing, Git",CI/CD automation,High,Software Engineer,9,6,9,10,1
120,Data Science,"Data Mining, Python, SQL","Cloud Computing, Data Mining, Python, SQL","Cloud Databases, Docker, PostgreSQL",Scalable API development,Medium,NLP Engineer,0,2,7,6,30
121,Data Science,"CSS, HTML, JavaScript","CSS, HTML, JavaScript, SQL","TypeScript, Docker, AWS",Scalable API development,Medium,Data Engineer,5,3,7,1,17
122,Data Science,"CSS, HTML, JavaScript","CSS, HTML, JavaScript, SQL","System Design, Testing, Git",Production testing,High,ML Engineer,3,2,7,8,29
123,Data Science,"Data Mining, Python, SQL","Data Mining, Git, Python, SQL","FastAPI, Docker, MLflow",ML lifecycle management,Medium,Full Stack Developer,0,4,7,9,30
124,Artificial Intelligence,"Cloud Computing, Linux, Networking","Cloud Computing, Linux, Networking","Kubernetes, CI/CD, Docker",Data pipeline engineering,High,AI Engineer,6,0,9,8,12
125,Artificial Intelligence,"Cloud Computing, Linux, Networking","Cloud Computing, JavaScript, Linux, Networking","MLflow, FastAPI, Docker",Cloud deployment,Medium,Cloud Engineer,5,5,8,5,9
126,Information Technology,"Deep Learning, NLP, Python","Deep Learning, Git, NLP","AWS, Docker, Terraform",System design,High,DevOps Engineer,9,5,2,6,19
127,Cybersecurity,"JavaScript, MongoDB, Node.js","JavaScript, MongoDB, Node.js","AWS, Terraform, Docker",Reproducible ML pipelines,High,Data Analyst,10,1,6,9,19
128,Computer Engineering,"Git, JavaScript, Web Development","Git, JavaScript, Web Development","Kubernetes, Jenkins, Docker",Production testing,High,NLP Engineer,2,8,10,11,24
129,Information Technology,"Git, JavaScript, Web Development","Git, JavaScript, Web Development","Cloud Databases, Docker, PostgreSQL",System design,Low,Software Engineer,6,3,6,8,30
130,Computer Engineering,"Git, Linux, Shell Scripting","Git, Linux, Shell Scripting","CI/CD, Kubernetes, Docker",Reproducible ML pipelines,Medium,Cybersecurity Analyst,2,7,8,5,34
131,Artificial Intelligence,"DBMS, MySQL, SQL","DBMS, MySQL, SQL","MLflow, Kubernetes, DVC",Reproducible ML pipelines,High,Data Analyst,8,4,3,4,18
132,Computer Engineering,"CSS, HTML, JavaScript","CSS, HTML, JavaScript","Docker, Jenkins, Kubernetes",Advanced SQL,Medium,NLP Engineer,6,5,2,4,2
133,Artificial Intelligence,"Git, Linux, Shell Scripting","Git, Linux, Shell Scripting","AWS, Docker, Spring Boot",ML lifecycle management,High,Full Stack Developer,2,1,9,11,15
134,Information Technology,"Git, Python, SQL","Git, Python","PostgreSQL, Docker, Cloud Databases",Reproducible ML pipelines,Low,Data Engineer,8,2,6,10,30
135,Data Science,"DBMS, MySQL, SQL","DBMS, MySQL, SQL","Testing, React, TypeScript",CI/CD automation,Medium,Software Engineer,2,6,2,0,25
136,Data Science,"Algorithms, C++, DSA","Algorithms, C++, DSA","Airflow, Spark, Databricks",Docker and containerization,Medium,Software Engineer,4,7,10,8,33
137,Data Science,"Data Mining, Python, SQL","Data Mining, Python, SQL","System Design, Testing, Git",Monitoring and observability,Low,Backend Developer,2,0,5,12,18
138,Cybersecurity,"DBMS, MySQL, SQL","DBMS, JavaScript, MySQL, SQL","DVC, MLflow, Kubernetes",Large-scale data processing,High,ML Engineer,10,1,2,2,30
139,Artificial Intelligence,"Data Mining, Python, SQL","Linux, Python, SQL","TypeScript, Testing, React",Docker and containerization,Medium,Cloud Engineer,0,10,1,7,19
140,Information Technology,"Cybersecurity, Linux, Networking","Cloud Computing, Cybersecurity, Linux, Networking","Cloud Databases, PostgreSQL, Docker",Cloud security,High,Cybersecurity Analyst,2,7,2,7,23
141,Data Science,"Git, Linux, Shell Scripting","Git, Linux, Shell Scripting","Docker, AWS, Terraform",Production testing,High,Full Stack Developer,8,5,1,9,7
142,Computer Science,"Git, JavaScript, Web Development","JavaScript, Web Development","AWS, Docker, Terraform",System design,Low,DevOps Engineer,1,8,7,12,3
143,Data Science,"Algorithms, C++, DSA","Algorithms, DSA, JavaScript","AWS, Docker, Terraform",Advanced SQL,High,ML Engineer,0,6,5,11,4
144,Cybersecurity,"Git, Python, SQL","Git, Python, SQL","Spark, Databricks, Airflow",Modern frontend development,Medium,Data Analyst,5,6,7,6,24
145,Computer Science,"DBMS, MySQL, SQL","DBMS, SQL","Docker, PostgreSQL, Cloud Databases",Scalable API development,Low,DevOps Engineer,0,0,4,7,34
146,Data Science,"Cloud Computing, Linux, Networking","Cloud Computing, Linux","SIEM, Cloud Security, IAM",Cloud deployment,Medium,AI Engineer,3,3,1,1,2
147,Data Science,"Deep Learning, NLP, Python","NLP, Python","PostgreSQL, Docker, Cloud Databases",Generative AI application development,Medium,Full Stack Developer,8,4,3,11,36
148,Artificial Intelligence,"Deep Learning, NLP, Python","Deep Learning, NLP, Python","PyTorch, Docker, Kubernetes",Large-scale data processing,Medium,Frontend Developer,4,0,8,9,11
149,Computer Engineering,"DBMS, MySQL, SQL","DBMS, Git, MySQL, SQL","IAM, Cloud Security, SIEM",Scalable API development,High,Cybersecurity Analyst,6,2,4,6,11
150,Cybersecurity,"NumPy, Pandas, Python","NumPy, Pandas, Python","React, TypeScript, Testing",System design,High,NLP Engineer,8,8,2,6,15
151,Artificial Intelligence,"CSS, HTML, JavaScript","CSS, HTML, JavaScript, Linux","TypeScript, Docker, AWS",ML lifecycle management,Low,AI Engineer,10,9,9,0,4
152,Information Technology,"Machine Learning, Python, Statistics","Cloud Computing, Machine Learning, Python, Statistics","MLflow, Kubernetes, DVC",Cloud security,Medium,Data Engineer,1,7,3,11,13
153,Data Science,"Data Mining, Python, SQL","Data Mining, Python, SQL","TypeScript, Testing, React",Cloud security,Medium,Data Engineer,7,1,7,12,20
154,Information Technology,"JavaScript, MongoDB, Node.js","JavaScript, MongoDB, Node.js","AWS, Docker, TypeScript",Advanced SQL,High,Software Engineer,2,3,5,3,24
155,Cybersecurity,"Git, JavaScript, Web Development","Cloud Computing, Git, JavaScript, Web Development","Testing, TypeScript, React",Reproducible ML pipelines,Medium,NLP Engineer,2,5,2,2,34
156,Data Science,"Algorithms, C++, DSA","Algorithms, C++, DSA","Spark, Databricks, Airflow",Kubernetes and orchestration,High,DevOps Engineer,6,2,10,3,4
157,Computer Engineering,"Algorithms, C++, DSA","Algorithms, C++, DSA, Linux","CI/CD, Kubernetes, Docker",Reproducible ML pipelines,Medium,Cybersecurity Analyst,0,8,8,6,0
158,Computer Science,"Cloud Computing, Linux, Networking","Cloud Computing, Networking, SQL","Jenkins, Kubernetes, Docker",Infrastructure as Code,High,DevOps Engineer,5,4,6,1,23
159,Data Science,"NumPy, Pandas, Python","Cloud Computing, NumPy, Python","Kubernetes, Docker, PyTorch",Scalable API development,Low,ML Engineer,10,0,2,1,31
160,Data Science,"DBMS, MySQL, SQL","DBMS, Git, MySQL, SQL","Kubernetes, DVC, MLflow",ML lifecycle management,High,Full Stack Developer,0,1,10,4,34
161,Cybersecurity,"DBMS, MySQL, SQL","DBMS, MySQL, SQL","Docker, Kubernetes, CI/CD",Scalable API development,High,AI Engineer,9,3,9,6,34
162,Artificial Intelligence,"Cybersecurity, Linux, Networking","Cybersecurity, Linux, Networking","Kubernetes, DVC, MLflow",Large-scale data processing,High,Backend Developer,1,6,3,1,21
163,Cybersecurity,"Machine Learning, Python, Statistics","Machine Learning, Python, Statistics","Docker, Kubernetes, PyTorch",Advanced SQL,High,Software Engineer,5,8,6,6,11
164,Computer Engineering,"Deep Learning, NLP, Python","Deep Learning, JavaScript, NLP, Python","Cloud Databases, PostgreSQL, Docker",CI/CD automation,Medium,Backend Developer,10,2,6,5,23
165,Computer Science,"Java, OOP, SQL","Java, OOP, SQL","Docker, CI/CD, Kubernetes",Infrastructure as Code,High,Backend Developer,7,8,8,8,26
166,Computer Science,"Git, Python, SQL","Git, Python, SQL","Docker, AWS, Spring Boot",Docker and containerization,High,ML Engineer,1,8,3,9,33
167,Information Technology,"DBMS, MySQL, SQL","DBMS, MySQL, SQL","Cloud Security, IAM, SIEM",Model deployment,Medium,Backend Developer,4,7,1,5,16
168,Information Technology,"Git, Linux, Shell Scripting","Git, JavaScript, Linux","Docker, Cloud Databases, PostgreSQL",Monitoring and observability,Low,ML Engineer,7,5,6,10,8
169,Artificial Intelligence,"JavaScript, MongoDB, Node.js","JavaScript, Node.js","Kubernetes, Docker, PyTorch",Cloud security,High,Data Engineer,5,6,4,12,25
170,Artificial Intelligence,"Java, OOP, SQL","Java, JavaScript, OOP, SQL","Spark, Airflow, Databricks",Generative AI application development,Low,NLP Engineer,7,4,1,12,26
171,Computer Engineering,"NumPy, Pandas, Python","NumPy, Pandas, Python","System Design, Testing, Git",Scalable API development,Low,ML Engineer,9,6,8,8,26
172,Cybersecurity,"Git, Python, SQL","Git, Python, SQL","MLflow, Kubernetes, DVC",CI/CD automation,High,Cloud Engineer,2,10,9,0,36
173,Computer Engineering,"DBMS, MySQL, SQL","DBMS, MySQL, SQL","Cloud Databases, PostgreSQL, Docker",Cloud deployment,Medium,Software Engineer,7,5,6,7,32
174,Information Technology,"JavaScript, MongoDB, Node.js","JavaScript, MongoDB, Node.js, SQL","Kubernetes, CI/CD, Docker",Infrastructure as Code,High,Backend Developer,7,3,8,7,22
175,Data Science,"Java, OOP, SQL","Java, OOP, SQL","Power BI, Advanced SQL, Python",Cloud deployment,Low,Software Engineer,10,2,3,8,11
176,Cybersecurity,"Algorithms, C++, DSA","Algorithms, C++, Linux","Docker, TypeScript, AWS",Modern frontend development,Low,Cybersecurity Analyst,7,9,6,6,0
177,Computer Engineering,"CSS, HTML, JavaScript","CSS, Cloud Computing, HTML, JavaScript","React, TypeScript, Testing",Generative AI application development,Low,Backend Developer,3,7,1,4,31
178,Cybersecurity,"DBMS, MySQL, SQL","DBMS, JavaScript, MySQL, SQL","AWS, TypeScript, Docker",System design,Low,Data Engineer,9,9,1,10,8
179,Artificial Intelligence,"Java, OOP, SQL","Java, OOP, Python, SQL","Testing, React, TypeScript",Modern frontend development,Low,ML Engineer,6,2,7,10,34
180,Computer Engineering,"Data Mining, Python, SQL","Data Mining, Python","Cloud Databases, PostgreSQL, Docker",Monitoring and observability,Medium,Frontend Developer,0,7,2,3,24
181,Cybersecurity,"Cloud Computing, Linux, Networking","Cloud Computing, Linux, Networking","PostgreSQL, Docker, Cloud Databases",Reproducible ML pipelines,High,MLOps Engineer,3,4,0,4,14
182,Cybersecurity,"Machine Learning, Python, Statistics","Machine Learning, Python, Statistics","Git, System Design, Testing",Generative AI application development,High,MLOps Engineer,4,8,5,8,2
183,Computer Engineering,"NumPy, Pandas, Python","Linux, Pandas, Python","Terraform, AWS, Docker",CI/CD automation,Medium,Data Engineer,3,9,5,11,27
184,Information Technology,"Deep Learning, NLP, Python","Deep Learning, NLP, Python","Git, Testing, System Design",Data pipeline engineering,High,Cloud Engineer,5,4,4,9,17
185,Cybersecurity,"Data Mining, Python, SQL","Data Mining, Python","Docker, PostgreSQL, Cloud Databases",Infrastructure as Code,High,Cybersecurity Analyst,2,5,3,12,25
186,Data Science,"Algorithms, C++, DSA","Algorithms, C++, Cloud Computing, DSA","Docker, Kubernetes, PyTorch",CI/CD automation,Medium,Cybersecurity Analyst,7,7,5,9,0
187,Computer Engineering,"Java, OOP, SQL","Java, OOP, SQL","Docker, Jenkins, Kubernetes",Generative AI application development,High,Backend Developer,3,7,4,5,18
188,Artificial Intelligence,"Cloud Computing, Linux, Networking","Cloud Computing, Linux, Networking","PyTorch, Kubernetes, Docker",Kubernetes and orchestration,High,NLP Engineer,0,1,2,7,29
189,Computer Science,"Cybersecurity, Linux, Networking","Cybersecurity, Linux, Networking","TypeScript, React, Testing",Model deployment,High,Data Analyst,4,1,5,10,10
190,Computer Science,"Cybersecurity, Linux, Networking","Cloud Computing, Cybersecurity, Linux, Networking","PostgreSQL, Docker, Cloud Databases",Cloud deployment,Medium,Backend Developer,1,2,9,3,33
191,Computer Engineering,"NumPy, Pandas, Python","NumPy, Pandas, Python, SQL","Kubernetes, Docker, CI/CD",Infrastructure as Code,High,ML Engineer,6,1,1,1,20
192,Artificial Intelligence,"Data Mining, Python, SQL","Data Mining, Python, SQL","FastAPI, MLflow, Docker",Large-scale data processing,High,Backend Developer,7,5,3,10,9
193,Data Science,"Deep Learning, NLP, Python","NLP, Python","Cloud Databases, Docker, PostgreSQL",Data pipeline engineering,Medium,ML Engineer,3,4,10,1,15
194,Cybersecurity,"Deep Learning, NLP, Python","Deep Learning, NLP, Python","PyTorch, Kubernetes, Docker",Cloud security,High,Software Engineer,4,10,0,12,15
195,Data Science,"Cybersecurity, Linux, Networking","Cloud Computing, Cybersecurity, Linux, Networking","Docker, Spring Boot, AWS",Data pipeline engineering,Medium,Software Engineer,9,6,5,8,11
196,Data Science,"Machine Learning, Python, Statistics","Machine Learning, Python, Statistics","Docker, AWS, Spring Boot",Large-scale data processing,High,ML Engineer,6,1,10,8,34
197,Cybersecurity,"Algorithms, C++, DSA","Algorithms, C++, DSA, Git","FastAPI, Docker, MLflow",Infrastructure as Code,Medium,NLP Engineer,9,10,10,10,4
198,Artificial Intelligence,"Git, Linux, Shell Scripting","Git, Linux, Shell Scripting","SIEM, Cloud Security, IAM",Modern frontend development,Low,Backend Developer,4,10,10,11,11
199,Computer Science,"Git, Python, SQL","Git, SQL","Kubernetes, Jenkins, Docker",Advanced SQL,Low,Frontend Developer,5,6,4,8,4
200,Artificial Intelligence,"Git, Linux, Shell Scripting","Git, Linux, Shell Scripting","Docker, PyTorch, Kubernetes",Model deployment,Medium,MLOps Engineer,1,9,10,11,7
201,Information Technology,"Git, Linux, Shell Scripting","Git, Linux, Shell Scripting","Docker, Terraform, AWS",Kubernetes and orchestration,High,Frontend Developer,5,3,6,11,20
202,Artificial Intelligence,"Git, JavaScript, Web Development","Git, JavaScript, Web Development","AWS, Spring Boot, Docker",Production testing,High,Frontend Developer,1,7,4,12,19
203,Artificial Intelligence,"Java, OOP, SQL","Java, SQL","AWS, Docker, Terraform",Reproducible ML pipelines,Medium,Cloud Engineer,0,6,0,3,34
204,Artificial Intelligence,"DBMS, MySQL, SQL","DBMS, SQL","React, CI/CD, Next.js",Cloud security,High,ML Engineer,6,7,0,2,17
205,Computer Science,"Git, Python, SQL","Git, JavaScript, Python, SQL","Databricks, Spark, Airflow",CI/CD automation,High,MLOps Engineer,10,6,1,9,36
206,Computer Science,"Cybersecurity, Linux, Networking","Cybersecurity, Linux","Cloud Databases, Docker, PostgreSQL",Monitoring and observability,High,ML Engineer,3,1,3,2,6
207,Information Technology,"Java, OOP, SQL","Java, OOP, SQL","Testing, Git, System Design",ML lifecycle management,Medium,NLP Engineer,4,1,1,2,19
208,Computer Engineering,"Git, Linux, Shell Scripting","Linux, SQL, Shell Scripting","Docker, PyTorch, Kubernetes",Cloud security,Medium,Cybersecurity Analyst,6,7,8,11,35
209,Information Technology,"Java, OOP, SQL","Java, Python, SQL","Python, Power BI, Advanced SQL",Data pipeline engineering,Low,ML Engineer,1,0,1,3,28
210,Information Technology,"Java, OOP, SQL","Java, OOP, SQL","Spark, Airflow, Databricks",Kubernetes and orchestration,Low,MLOps Engineer,7,0,6,10,27
211,Information Technology,"JavaScript, MongoDB, Node.js","JavaScript, MongoDB, Node.js","Testing, React, TypeScript",Kubernetes and orchestration,Medium,Frontend Developer,7,6,8,7,3
212,Computer Science,"Machine Learning, Python, Statistics","Machine Learning, Python, Statistics","SIEM, Cloud Security, IAM",Generative AI application development,High,Full Stack Developer,7,8,7,5,36
213,Cybersecurity,"JavaScript, MongoDB, Node.js","Git, JavaScript, MongoDB, Node.js","SIEM, Cloud Security, IAM",Advanced SQL,Medium,NLP Engineer,9,3,2,1,15
214,Computer Engineering,"CSS, HTML, JavaScript","CSS, Cloud Computing, JavaScript","MLflow, Docker, FastAPI",Model deployment,Medium,Frontend Developer,9,0,5,9,36
215,Information Technology,"Deep Learning, NLP, Python","Deep Learning, NLP, Python","React, TypeScript, Testing",Cloud security,High,DevOps Engineer,1,0,3,9,14
216,Computer Science,"Cloud Computing, Linux, Networking","Cloud Computing, JavaScript, Linux","Power BI, Python, Advanced SQL",Kubernetes and orchestration,High,Data Engineer,1,8,5,1,23
217,Computer Engineering,"DBMS, MySQL, SQL","DBMS, MySQL, SQL","IAM, Cloud Security, SIEM",Modern frontend development,Low,Frontend Developer,2,8,9,12,22
218,Information Technology,"DBMS, MySQL, SQL","DBMS, MySQL, SQL","PyTorch, Kubernetes, Docker",Infrastructure as Code,High,Data Analyst,9,0,2,9,20
219,Cybersecurity,"CSS, HTML, JavaScript","CSS, HTML, Linux","Docker, Cloud Databases, PostgreSQL",CI/CD automation,High,Frontend Developer,0,4,3,3,4
220,Artificial Intelligence,"Machine Learning, Python, Statistics","Git, Machine Learning, Statistics","DVC, Kubernetes, MLflow",Reproducible ML pipelines,High,ML Engineer,1,7,9,10,14
221,Information Technology,"NumPy, Pandas, Python","Pandas, Python","Docker, Spring Boot, AWS",CI/CD automation,Medium,Backend Developer,2,1,8,1,21
222,Cybersecurity,"Deep Learning, NLP, Python","Deep Learning, Git, NLP, Python","Spark, Databricks, Airflow",Modern frontend development,High,Cloud Engineer,5,3,3,6,35
223,Computer Engineering,"Data Mining, Python, SQL","Cloud Computing, Data Mining, Python, SQL","Kubernetes, Docker, Jenkins",Scalable API development,Medium,Software Engineer,0,5,0,6,5
224,Artificial Intelligence,"Git, JavaScript, Web Development","JavaScript, Linux, Web Development","PostgreSQL, Cloud Databases, Docker",Reproducible ML pipelines,Medium,Backend Developer,7,7,10,4,5
225,Computer Engineering,"Cloud Computing, Linux, Networking","Cloud Computing, Linux, Networking","Cloud Security, IAM, SIEM",System design,Medium,Data Analyst,4,9,0,2,6
226,Computer Science,"DBMS, MySQL, SQL","DBMS, MySQL, SQL","TypeScript, Docker, AWS",Generative AI application development,High,Full Stack Developer,8,10,7,9,15
227,Data Science,"Machine Learning, Python, Statistics","Cloud Computing, Python, Statistics","Spring Boot, AWS, Docker",ML lifecycle management,Low,Frontend Developer,6,1,10,6,12
228,Computer Engineering,"Algorithms, C++, DSA","Algorithms, C++, DSA, SQL","Next.js, CI/CD, React",CI/CD automation,High,Backend Developer,4,8,7,0,33
229,Data Science,"Java, OOP, SQL","Java, JavaScript, OOP, SQL","IAM, SIEM, Cloud Security",Cloud deployment,High,Backend Developer,8,5,6,4,24
230,Computer Engineering,"NumPy, Pandas, Python","Git, Pandas, Python","PyTorch, Docker, Kubernetes",Production testing,Low,Data Engineer,5,0,5,12,19
231,Artificial Intelligence,"Machine Learning, Python, Statistics","Cloud Computing, Machine Learning, Python, Statistics","Next.js, CI/CD, React",Infrastructure as Code,High,Full Stack Developer,4,6,9,10,5
232,Information Technology,"NumPy, Pandas, Python","NumPy, Pandas, Python","React, Testing, TypeScript",Data pipeline engineering,Medium,DevOps Engineer,4,8,6,2,33
233,Cybersecurity,"Git, Python, SQL","Git, Python, SQL","Testing, System Design, Git",Kubernetes and orchestration,Medium,MLOps Engineer,5,7,8,6,7
234,Computer Engineering,"Git, Python, SQL","Git, JavaScript, Python, SQL","TypeScript, Testing, React",Generative AI application development,High,MLOps Engineer,4,1,4,0,24
235,Computer Science,"Algorithms, C++, DSA","Algorithms, C++, DSA, Python","Next.js, CI/CD, React",ML lifecycle management,Medium,Cybersecurity Analyst,10,0,7,2,11
236,Cybersecurity,"Machine Learning, Python, Statistics","JavaScript, Machine Learning, Python, Statistics","Kubernetes, CI/CD, Docker",Advanced SQL,Medium,AI Engineer,7,4,3,7,19
237,Computer Engineering,"Cloud Computing, Linux, Networking","JavaScript, Linux, Networking","React, Next.js, CI/CD",Reproducible ML pipelines,Medium,Backend Developer,10,5,4,4,19
238,Information Technology,"Algorithms, C++, DSA","Algorithms, C++, DSA","Docker, Terraform, AWS",Scalable API development,High,NLP Engineer,0,10,7,4,16
239,Data Science,"Cybersecurity, Linux, Networking","Cybersecurity, Linux, Networking","IAM, SIEM, Cloud Security",Monitoring and observability,High,Full Stack Developer,10,5,8,4,10
240,Computer Engineering,"Data Mining, Python, SQL","Data Mining, Git, Python, SQL","AWS, Terraform, Docker",Generative AI application development,High,AI Engineer,3,5,3,11,19
241,Data Science,"Machine Learning, Python, Statistics","Machine Learning, Python, SQL, Statistics","Spark, Databricks, Airflow",Reproducible ML pipelines,Medium,Backend Developer,3,8,1,10,24
242,Cybersecurity,"Machine Learning, Python, Statistics","Machine Learning, Python, Statistics","Cloud Security, SIEM, IAM",Infrastructure as Code,High,MLOps Engineer,7,5,10,2,20
243,Computer Engineering,"Git, Python, SQL","Git, Python, SQL","Kubernetes, Docker, CI/CD",Model deployment,Low,NLP Engineer,9,6,10,6,25
244,Data Science,"NumPy, Pandas, Python","NumPy, Pandas, Python","SIEM, IAM, Cloud Security",ML lifecycle management,High,DevOps Engineer,3,5,4,2,6
245,Data Science,"Cloud Computing, Linux, Networking","Cloud Computing, Git, Linux, Networking","Kubernetes, Docker, PyTorch",System design,Medium,Data Analyst,10,2,5,7,22
246,Information Technology,"Algorithms, C++, DSA","Algorithms, C++, DSA","Spark, Databricks, Airflow",Infrastructure as Code,Medium,AI Engineer,1,5,10,12,2
247,Data Science,"Data Mining, Python, SQL","Data Mining, JavaScript, Python, SQL","Docker, PostgreSQL, Cloud Databases",Cloud deployment,Medium,Software Engineer,1,6,7,6,7
248,Cybersecurity,"Machine Learning, Python, Statistics","Machine Learning, Python","Python, Advanced SQL, Power BI",Cloud deployment,Medium,Cybersecurity Analyst,6,1,8,11,7
249,Artificial Intelligence,"Java, OOP, SQL","Java, OOP, Python, SQL","DVC, Kubernetes, MLflow",ML lifecycle management,High,DevOps Engineer,2,0,8,7,13
250,Computer Engineering,"Data Mining, Python, SQL","Data Mining, Git, Python","Power BI, Python, Advanced SQL",Large-scale data processing,Low,Backend Developer,10,3,7,4,16
251,Data Science,"Git, Python, SQL","Git, Python, SQL","Docker, Spring Boot, AWS",Monitoring and observability,High,Data Engineer,0,0,2,10,10
252,Artificial Intelligence,"JavaScript, MongoDB, Node.js","JavaScript, MongoDB, Node.js","Spark, Databricks, Airflow",Monitoring and observability,High,Data Engineer,6,7,4,6,30
253,Data Science,"DBMS, MySQL, SQL","DBMS, MySQL","Airflow, Databricks, Spark",Cloud deployment,High,Frontend Developer,2,9,6,12,22
254,Cybersecurity,"Git, Python, SQL","Git, Python, SQL","Next.js, React, CI/CD",Reproducible ML pipelines,High,Frontend Developer,7,0,1,4,20
255,Computer Science,"Git, Linux, Shell Scripting","Git, Linux, Shell Scripting","CI/CD, Next.js, React",Production testing,Medium,Cloud Engineer,6,10,3,7,22
256,Computer Engineering,"DBMS, MySQL, SQL","DBMS, JavaScript, MySQL, SQL","Docker, Cloud Databases, PostgreSQL",Model deployment,Medium,Software Engineer,2,1,7,5,15
257,Artificial Intelligence,"Machine Learning, Python, Statistics","JavaScript, Machine Learning, Python, Statistics","Kubernetes, CI/CD, Docker",CI/CD automation,Medium,Full Stack Developer,1,7,7,5,7
258,Data Science,"Git, Linux, Shell Scripting","Git, Linux, Shell Scripting","Docker, Cloud Databases, PostgreSQL",CI/CD automation,Medium,Software Engineer,10,10,7,5,23
259,Computer Science,"Git, JavaScript, Web Development","Git, JavaScript, Web Development","Testing, TypeScript, React",Reproducible ML pipelines,High,Cloud Engineer,1,1,10,3,0
260,Artificial Intelligence,"JavaScript, MongoDB, Node.js","JavaScript, MongoDB, Node.js, SQL","React, Next.js, CI/CD",Kubernetes and orchestration,Medium,Backend Developer,6,1,4,9,12
261,Information Technology,"Java, OOP, SQL","Java, OOP","Databricks, Spark, Airflow",Kubernetes and orchestration,Low,ML Engineer,7,10,9,8,8
262,Data Science,"Git, Python, SQL","Git, Python, SQL","Docker, AWS, Terraform",Reproducible ML pipelines,Medium,Cloud Engineer,2,1,6,10,20
263,Cybersecurity,"Data Mining, Python, SQL","Data Mining, JavaScript, Python, SQL","Cloud Security, IAM, SIEM",Scalable API development,High,Data Analyst,2,2,6,9,32
264,Artificial Intelligence,"Git, JavaScript, Web Development","Git, JavaScript, SQL, Web Development","Jenkins, Kubernetes, Docker",ML lifecycle management,High,Cybersecurity Analyst,10,5,10,2,11
265,Cybersecurity,"Cloud Computing, Linux, Networking","Cloud Computing, Linux, Networking","Kubernetes, Docker, Jenkins",Modern frontend development,Medium,Cybersecurity Analyst,0,8,1,0,24
266,Information Technology,"Git, Python, SQL","Git, Python, SQL","PostgreSQL, Docker, Cloud Databases",Advanced SQL,Low,Data Analyst,3,8,0,5,28
267,Computer Science,"Deep Learning, NLP, Python","Deep Learning, NLP, Python","Next.js, React, CI/CD",Generative AI application development,Medium,Cybersecurity Analyst,10,0,6,6,26
268,Computer Engineering,"JavaScript, MongoDB, Node.js","Cloud Computing, JavaScript, MongoDB, Node.js","AWS, Terraform, Docker",System design,Medium,NLP Engineer,3,4,7,2,4
269,Information Technology,"Algorithms, C++, DSA","Algorithms, DSA, Linux","Jenkins, Docker, Kubernetes",Advanced SQL,Low,Cloud Engineer,2,0,2,5,3
270,Computer Engineering,"Deep Learning, NLP, Python","Deep Learning, NLP, Python","CI/CD, Next.js, React",CI/CD automation,Medium,Data Engineer,2,8,1,12,32
271,Information Technology,"Cybersecurity, Linux, Networking","Cybersecurity, Git, Linux, Networking","Terraform, Docker, AWS",Monitoring and observability,High,Cybersecurity Analyst,3,9,8,7,35
272,Computer Engineering,"Git, Python, SQL","Git, Python, SQL","Spring Boot, Docker, AWS",Production testing,High,Cloud Engineer,1,6,4,8,18
273,Computer Science,"Data Mining, Python, SQL","Data Mining, Python, SQL","AWS, Terraform, Docker",Reproducible ML pipelines,High,MLOps Engineer,5,8,1,1,10
274,Cybersecurity,"Cloud Computing, Linux, Networking","Cloud Computing, Linux, Networking, Python","Docker, CI/CD, Kubernetes",Modern frontend development,High,Cybersecurity Analyst,10,1,10,2,1
275,Data Science,"Git, Linux, Shell Scripting","Git, Shell Scripting","Docker, AWS, TypeScript",Advanced SQL,Medium,Full Stack Developer,10,6,6,5,1
276,Data Science,"DBMS, MySQL, SQL","Cloud Computing, DBMS, MySQL, SQL","AWS, Spring Boot, Docker",Kubernetes and orchestration,Low,AI Engineer,8,1,4,12,19
277,Cybersecurity,"Java, OOP, SQL","Java, OOP, SQL","Docker, MLflow, FastAPI",Docker and containerization,Medium,Cybersecurity Analyst,2,6,8,4,9
278,Artificial Intelligence,"DBMS, MySQL, SQL","DBMS, MySQL, SQL","Databricks, Spark, Airflow",Docker and containerization,High,Data Engineer,0,0,9,9,25
279,Cybersecurity,"Cloud Computing, Linux, Networking","Cloud Computing, Linux, Networking","AWS, Spring Boot, Docker",Modern frontend development,High,Full Stack Developer,2,3,9,4,12
280,Computer Science,"Algorithms, C++, DSA","Algorithms, C++, DSA","Docker, PostgreSQL, Cloud Databases",System design,High,DevOps Engineer,10,1,4,1,12
281,Computer Engineering,"Deep Learning, NLP, Python","Deep Learning, NLP, Python","Advanced SQL, Power BI, Python",Cloud deployment,High,Full Stack Developer,5,7,7,5,19
282,Computer Engineering,"Deep Learning, NLP, Python","Deep Learning, NLP, Python, SQL","Testing, System Design, Git",Docker and containerization,High,Frontend Developer,10,6,4,5,8
283,Computer Engineering,"Git, Linux, Shell Scripting","Git, Linux, Shell Scripting","AWS, TypeScript, Docker",Reproducible ML pipelines,Medium,Data Analyst,10,9,1,4,8
284,Cybersecurity,"CSS, HTML, JavaScript","CSS, HTML, JavaScript","FastAPI, MLflow, Docker",Large-scale data processing,High,Software Engineer,9,3,0,8,16
285,Cybersecurity,"Data Mining, Python, SQL","Data Mining, Python, SQL","AWS, Terraform, Docker",Cloud security,Medium,NLP Engineer,6,5,8,0,15
286,Cybersecurity,"DBMS, MySQL, SQL","DBMS, MySQL","Git, Testing, System Design",Infrastructure as Code,Medium,Cloud Engineer,0,3,7,3,4
287,Artificial Intelligence,"JavaScript, MongoDB, Node.js","JavaScript, MongoDB, Node.js, Python","TypeScript, React, Testing",Reproducible ML pipelines,High,ML Engineer,10,5,1,11,33
288,Computer Engineering,"Git, JavaScript, Web Development","Git, JavaScript, Web Development","FastAPI, Docker, MLflow",Scalable API development,Medium,Frontend Developer,9,10,1,8,16
289,Data Science,"Data Mining, Python, SQL","Data Mining, Python, SQL","Testing, React, TypeScript",Reproducible ML pipelines,Medium,NLP Engineer,7,2,3,1,32
290,Computer Engineering,"Machine Learning, Python, Statistics","Machine Learning, Python, Statistics","TypeScript, Testing, React",Production testing,High,Backend Developer,7,10,7,7,13
291,Cybersecurity,"Algorithms, C++, DSA","Algorithms, C++","Docker, PostgreSQL, Cloud Databases",Infrastructure as Code,Medium,Frontend Developer,0,2,4,2,33
292,Data Science,"Deep Learning, NLP, Python","Cloud Computing, Deep Learning, NLP, Python","Docker, Kubernetes, PyTorch",ML lifecycle management,High,Backend Developer,2,3,6,9,9
293,Cybersecurity,"Git, JavaScript, Web Development","Cloud Computing, Git, JavaScript, Web Development","DVC, MLflow, Kubernetes",Monitoring and observability,Low,Cybersecurity Analyst,6,6,2,1,1
294,Information Technology,"Cloud Computing, Linux, Networking","Cloud Computing, Linux, Networking","React, Next.js, CI/CD",Cloud deployment,High,Cloud Engineer,8,8,1,1,30
295,Computer Engineering,"Algorithms, C++, DSA","Algorithms, C++, DSA, Git","Databricks, Airflow, Spark",Modern frontend development,High,Cybersecurity Analyst,0,8,6,3,30
296,Data Science,"JavaScript, MongoDB, Node.js","JavaScript, MongoDB, Node.js","Docker, PyTorch, Kubernetes",Cloud deployment,High,Cloud Engineer,7,3,1,4,34
297,Data Science,"Machine Learning, Python, Statistics","Cloud Computing, Machine Learning, Python, Statistics","React, TypeScript, Testing",Large-scale data processing,Medium,Backend Developer,5,6,5,1,9
298,Data Science,"DBMS, MySQL, SQL","DBMS, JavaScript, MySQL, SQL","PyTorch, Docker, Kubernetes",Scalable API development,Medium,Data Analyst,2,5,8,8,30
299,Artificial Intelligence,"Machine Learning, Python, Statistics","Cloud Computing, Machine Learning, Python, Statistics","Kubernetes, PyTorch, Docker",Cloud deployment,Low,Cybersecurity Analyst,2,1,3,8,25
300,Artificial Intelligence,"Machine Learning, Python, Statistics","Cloud Computing, Machine Learning, Python, Statistics","AWS, Docker, Terraform",Docker and containerization,Low,Cybersecurity Analyst,9,6,1,1,16
301,Information Technology,"JavaScript, MongoDB, Node.js","Cloud Computing, JavaScript, MongoDB, Node.js","Docker, Spring Boot, AWS",Large-scale data processing,High,Cloud Engineer,10,7,7,0,12
302,Computer Engineering,"Data Mining, Python, SQL","Data Mining, Python, SQL","Kubernetes, MLflow, DVC",Production testing,High,Data Engineer,1,4,6,5,25
303,Data Science,"Deep Learning, NLP, Python","Cloud Computing, Deep Learning, NLP, Python","Testing, TypeScript, React",Cloud security,High,DevOps Engineer,4,3,9,3,29
304,Data Science,"Deep Learning, NLP, Python","Deep Learning, Linux, NLP, Python","Kubernetes, Docker, CI/CD",Cloud security,Medium,DevOps Engineer,8,9,4,11,28
305,Data Science,"Deep Learning, NLP, Python","Deep Learning, NLP, Python","Python, Power BI, Advanced SQL",System design,High,MLOps Engineer,1,4,1,6,14
306,Computer Engineering,"Git, Linux, Shell Scripting","Git, Linux, Shell Scripting","Testing, TypeScript, React",Docker and containerization,Medium,DevOps Engineer,4,1,6,10,21
307,Computer Science,"Cloud Computing, Linux, Networking","Cloud Computing, Linux, Networking, SQL","Databricks, Spark, Airflow",Model deployment,High,Data Analyst,3,3,3,4,13
308,Information Technology,"CSS, HTML, JavaScript","CSS, HTML, JavaScript","CI/CD, Next.js, React",CI/CD automation,High,Backend Developer,8,0,7,5,20
309,Data Science,"Data Mining, Python, SQL","Data Mining, Python, SQL","Airflow, Databricks, Spark",Large-scale data processing,Medium,NLP Engineer,9,2,0,8,27
310,Data Science,"Cloud Computing, Linux, Networking","Cloud Computing, Linux, Networking","CI/CD, Kubernetes, Docker",Cloud deployment,High,MLOps Engineer,0,0,10,3,24
311,Cybersecurity,"Java, OOP, SQL","Java, OOP, SQL","Docker, TypeScript, AWS",Monitoring and observability,Medium,Cloud Engineer,6,3,6,11,23
312,Artificial Intelligence,"Git, JavaScript, Web Development","Git, JavaScript, Python, Web Development","SIEM, Cloud Security, IAM",Production testing,High,Cybersecurity Analyst,8,6,6,3,9
313,Computer Engineering,"Algorithms, C++, DSA","C++, DSA","Python, Advanced SQL, Power BI",Large-scale data processing,High,Cybersecurity Analyst,4,4,8,9,3
314,Data Science,"Java, OOP, SQL","Java, OOP, Python, SQL","Docker, Kubernetes, Jenkins",Cloud deployment,Medium,Cybersecurity Analyst,5,5,8,8,16
315,Artificial Intelligence,"Git, Python, SQL","Cloud Computing, Git, Python, SQL","SIEM, Cloud Security, IAM",Generative AI application development,Low,Cloud Engineer,5,10,8,7,28
316,Computer Science,"Cybersecurity, Linux, Networking","Cloud Computing, Cybersecurity, Linux, Networking","Docker, Kubernetes, PyTorch",Monitoring and observability,High,Cybersecurity Analyst,1,2,5,3,20
317,Artificial Intelligence,"DBMS, MySQL, SQL","DBMS, MySQL, SQL","FastAPI, Docker, MLflow",Data pipeline engineering,Medium,MLOps Engineer,2,2,0,2,15
318,Computer Engineering,"Machine Learning, Python, Statistics","Python, Statistics","Kubernetes, Jenkins, Docker",Reproducible ML pipelines,Low,Backend Developer,6,8,1,1,16
319,Cybersecurity,"Algorithms, C++, DSA","Algorithms, C++, DSA","Docker, Spring Boot, AWS",Cloud security,Medium,Full Stack Developer,8,2,0,0,22
320,Artificial Intelligence,"Git, JavaScript, Web Development","Git, JavaScript, Web Development","Power BI, Advanced SQL, Python",Generative AI application development,Medium,Frontend Developer,8,10,10,8,19
321,Artificial Intelligence,"NumPy, Pandas, Python","Git, NumPy, Pandas, Python","Terraform, AWS, Docker",Infrastructure as Code,Medium,Data Analyst,8,2,5,4,30
322,Cybersecurity,"Git, Python, SQL","Git, Python, SQL","Docker, Jenkins, Kubernetes",Modern frontend development,Medium,Software Engineer,8,5,3,6,35
323,Data Science,"Cybersecurity, Linux, Networking","Cloud Computing, Cybersecurity, Linux, Networking","React, TypeScript, Testing",Advanced SQL,High,Full Stack Developer,8,9,10,4,18
324,Computer Engineering,"Git, Linux, Shell Scripting","Git, Linux, Shell Scripting","Terraform, AWS, Docker",Infrastructure as Code,High,Frontend Developer,9,7,4,11,31
325,Information Technology,"JavaScript, MongoDB, Node.js","JavaScript, MongoDB, Node.js","Docker, CI/CD, Kubernetes",Docker and containerization,Low,MLOps Engineer,0,7,3,5,26
326,Artificial Intelligence,"Machine Learning, Python, Statistics","Machine Learning, Python, SQL, Statistics","MLflow, Kubernetes, DVC",CI/CD automation,High,Data Engineer,6,1,8,7,11
327,Information Technology,"Data Mining, Python, SQL","Data Mining, Linux, Python, SQL","Next.js, CI/CD, React",Production testing,Low,NLP Engineer,0,3,7,11,6
328,Cybersecurity,"DBMS, MySQL, SQL","Cloud Computing, DBMS, MySQL, SQL","Testing, React, TypeScript",Kubernetes and orchestration,High,Frontend Developer,7,10,4,3,23
329,Computer Science,"Git, JavaScript, Web Development","Git, Web Development","Cloud Databases, PostgreSQL, Docker",Cloud deployment,Low,Data Analyst,0,9,7,11,9
330,Artificial Intelligence,"Machine Learning, Python, Statistics","Linux, Machine Learning, Python","AWS, Spring Boot, Docker",Infrastructure as Code,Low,Cybersecurity Analyst,7,3,5,8,22
331,Data Science,"Git, Linux, Shell Scripting","Git, Linux, Shell Scripting","Testing, TypeScript, React",Reproducible ML pipelines,Low,Software Engineer,8,7,3,9,11
332,Cybersecurity,"JavaScript, MongoDB, Node.js","JavaScript, MongoDB, Node.js","TypeScript, AWS, Docker",Model deployment,High,DevOps Engineer,4,4,8,5,29
333,Computer Science,"Machine Learning, Python, Statistics","Machine Learning, Python, Statistics","Docker, PostgreSQL, Cloud Databases",Monitoring and observability,High,Full Stack Developer,3,8,10,7,35
334,Information Technology,"Deep Learning, NLP, Python","Cloud Computing, Deep Learning, NLP, Python","MLflow, FastAPI, Docker",CI/CD automation,Low,Cybersecurity Analyst,0,3,1,7,12
335,Computer Science,"Git, Python, SQL","Git, Linux, Python, SQL","PyTorch, Docker, Kubernetes",Advanced SQL,Medium,AI Engineer,9,1,0,3,31
336,Computer Science,"NumPy, Pandas, Python","NumPy, Pandas, Python, SQL","Kubernetes, MLflow, DVC",Data pipeline engineering,High,ML Engineer,8,0,1,4,4
337,Information Technology,"Cloud Computing, Linux, Networking","Cloud Computing, Linux, Networking, Python","AWS, Spring Boot, Docker",Production testing,Low,DevOps Engineer,1,10,9,5,29
338,Computer Engineering,"DBMS, MySQL, SQL","DBMS, SQL","IAM, Cloud Security, SIEM",Model deployment,Medium,Cybersecurity Analyst,5,8,5,5,26
339,Computer Engineering,"Cybersecurity, Linux, Networking","Cybersecurity, Linux, Networking","CI/CD, Next.js, React",Scalable API development,Medium,Full Stack Developer,7,7,6,0,2
340,Artificial Intelligence,"Deep Learning, NLP, Python","Deep Learning, Python, SQL","CI/CD, Docker, Kubernetes",Advanced SQL,Low,AI Engineer,0,7,5,2,8
341,Artificial Intelligence,"JavaScript, MongoDB, Node.js","JavaScript, MongoDB, Node.js, Python","Databricks, Spark, Airflow",Scalable API development,Medium,Cloud Engineer,5,7,2,7,36
342,Computer Science,"Deep Learning, NLP, Python","Cloud Computing, Deep Learning, NLP, Python","Cloud Databases, Docker, PostgreSQL",Kubernetes and orchestration,Medium,NLP Engineer,6,1,3,11,0
343,Computer Engineering,"Machine Learning, Python, Statistics","Machine Learning, Python, SQL, Statistics","Cloud Databases, PostgreSQL, Docker",Infrastructure as Code,Medium,Cloud Engineer,0,10,6,7,36
344,Cybersecurity,"Java, OOP, SQL","Java, OOP, SQL","TypeScript, Testing, React",Generative AI application development,Medium,Software Engineer,6,8,6,12,8
345,Information Technology,"NumPy, Pandas, Python","Linux, NumPy, Pandas, Python","AWS, Docker, Terraform",Large-scale data processing,Low,Cloud Engineer,4,6,5,10,36
346,Computer Science,"Java, OOP, SQL","Java, OOP, SQL","Cloud Databases, PostgreSQL, Docker",Docker and containerization,Medium,Cloud Engineer,9,7,9,2,28
347,Computer Science,"Data Mining, Python, SQL","Cloud Computing, Data Mining, Python, SQL","CI/CD, React, Next.js",Cloud deployment,High,Backend Developer,9,2,4,0,21
348,Computer Engineering,"Machine Learning, Python, Statistics","Machine Learning, Python, Statistics","AWS, Docker, Spring Boot",Advanced SQL,Medium,DevOps Engineer,10,0,6,9,33
349,Computer Science,"Machine Learning, Python, Statistics","Machine Learning, Python, Statistics","Git, System Design, Testing",System design,Medium,Software Engineer,6,10,4,10,23
350,Computer Science,"Git, Python, SQL","Git, Python, SQL","FastAPI, MLflow, Docker",Large-scale data processing,Medium,ML Engineer,7,9,8,1,11
351,Information Technology,"Cloud Computing, Linux, Networking","Cloud Computing, Linux, Networking","Power BI, Advanced SQL, Python",Model deployment,Medium,ML Engineer,5,10,4,3,32
352,Artificial Intelligence,"Machine Learning, Python, Statistics","Linux, Machine Learning, Python, Statistics","Kubernetes, Docker, CI/CD",Generative AI application development,High,Software Engineer,5,6,10,2,5
353,Computer Engineering,"Cybersecurity, Linux, Networking","Cybersecurity, Linux, Networking","AWS, Docker, Terraform",Modern frontend development,Medium,Full Stack Developer,4,9,5,7,34
354,Information Technology,"CSS, HTML, JavaScript","CSS, HTML, JavaScript","Docker, PostgreSQL, Cloud Databases",Cloud security,Medium,Frontend Developer,2,10,9,2,20
355,Computer Science,"Cloud Computing, Linux, Networking","Cloud Computing, Linux","Terraform, Docker, AWS",Monitoring and observability,High,NLP Engineer,7,10,4,2,12
356,Computer Science,"Algorithms, C++, DSA","Algorithms, C++, DSA, JavaScript","Git, System Design, Testing",Production testing,Medium,Cloud Engineer,10,0,5,1,30
357,Information Technology,"Cloud Computing, Linux, Networking","Cloud Computing, Linux, Networking","Next.js, React, CI/CD",Reproducible ML pipelines,Low,ML Engineer,3,3,0,6,0
358,Artificial Intelligence,"Cybersecurity, Linux, Networking","Cybersecurity, Linux, Networking","TypeScript, Testing, React",Model deployment,High,Backend Developer,7,3,6,6,2
359,Cybersecurity,"Git, Linux, Shell Scripting","Git, Linux, SQL, Shell Scripting","CI/CD, React, Next.js",Generative AI application development,High,Cloud Engineer,7,7,0,3,33
360,Cybersecurity,"Cybersecurity, Linux, Networking","Cybersecurity, Linux, Networking","Docker, Kubernetes, Jenkins",ML lifecycle management,Medium,Software Engineer,4,4,7,2,27
361,Artificial Intelligence,"Deep Learning, NLP, Python","Deep Learning, JavaScript, NLP, Python","Spark, Databricks, Airflow",System design,Medium,Cybersecurity Analyst,9,8,2,6,26
362,Artificial Intelligence,"NumPy, Pandas, Python","JavaScript, NumPy, Pandas, Python","Kubernetes, CI/CD, Docker",CI/CD automation,High,MLOps Engineer,1,1,1,11,28
363,Computer Engineering,"JavaScript, MongoDB, Node.js","JavaScript, Linux, MongoDB, Node.js","Docker, AWS, Spring Boot",Model deployment,High,Cloud Engineer,2,5,9,10,9
364,Information Technology,"Git, JavaScript, Web Development","Cloud Computing, Git, JavaScript","System Design, Git, Testing",Cloud deployment,Medium,Frontend Developer,9,4,0,7,31
365,Data Science,"Cloud Computing, Linux, Networking","Linux, Networking","MLflow, DVC, Kubernetes",Docker and containerization,Medium,Cloud Engineer,0,2,2,0,22
366,Computer Science,"Algorithms, C++, DSA","Algorithms, C++, DSA, JavaScript","React, Next.js, CI/CD",Kubernetes and orchestration,Medium,Backend Developer,2,10,4,9,36
367,Cybersecurity,"Algorithms, C++, DSA","Algorithms, C++, DSA","Advanced SQL, Python, Power BI",Cloud security,Low,NLP Engineer,1,6,8,1,18
368,Data Science,"Algorithms, C++, DSA","Algorithms, C++, DSA","AWS, Spring Boot, Docker",ML lifecycle management,Medium,DevOps Engineer,1,9,10,8,5
369,Data Science,"Git, Linux, Shell Scripting","Cloud Computing, Git, Linux, Shell Scripting","Kubernetes, Docker, Jenkins",Advanced SQL,Medium,Data Engineer,9,9,7,8,31
370,Data Science,"Machine Learning, Python, Statistics","Machine Learning, Statistics","Git, System Design, Testing",System design,Low,Software Engineer,9,6,6,0,21
371,Artificial Intelligence,"Cloud Computing, Linux, Networking","Cloud Computing, Git, Linux, Networking","DVC, Kubernetes, MLflow",CI/CD automation,High,Data Analyst,0,1,10,5,21
372,Data Science,"Git, Linux, Shell Scripting","Git, Linux, Shell Scripting","Docker, PyTorch, Kubernetes",Reproducible ML pipelines,Low,Data Engineer,7,2,10,7,34
373,Artificial Intelligence,"NumPy, Pandas, Python","NumPy, Pandas, Python","Kubernetes, DVC, MLflow",Cloud security,Low,DevOps Engineer,3,9,10,5,22
374,Computer Science,"Algorithms, C++, DSA","Algorithms, C++, DSA","FastAPI, Docker, MLflow",Model deployment,Medium,DevOps Engineer,9,1,4,11,20
375,Computer Engineering,"Git, Python, SQL","Git, Linux, Python, SQL","FastAPI, Docker, MLflow",ML lifecycle management,Medium,Data Analyst,1,5,0,12,12
376,Computer Science,"NumPy, Pandas, Python","Linux, NumPy, Pandas, Python","Docker, Terraform, AWS",Reproducible ML pipelines,Low,Data Engineer,2,1,8,10,8
377,Information Technology,"Git, Linux, Shell Scripting","Cloud Computing, Git, Linux, Shell Scripting","CI/CD, Docker, Kubernetes",Kubernetes and orchestration,Low,Data Analyst,7,0,1,8,19
378,Computer Science,"Deep Learning, NLP, Python","Deep Learning, NLP, Python","DVC, Kubernetes, MLflow",Generative AI application development,Low,Data Analyst,4,2,2,4,7
379,Computer Science,"Deep Learning, NLP, Python","Deep Learning, NLP, Python","Docker, Terraform, AWS",Infrastructure as Code,Medium,Data Analyst,2,1,4,9,21
380,Cybersecurity,"NumPy, Pandas, Python","Linux, NumPy, Pandas, Python","Docker, Kubernetes, CI/CD",Kubernetes and orchestration,Low,ML Engineer,2,9,9,10,28
381,Cybersecurity,"JavaScript, MongoDB, Node.js","JavaScript, MongoDB, Node.js, Python","Docker, MLflow, FastAPI",CI/CD automation,High,DevOps Engineer,7,1,7,4,29
382,Data Science,"CSS, HTML, JavaScript","CSS, HTML, JavaScript","TypeScript, Testing, React",Monitoring and observability,Medium,Frontend Developer,0,1,7,1,22
383,Data Science,"NumPy, Pandas, Python","NumPy, Pandas, Python, SQL","CI/CD, React, Next.js",Scalable API development,Low,Backend Developer,8,10,1,12,19
384,Cybersecurity,"NumPy, Pandas, Python","NumPy, Pandas, Python","SIEM, Cloud Security, IAM",Scalable API development,Medium,MLOps Engineer,9,6,6,9,21
385,Cybersecurity,"Git, Linux, Shell Scripting","Cloud Computing, Git, Linux","React, TypeScript, Testing",System design,Medium,Backend Developer,1,9,1,10,24
386,Artificial Intelligence,"NumPy, Pandas, Python","NumPy, Python","Cloud Databases, Docker, PostgreSQL",Infrastructure as Code,High,Cybersecurity Analyst,9,9,7,3,13
387,Computer Engineering,"Data Mining, Python, SQL","Cloud Computing, Data Mining, Python, SQL","TypeScript, AWS, Docker",Data pipeline engineering,High,ML Engineer,2,4,0,5,35
388,Computer Science,"Git, Python, SQL","Git, Python, SQL","Kubernetes, Docker, Jenkins",Scalable API development,Medium,Cloud Engineer,6,6,6,8,13
389,Computer Engineering,"Algorithms, C++, DSA","Algorithms, C++, DSA, JavaScript","Advanced SQL, Power BI, Python",Infrastructure as Code,High,ML Engineer,0,1,10,0,9
390,Computer Engineering,"Data Mining, Python, SQL","Data Mining, Python, SQL","Advanced SQL, Python, Power BI",Modern frontend development,Low,Frontend Developer,7,8,6,8,28
391,Data Science,"JavaScript, MongoDB, Node.js","JavaScript, MongoDB","Testing, TypeScript, React",Modern frontend development,High,Data Analyst,0,9,7,11,23
392,Computer Science,"Deep Learning, NLP, Python","Deep Learning, NLP","Python, Power BI, Advanced SQL",Large-scale data processing,Medium,Backend Developer,7,10,10,10,4
393,Computer Engineering,"DBMS, MySQL, SQL","DBMS, MySQL, SQL","AWS, Terraform, Docker",Generative AI application development,Low,Data Engineer,8,7,9,11,21
394,Data Science,"JavaScript, MongoDB, Node.js","MongoDB, Node.js, Python","Kubernetes, MLflow, DVC",Model deployment,Low,MLOps Engineer,9,0,4,7,5
395,Information Technology,"Cloud Computing, Linux, Networking","Cloud Computing, Linux, Networking","Docker, Spring Boot, AWS",Advanced SQL,Low,Data Analyst,9,2,9,11,9
396,Computer Engineering,"NumPy, Pandas, Python","NumPy, Pandas, Python","AWS, TypeScript, Docker",Model deployment,High,MLOps Engineer,1,2,9,2,31
397,Data Science,"Machine Learning, Python, Statistics","Linux, Machine Learning, Python, Statistics","SIEM, Cloud Security, IAM",Data pipeline engineering,Low,Cloud Engineer,0,2,7,6,30
398,Artificial Intelligence,"NumPy, Pandas, Python","NumPy, Pandas, Python","Docker, Kubernetes, Jenkins",Scalable API development,Medium,Cybersecurity Analyst,8,6,0,4,28
399,Data Science,"DBMS, MySQL, SQL","DBMS, MySQL, SQL","Docker, AWS, TypeScript",Data pipeline engineering,Low,DevOps Engineer,4,4,1,4,25
400,Data Science,"Machine Learning, Python, Statistics","Machine Learning, Python, Statistics","Cloud Databases, PostgreSQL, Docker",Large-scale data processing,Medium,Full Stack Developer,8,0,10,0,4
401,Computer Science,"Cybersecurity, Linux, Networking","Cloud Computing, Cybersecurity, Linux, Networking","Spring Boot, AWS, Docker",Advanced SQL,Medium,Data Analyst,9,1,0,9,13
402,Cybersecurity,"DBMS, MySQL, SQL","DBMS, MySQL","Spring Boot, AWS, Docker",Model deployment,Medium,NLP Engineer,4,7,10,1,29
403,Artificial Intelligence,"Machine Learning, Python, Statistics","Machine Learning, Python, Statistics","SIEM, Cloud Security, IAM",Model deployment,High,Data Analyst,6,6,5,0,16
404,Artificial Intelligence,"Algorithms, C++, DSA","Algorithms, C++, DSA, Python","Power BI, Advanced SQL, Python",Cloud deployment,Low,MLOps Engineer,9,10,1,7,16
405,Computer Science,"Git, Python, SQL","Cloud Computing, Git, Python, SQL","AWS, Spring Boot, Docker",Infrastructure as Code,Medium,MLOps Engineer,10,6,4,2,21
406,Data Science,"Deep Learning, NLP, Python","Deep Learning, Linux, NLP, Python","CI/CD, Docker, Kubernetes",CI/CD automation,Medium,AI Engineer,6,7,1,9,34
407,Artificial Intelligence,"JavaScript, MongoDB, Node.js","Git, JavaScript, MongoDB, Node.js","Docker, Cloud Databases, PostgreSQL",Data pipeline engineering,High,Backend Developer,7,4,10,3,11
408,Cybersecurity,"Git, Python, SQL","Git, Python, SQL","Cloud Security, SIEM, IAM",Data pipeline engineering,Medium,Backend Developer,3,2,0,3,1
409,Computer Engineering,"Deep Learning, NLP, Python","Deep Learning, Git, NLP, Python","TypeScript, React, Testing",Generative AI application development,Medium,MLOps Engineer,5,0,5,12,2
410,Data Science,"Java, OOP, SQL","Java, OOP, SQL","React, Testing, TypeScript",Generative AI application development,Medium,Cybersecurity Analyst,0,2,7,10,1
411,Data Science,"Data Mining, Python, SQL","Data Mining, Python, SQL","Airflow, Spark, Databricks",Kubernetes and orchestration,Low,Frontend Developer,9,2,9,1,6
412,Computer Science,"NumPy, Pandas, Python","Pandas, Python","Docker, PyTorch, Kubernetes",Scalable API development,Medium,AI Engineer,5,3,0,9,11
413,Artificial Intelligence,"Java, OOP, SQL","Java, Linux, SQL","Spring Boot, AWS, Docker",Kubernetes and orchestration,Medium,Cloud Engineer,2,0,7,1,0
414,Computer Science,"Algorithms, C++, DSA","Algorithms, C++, Cloud Computing, DSA","Databricks, Spark, Airflow",Reproducible ML pipelines,Medium,AI Engineer,2,10,4,8,28
415,Data Science,"CSS, HTML, JavaScript","CSS, Git, HTML, JavaScript","Git, Testing, System Design",CI/CD automation,High,Cloud Engineer,6,0,8,3,12
416,Computer Science,"Cloud Computing, Linux, Networking","Cloud Computing, JavaScript, Linux, Networking","Docker, Spring Boot, AWS",ML lifecycle management,Medium,Cybersecurity Analyst,1,2,10,7,31
417,Information Technology,"Algorithms, C++, DSA","Algorithms, DSA","Docker, Cloud Databases, PostgreSQL",Monitoring and observability,Medium,Data Analyst,1,0,8,2,10
418,Computer Science,"NumPy, Pandas, Python","NumPy, Pandas, Python","AWS, Terraform, Docker",Modern frontend development,Medium,Data Engineer,1,5,3,1,15
419,Computer Engineering,"Cybersecurity, Linux, Networking","Linux, Networking, Python","React, Next.js, CI/CD",System design,Low,Cloud Engineer,2,7,3,10,22
420,Artificial Intelligence,"CSS, HTML, JavaScript","CSS, Cloud Computing, HTML, JavaScript","Docker, AWS, TypeScript",System design,Medium,Backend Developer,5,3,4,9,10
421,Computer Engineering,"Deep Learning, NLP, Python","Deep Learning, JavaScript, NLP, Python","Spark, Airflow, Databricks",Reproducible ML pipelines,Low,DevOps Engineer,4,0,6,11,15
422,Information Technology,"JavaScript, MongoDB, Node.js","JavaScript, MongoDB, Node.js","SIEM, IAM, Cloud Security",Modern frontend development,High,Software Engineer,8,0,6,8,25
423,Data Science,"Machine Learning, Python, Statistics","Machine Learning, Statistics","Kubernetes, DVC, MLflow",Docker and containerization,Low,NLP Engineer,2,5,4,3,5
424,Computer Science,"NumPy, Pandas, Python","Cloud Computing, NumPy, Pandas, Python","Cloud Databases, Docker, PostgreSQL",Docker and containerization,Medium,Cloud Engineer,6,2,5,10,29
425,Computer Engineering,"DBMS, MySQL, SQL","MySQL, SQL","Kubernetes, Docker, CI/CD",Modern frontend development,Medium,Data Analyst,9,5,0,8,23
426,Computer Science,"Java, OOP, SQL","Java, JavaScript, SQL","SIEM, Cloud Security, IAM",ML lifecycle management,Medium,NLP Engineer,8,1,10,7,13
427,Computer Engineering,"Machine Learning, Python, Statistics","Machine Learning, Python, SQL, Statistics","TypeScript, Testing, React",CI/CD automation,Medium,Software Engineer,7,8,8,1,30
428,Computer Engineering,"Cloud Computing, Linux, Networking","Cloud Computing, Linux, Networking","PostgreSQL, Cloud Databases, Docker",CI/CD automation,Medium,Data Engineer,1,6,2,4,4
429,Computer Science,"Algorithms, C++, DSA","Algorithms, C++, DSA, Python","Docker, FastAPI, MLflow",Docker and containerization,High,DevOps Engineer,7,5,6,7,1
430,Artificial Intelligence,"CSS, HTML, JavaScript","CSS, HTML, JavaScript, Python","AWS, Docker, Spring Boot",Modern frontend development,Medium,Data Engineer,7,9,10,11,33
431,Cybersecurity,"NumPy, Pandas, Python","NumPy, Pandas, Python","Power BI, Advanced SQL, Python",Advanced SQL,Medium,NLP Engineer,4,0,2,5,18
432,Data Science,"Algorithms, C++, DSA","Algorithms, C++, DSA","PyTorch, Kubernetes, Docker",Infrastructure as Code,Medium,Frontend Developer,0,5,9,2,28
433,Artificial Intelligence,"JavaScript, MongoDB, Node.js","JavaScript, MongoDB, Node.js","Git, Testing, System Design",Model deployment,Medium,DevOps Engineer,0,6,7,12,9
434,Data Science,"Data Mining, Python, SQL","Cloud Computing, Data Mining, Python, SQL","Docker, AWS, TypeScript",Cloud security,Medium,Cybersecurity Analyst,9,7,5,11,7
435,Computer Engineering,"NumPy, Pandas, Python","Cloud Computing, NumPy, Pandas, Python","Airflow, Databricks, Spark",Production testing,Medium,ML Engineer,5,0,9,10,12
436,Cybersecurity,"Cloud Computing, Linux, Networking","Cloud Computing, Linux, Networking","TypeScript, React, Testing",Generative AI application development,Low,Backend Developer,3,7,5,9,32
437,Computer Science,"Data Mining, Python, SQL","Data Mining, Python, SQL","PostgreSQL, Cloud Databases, Docker",Data pipeline engineering,Medium,ML Engineer,5,4,7,8,5
438,Information Technology,"Git, Linux, Shell Scripting","Git, Linux, Shell Scripting","Databricks, Airflow, Spark",Modern frontend development,Medium,NLP Engineer,9,9,1,2,13
439,Artificial Intelligence,"NumPy, Pandas, Python","NumPy, Python, SQL","React, Next.js, CI/CD",Modern frontend development,Medium,Data Analyst,3,2,6,4,35
440,Data Science,"Git, Python, SQL","Git, Python, SQL","React, CI/CD, Next.js",System design,Medium,DevOps Engineer,2,4,4,10,30
441,Computer Science,"DBMS, MySQL, SQL","DBMS, MySQL, SQL","PostgreSQL, Docker, Cloud Databases",Production testing,Medium,AI Engineer,7,1,9,11,23
442,Cybersecurity,"NumPy, Pandas, Python","NumPy, Pandas, Python, SQL","Docker, PyTorch, Kubernetes",Cloud deployment,Medium,AI Engineer,2,9,0,2,20
443,Data Science,"Data Mining, Python, SQL","Python, SQL","Kubernetes, Jenkins, Docker",Large-scale data processing,Low,Data Analyst,10,2,1,9,10
444,Cybersecurity,"JavaScript, MongoDB, Node.js","Cloud Computing, JavaScript, MongoDB, Node.js","React, Next.js, CI/CD",Data pipeline engineering,Medium,AI Engineer,0,2,8,4,23
445,Data Science,"Cybersecurity, Linux, Networking","Cybersecurity, Networking","AWS, TypeScript, Docker",Generative AI application development,Medium,Full Stack Developer,7,1,1,2,1
446,Data Science,"JavaScript, MongoDB, Node.js","MongoDB, Node.js","FastAPI, MLflow, Docker",Docker and containerization,Low,Data Analyst,2,2,3,4,8
447,Information Technology,"Algorithms, C++, DSA","C++, DSA, Git","AWS, Spring Boot, Docker",Large-scale data processing,Low,Software Engineer,1,4,0,1,19
448,Computer Engineering,"Git, Python, SQL","Git, Python, SQL","Kubernetes, DVC, MLflow",Model deployment,Medium,Full Stack Developer,1,2,4,9,22
449,Artificial Intelligence,"Algorithms, C++, DSA","Algorithms, C++, Cloud Computing, DSA","CI/CD, React, Next.js",Cloud deployment,Medium,Backend Developer,3,4,2,12,34
450,Computer Science,"Git, Linux, Shell Scripting","Git, Linux, Shell Scripting","AWS, Spring Boot, Docker",Data pipeline engineering,High,MLOps Engineer,10,1,2,5,24
451,Data Science,"CSS, HTML, JavaScript","CSS, Git, HTML, JavaScript","Docker, AWS, Terraform",Cloud deployment,Medium,MLOps Engineer,5,4,8,11,2
452,Computer Science,"JavaScript, MongoDB, Node.js","JavaScript, MongoDB, Node.js, SQL","Power BI, Advanced SQL, Python",System design,High,Cybersecurity Analyst,6,3,1,12,30
453,Computer Engineering,"JavaScript, MongoDB, Node.js","Cloud Computing, JavaScript, MongoDB, Node.js","Git, System Design, Testing",Large-scale data processing,Low,MLOps Engineer,2,6,6,11,6
454,Computer Engineering,"Data Mining, Python, SQL","Data Mining, Python","Spark, Airflow, Databricks",Cloud deployment,Medium,ML Engineer,4,9,9,4,25
455,Artificial Intelligence,"NumPy, Pandas, Python","Linux, NumPy, Pandas, Python","PostgreSQL, Docker, Cloud Databases",System design,Medium,Frontend Developer,7,7,3,10,8
456,Computer Science,"Java, OOP, SQL","Git, Java, OOP, SQL","Kubernetes, Docker, Jenkins",Scalable API development,Low,Frontend Developer,4,9,9,1,4
457,Computer Engineering,"Machine Learning, Python, Statistics","Machine Learning, Python, Statistics","Terraform, Docker, AWS",Reproducible ML pipelines,Medium,Cybersecurity Analyst,8,8,0,12,2
458,Data Science,"Data Mining, Python, SQL","Data Mining, Linux, Python, SQL","Spark, Databricks, Airflow",Kubernetes and orchestration,Medium,MLOps Engineer,2,7,6,2,19
459,Computer Engineering,"Cybersecurity, Linux, Networking","Cybersecurity, Linux, Networking","Python, Advanced SQL, Power BI",Generative AI application development,Medium,DevOps Engineer,8,2,8,0,25
460,Artificial Intelligence,"NumPy, Pandas, Python","NumPy, Pandas, Python","PyTorch, Kubernetes, Docker",Monitoring and observability,Medium,Data Analyst,2,5,5,12,1
461,Computer Engineering,"JavaScript, MongoDB, Node.js","JavaScript, MongoDB, Node.js, SQL","SIEM, IAM, Cloud Security",Production testing,Medium,Software Engineer,9,1,1,4,7
462,Artificial Intelligence,"Algorithms, C++, DSA","Algorithms, C++, DSA, Git","Kubernetes, CI/CD, Docker",Large-scale data processing,High,Cloud Engineer,7,9,0,5,24
463,Cybersecurity,"Cybersecurity, Linux, Networking","Cybersecurity, Linux","TypeScript, Docker, AWS",Monitoring and observability,Medium,NLP Engineer,6,3,7,10,4
464,Cybersecurity,"CSS, HTML, JavaScript","CSS, HTML, JavaScript, SQL","FastAPI, MLflow, Docker",CI/CD automation,Medium,Full Stack Developer,4,1,9,12,33
465,Data Science,"Cybersecurity, Linux, Networking","Cybersecurity, Git, Linux, Networking","TypeScript, Testing, React",Cloud security,Medium,NLP Engineer,6,6,4,9,32
466,Data Science,"DBMS, MySQL, SQL","DBMS, Git, MySQL, SQL","MLflow, DVC, Kubernetes",Reproducible ML pipelines,Medium,Frontend Developer,10,8,9,12,27
467,Cybersecurity,"Git, Linux, Shell Scripting","Git, Linux, Python, Shell Scripting","Cloud Databases, Docker, PostgreSQL",Cloud security,Low,Frontend Developer,1,10,3,6,17
468,Artificial Intelligence,"DBMS, MySQL, SQL","DBMS, MySQL, SQL","Testing, Git, System Design",Cloud security,Low,Full Stack Developer,6,10,0,3,10
469,Artificial Intelligence,"Algorithms, C++, DSA","Algorithms, C++, DSA, SQL","Docker, CI/CD, Kubernetes",Reproducible ML pipelines,Low,Software Engineer,5,9,4,1,26
470,Artificial Intelligence,"DBMS, MySQL, SQL","DBMS, MySQL, SQL","PostgreSQL, Docker, Cloud Databases",Production testing,High,Frontend Developer,7,1,3,9,7
471,Artificial Intelligence,"JavaScript, MongoDB, Node.js","JavaScript, Linux, MongoDB, Node.js","React, CI/CD, Next.js",ML lifecycle management,High,ML Engineer,3,4,7,6,16
472,Cybersecurity,"Git, Python, SQL","Cloud Computing, Git, Python, SQL","Python, Power BI, Advanced SQL",Reproducible ML pipelines,Medium,ML Engineer,2,5,7,11,23
473,Artificial Intelligence,"Git, Python, SQL","Git, Python, SQL","Docker, PostgreSQL, Cloud Databases",Kubernetes and orchestration,High,Cybersecurity Analyst,8,6,4,10,23
474,Computer Engineering,"Java, OOP, SQL","Java, OOP, SQL","Terraform, AWS, Docker",Advanced SQL,Medium,ML Engineer,4,3,2,7,20
475,Computer Engineering,"Cybersecurity, Linux, Networking","Cybersecurity, Git, Linux, Networking","DVC, Kubernetes, MLflow",Modern frontend development,High,MLOps Engineer,2,4,8,1,22
476,Data Science,"Deep Learning, NLP, Python","Deep Learning, NLP, Python","Kubernetes, Jenkins, Docker",Kubernetes and orchestration,Medium,Software Engineer,10,2,0,6,12
477,Computer Engineering,"Machine Learning, Python, Statistics","Git, Machine Learning, Statistics","Docker, TypeScript, AWS",System design,High,Data Engineer,2,10,9,5,18
478,Information Technology,"Java, OOP, SQL","Java, Linux, OOP, SQL","SIEM, IAM, Cloud Security",Production testing,High,Cloud Engineer,1,7,3,4,10
479,Computer Science,"Cybersecurity, Linux, Networking","Cybersecurity, Networking, SQL","Docker, Kubernetes, PyTorch",Modern frontend development,Low,DevOps Engineer,3,3,3,12,17
480,Artificial Intelligence,"Git, Linux, Shell Scripting","Git, Linux, Shell Scripting","Advanced SQL, Power BI, Python",ML lifecycle management,Medium,Data Analyst,2,0,4,4,15
481,Cybersecurity,"NumPy, Pandas, Python","JavaScript, NumPy, Pandas, Python","Spark, Airflow, Databricks",Reproducible ML pipelines,Medium,Software Engineer,10,3,6,11,27
482,Computer Engineering,"Deep Learning, NLP, Python","Deep Learning, NLP, Python","MLflow, Docker, FastAPI",Kubernetes and orchestration,High,Cloud Engineer,4,6,10,5,8
483,Cybersecurity,"Git, Python, SQL","Git, Python, SQL","PyTorch, Docker, Kubernetes",Infrastructure as Code,High,MLOps Engineer,2,4,1,5,2
484,Information Technology,"NumPy, Pandas, Python","NumPy, Pandas, Python","Next.js, CI/CD, React",Cloud security,Medium,ML Engineer,6,2,5,11,31
485,Information Technology,"Cloud Computing, Linux, Networking","Cloud Computing, Linux, Networking","React, CI/CD, Next.js",Infrastructure as Code,Medium,Full Stack Developer,0,7,4,2,29
486,Data Science,"Java, OOP, SQL","OOP, SQL","Spark, Airflow, Databricks",Infrastructure as Code,Medium,Backend Developer,3,4,2,2,32
487,Artificial Intelligence,"Deep Learning, NLP, Python","NLP, Python","Airflow, Spark, Databricks",Production testing,Medium,Backend Developer,0,4,10,10,7
488,Data Science,"JavaScript, MongoDB, Node.js","JavaScript, Node.js","Docker, Kubernetes, PyTorch",Reproducible ML pipelines,Low,MLOps Engineer,5,0,10,9,28
489,Artificial Intelligence,"Git, Linux, Shell Scripting","Git, Linux, Shell Scripting","Docker, Jenkins, Kubernetes",Cloud security,Low,Software Engineer,8,9,6,1,25
490,Artificial Intelligence,"Algorithms, C++, DSA","Algorithms, C++, DSA","TypeScript, Testing, React",Model deployment,Low,Full Stack Developer,10,10,2,1,19
491,Data Science,"Machine Learning, Python, Statistics","Machine Learning, Python, Statistics","Cloud Security, SIEM, IAM",Infrastructure as Code,High,Cloud Engineer,8,3,7,7,24
492,Data Science,"Machine Learning, Python, Statistics","Git, Machine Learning, Python, Statistics","Docker, Kubernetes, PyTorch",Model deployment,High,Cloud Engineer,0,8,5,7,14
493,Computer Engineering,"DBMS, MySQL, SQL","DBMS, Linux, MySQL, SQL","Docker, Kubernetes, Jenkins",Cloud security,Medium,Backend Developer,7,4,2,2,19
494,Information Technology,"Cloud Computing, Linux, Networking","Cloud Computing, Git, Linux, Networking","IAM, Cloud Security, SIEM",Cloud deployment,High,DevOps Engineer,1,7,10,11,36
495,Artificial Intelligence,"JavaScript, MongoDB, Node.js","JavaScript, MongoDB","Docker, FastAPI, MLflow",CI/CD automation,High,Software Engineer,9,7,10,7,16
496,Artificial Intelligence,"Data Mining, Python, SQL","Data Mining, Python","CI/CD, React, Next.js",Modern frontend development,High,Backend Developer,6,1,0,2,30
497,Data Science,"Git, Linux, Shell Scripting","Git, Linux, Shell Scripting","IAM, Cloud Security, SIEM",Cloud security,Medium,MLOps Engineer,4,1,2,2,0
498,Information Technology,"Java, OOP, SQL","Java, OOP, Python, SQL","CI/CD, React, Next.js",Infrastructure as Code,Medium,Cybersecurity Analyst,10,8,3,1,19
499,Data Science,"Algorithms, C++, DSA","Algorithms, DSA, Git","Advanced SQL, Power BI, Python",Docker and containerization,High,MLOps Engineer,4,9,6,0,21
500,Computer Science,"Java, OOP, SQL","Java, OOP, SQL","Cloud Databases, PostgreSQL, Docker",Generative AI application development,Medium,MLOps Engineer,6,7,8,9,31
501,Information Technology,"Git, Linux, Shell Scripting","Git, Linux, Shell Scripting","Kubernetes, Docker, CI/CD",Modern frontend development,Medium,Data Analyst,9,10,5,7,27
502,Computer Science,"Algorithms, C++, DSA","Algorithms, C++, DSA","FastAPI, Docker, MLflow",Production testing,Medium,DevOps Engineer,2,4,6,6,23
503,Data Science,"Machine Learning, Python, Statistics","Machine Learning, Python, Statistics","React, CI/CD, Next.js",Reproducible ML pipelines,High,Cybersecurity Analyst,2,9,7,1,26
504,Data Science,"Machine Learning, Python, Statistics","Git, Machine Learning, Python, Statistics","Testing, React, TypeScript",Data pipeline engineering,Medium,Data Analyst,8,0,1,5,27
505,Computer Science,"Deep Learning, NLP, Python","Deep Learning, NLP, Python","React, TypeScript, Testing",Data pipeline engineering,High,NLP Engineer,8,9,10,1,3
506,Data Science,"Machine Learning, Python, Statistics","Machine Learning, Python, Statistics","Python, Power BI, Advanced SQL",Cloud deployment,High,NLP Engineer,2,10,1,3,23
507,Information Technology,"Git, Linux, Shell Scripting","Git, Linux, Shell Scripting","FastAPI, Docker, MLflow",Infrastructure as Code,Medium,Backend Developer,2,1,3,7,26
508,Computer Science,"CSS, HTML, JavaScript","CSS, HTML, JavaScript","Next.js, CI/CD, React",Advanced SQL,Medium,Backend Developer,10,10,3,2,33
509,Data Science,"Machine Learning, Python, Statistics","Linux, Machine Learning, Python, Statistics","Testing, TypeScript, React",Large-scale data processing,Medium,MLOps Engineer,7,2,0,11,33
510,Computer Science,"Java, OOP, SQL","Java, OOP, Python, SQL","AWS, TypeScript, Docker",Infrastructure as Code,Medium,Software Engineer,6,6,10,11,35
511,Artificial Intelligence,"Git, Linux, Shell Scripting","Git, SQL, Shell Scripting","Kubernetes, Docker, Jenkins",ML lifecycle management,High,MLOps Engineer,10,6,3,4,5
512,Computer Science,"Cloud Computing, Linux, Networking","Cloud Computing, Linux, Networking","TypeScript, AWS, Docker",Cloud security,Low,DevOps Engineer,8,5,10,2,1
513,Computer Science,"Data Mining, Python, SQL","Python, SQL","DVC, Kubernetes, MLflow",Kubernetes and orchestration,High,Backend Developer,1,0,10,1,28
514,Artificial Intelligence,"Deep Learning, NLP, Python","Deep Learning, NLP, Python, SQL","Kubernetes, Jenkins, Docker",Generative AI application development,High,Cloud Engineer,4,4,10,12,36
515,Computer Engineering,"Algorithms, C++, DSA","Algorithms, C++, Cloud Computing","Jenkins, Kubernetes, Docker",System design,High,Data Engineer,6,1,1,0,27
516,Information Technology,"NumPy, Pandas, Python","NumPy, Pandas, Python, SQL","TypeScript, Testing, React",Large-scale data processing,Medium,DevOps Engineer,10,6,7,11,31
517,Computer Engineering,"Cybersecurity, Linux, Networking","Cybersecurity, JavaScript, Networking","React, CI/CD, Next.js",Reproducible ML pipelines,High,MLOps Engineer,1,9,6,1,7
518,Artificial Intelligence,"Deep Learning, NLP, Python","Deep Learning, NLP, Python","MLflow, Docker, FastAPI",Infrastructure as Code,Medium,Software Engineer,4,4,3,2,31
519,Computer Science,"Java, OOP, SQL","Git, Java, OOP, SQL","Terraform, Docker, AWS",System design,Medium,Cloud Engineer,9,2,2,8,29
520,Data Science,"DBMS, MySQL, SQL","Cloud Computing, DBMS, MySQL, SQL","Advanced SQL, Power BI, Python",Modern frontend development,High,Cybersecurity Analyst,5,8,0,10,28
521,Computer Engineering,"Machine Learning, Python, Statistics","Machine Learning, Python, Statistics","Docker, PostgreSQL, Cloud Databases",Cloud security,Medium,NLP Engineer,3,9,8,9,3
522,Cybersecurity,"Cloud Computing, Linux, Networking","Cloud Computing, Linux, Networking","React, Testing, TypeScript",Generative AI application development,Low,Cybersecurity Analyst,3,3,9,7,5
523,Cybersecurity,"Deep Learning, NLP, Python","Deep Learning, Git, NLP, Python","TypeScript, Docker, AWS",Modern frontend development,High,Data Engineer,8,5,6,4,5
524,Computer Science,"Java, OOP, SQL","Java, OOP, Python","AWS, Terraform, Docker",Model deployment,High,Cybersecurity Analyst,0,0,4,6,6
525,Artificial Intelligence,"Algorithms, C++, DSA","Algorithms, C++, DSA","SIEM, IAM, Cloud Security",Kubernetes and orchestration,High,Backend Developer,7,8,8,6,7
526,Artificial Intelligence,"Git, Python, SQL","Linux, Python, SQL","AWS, TypeScript, Docker",Advanced SQL,High,Software Engineer,8,10,2,4,36
527,Data Science,"NumPy, Pandas, Python","NumPy, Pandas, Python","AWS, Spring Boot, Docker",Data pipeline engineering,High,Frontend Developer,8,6,8,7,2
528,Computer Science,"Git, JavaScript, Web Development","Git, JavaScript, Web Development","Power BI, Advanced SQL, Python",Docker and containerization,High,Frontend Developer,9,4,10,6,22
529,Computer Engineering,"CSS, HTML, JavaScript","CSS, HTML, JavaScript","Docker, PyTorch, Kubernetes",CI/CD automation,Low,DevOps Engineer,1,2,8,4,27
530,Information Technology,"Deep Learning, NLP, Python","Deep Learning, NLP, Python","Docker, Terraform, AWS",Advanced SQL,High,Data Engineer,3,10,5,5,13
531,Data Science,"Deep Learning, NLP, Python","Deep Learning, NLP, Python","Docker, AWS, TypeScript",Model deployment,Low,Software Engineer,8,1,10,10,4
532,Cybersecurity,"Git, Python, SQL","Git, Python, SQL","Databricks, Airflow, Spark",Scalable API development,High,Data Engineer,2,0,1,7,23
533,Information Technology,"NumPy, Pandas, Python","Git, NumPy, Pandas, Python","Docker, CI/CD, Kubernetes",Data pipeline engineering,High,AI Engineer,3,3,7,5,2
534,Artificial Intelligence,"NumPy, Pandas, Python","NumPy, Pandas, Python","Spark, Airflow, Databricks",Scalable API development,Low,Cybersecurity Analyst,2,8,3,10,36
535,Computer Engineering,"DBMS, MySQL, SQL","DBMS, Git, MySQL, SQL","Kubernetes, PyTorch, Docker",Advanced SQL,High,Frontend Developer,3,10,0,11,34
536,Cybersecurity,"Machine Learning, Python, Statistics","Linux, Machine Learning, Python","Cloud Databases, Docker, PostgreSQL",Modern frontend development,High,Data Engineer,10,8,7,7,23
537,Cybersecurity,"Machine Learning, Python, Statistics","Python, Statistics","Kubernetes, Docker, CI/CD",Docker and containerization,Medium,Data Engineer,1,9,0,11,14
538,Computer Engineering,"Cybersecurity, Linux, Networking","Cybersecurity, Linux","Spring Boot, Docker, AWS",Cloud deployment,Low,Cybersecurity Analyst,0,9,10,5,16
539,Information Technology,"Java, OOP, SQL","Java, OOP, SQL","Power BI, Advanced SQL, Python",Production testing,High,DevOps Engineer,10,7,9,1,5
540,Computer Science,"Data Mining, Python, SQL","Cloud Computing, Data Mining, Python","Docker, CI/CD, Kubernetes",Modern frontend development,Low,Cloud Engineer,8,0,4,6,25
541,Computer Science,"Deep Learning, NLP, Python","Deep Learning, JavaScript, NLP, Python","DVC, Kubernetes, MLflow",Scalable API development,Medium,MLOps Engineer,5,10,10,12,1
542,Data Science,"Cloud Computing, Linux, Networking","Cloud Computing, Git, Networking","Docker, AWS, TypeScript",Large-scale data processing,High,Frontend Developer,7,9,7,2,15
543,Information Technology,"Machine Learning, Python, Statistics","Machine Learning, Python, SQL, Statistics","Kubernetes, Docker, CI/CD",Data pipeline engineering,Medium,Cybersecurity Analyst,7,4,9,5,18
544,Artificial Intelligence,"Git, Python, SQL","Git, Python, SQL","Docker, AWS, Terraform",ML lifecycle management,Medium,Full Stack Developer,5,3,10,7,29
545,Cybersecurity,"Git, Linux, Shell Scripting","Git, Linux, Shell Scripting","Docker, TypeScript, AWS",Modern frontend development,Medium,Data Analyst,7,0,7,3,0
546,Computer Engineering,"CSS, HTML, JavaScript","CSS, JavaScript","Docker, Jenkins, Kubernetes",ML lifecycle management,High,ML Engineer,5,0,1,5,1
547,Cybersecurity,"Java, OOP, SQL","Java, OOP, Python, SQL","System Design, Git, Testing",Kubernetes and orchestration,High,Data Engineer,4,2,3,4,11
548,Artificial Intelligence,"Git, JavaScript, Web Development","JavaScript, Python, Web Development","Docker, AWS, Terraform",Scalable API development,High,Frontend Developer,3,4,7,3,23
549,Artificial Intelligence,"DBMS, MySQL, SQL","DBMS, MySQL, SQL","System Design, Git, Testing",CI/CD automation,High,ML Engineer,3,3,8,6,23
550,Artificial Intelligence,"Deep Learning, NLP, Python","NLP, Python","Cloud Security, SIEM, IAM",Infrastructure as Code,High,Data Analyst,10,4,2,8,31
551,Information Technology,"Git, Linux, Shell Scripting","Git, Linux, Shell Scripting","Docker, AWS, Spring Boot",Large-scale data processing,Medium,Frontend Developer,8,7,2,5,23
552,Cybersecurity,"Git, Linux, Shell Scripting","Git, Linux, Shell Scripting","Power BI, Python, Advanced SQL",Kubernetes and orchestration,Medium,ML Engineer,7,3,6,3,19
553,Data Science,"Data Mining, Python, SQL","Data Mining, Python, SQL","Cloud Security, IAM, SIEM",CI/CD automation,Low,NLP Engineer,3,9,0,7,32
554,Cybersecurity,"JavaScript, MongoDB, Node.js","JavaScript, Linux, MongoDB, Node.js","Cloud Security, SIEM, IAM",Advanced SQL,High,Data Engineer,7,3,4,10,4
555,Artificial Intelligence,"Data Mining, Python, SQL","Data Mining, JavaScript, Python, SQL","Spring Boot, AWS, Docker",Advanced SQL,Medium,NLP Engineer,1,5,0,8,12
556,Artificial Intelligence,"CSS, HTML, JavaScript","CSS, HTML, JavaScript, SQL","Docker, PostgreSQL, Cloud Databases",ML lifecycle management,High,Data Analyst,0,4,4,5,25
557,Data Science,"Git, JavaScript, Web Development","JavaScript, Web Development","Kubernetes, PyTorch, Docker",Production testing,High,Full Stack Developer,3,8,9,12,35
558,Data Science,"Git, Linux, Shell Scripting","Git, Linux, Shell Scripting","React, Next.js, CI/CD",Modern frontend development,Low,NLP Engineer,8,0,5,2,36
559,Information Technology,"Machine Learning, Python, Statistics","Cloud Computing, Machine Learning, Python, Statistics","Kubernetes, Docker, Jenkins",Modern frontend development,Medium,ML Engineer,5,9,0,9,2
560,Information Technology,"Algorithms, C++, DSA","Algorithms, C++, DSA, JavaScript","TypeScript, Docker, AWS",Scalable API development,Medium,ML Engineer,8,6,3,7,6
561,Artificial Intelligence,"Deep Learning, NLP, Python","NLP, Python, SQL","Power BI, Python, Advanced SQL",Reproducible ML pipelines,Low,AI Engineer,1,6,4,3,14
562,Artificial Intelligence,"DBMS, MySQL, SQL","DBMS, Git, MySQL, SQL","Terraform, AWS, Docker",Modern frontend development,Low,Data Engineer,2,8,6,7,4
563,Data Science,"Data Mining, Python, SQL","Data Mining, Python, SQL","React, Next.js, CI/CD",Reproducible ML pipelines,High,Cybersecurity Analyst,8,10,7,4,12
564,Computer Science,"Algorithms, C++, DSA","Algorithms, C++, DSA, Linux","Advanced SQL, Python, Power BI",Reproducible ML pipelines,Medium,Data Engineer,1,4,10,7,22
565,Computer Engineering,"Git, JavaScript, Web Development","Git, JavaScript, Web Development","Jenkins, Kubernetes, Docker",Modern frontend development,High,Frontend Developer,7,6,10,2,36
566,Computer Science,"Cybersecurity, Linux, Networking","Linux, Networking","Kubernetes, Jenkins, Docker",Cloud security,High,DevOps Engineer,7,6,8,1,23
567,Computer Science,"Machine Learning, Python, Statistics","Machine Learning, Python, SQL, Statistics","Spring Boot, Docker, AWS",Large-scale data processing,Low,Full Stack Developer,1,10,10,11,29
568,Data Science,"JavaScript, MongoDB, Node.js","JavaScript, MongoDB, Node.js, Python","Docker, Kubernetes, Jenkins",Infrastructure as Code,Low,Backend Developer,7,1,1,8,15
569,Computer Engineering,"NumPy, Pandas, Python","NumPy, Pandas, Python, SQL","System Design, Testing, Git",Cloud deployment,Low,Software Engineer,8,6,2,1,0
570,Computer Engineering,"Machine Learning, Python, Statistics","Machine Learning, Python","Git, System Design, Testing",Large-scale data processing,Medium,Software Engineer,4,7,0,9,0
571,Computer Science,"Machine Learning, Python, Statistics","Machine Learning, Python, Statistics","SIEM, IAM, Cloud Security",ML lifecycle management,Medium,Full Stack Developer,0,0,5,3,4
572,Information Technology,"Data Mining, Python, SQL","Data Mining, Python, SQL","Docker, Spring Boot, AWS",Kubernetes and orchestration,Low,Frontend Developer,5,8,10,3,13
573,Cybersecurity,"Cybersecurity, Linux, Networking","Cybersecurity, Networking, Python","Cloud Security, SIEM, IAM",Docker and containerization,Medium,Data Engineer,3,1,10,4,23
574,Computer Science,"Java, OOP, SQL","Java, OOP, SQL","Databricks, Spark, Airflow",Generative AI application development,Medium,Backend Developer,1,9,5,10,24
575,Computer Engineering,"Data Mining, Python, SQL","Data Mining, Python, SQL","Kubernetes, DVC, MLflow",Monitoring and observability,Medium,AI Engineer,5,0,9,9,28
576,Data Science,"Cloud Computing, Linux, Networking","Cloud Computing, Linux, Networking","PostgreSQL, Docker, Cloud Databases",Production testing,High,Software Engineer,3,6,3,9,5
577,Computer Science,"Algorithms, C++, DSA","Algorithms, C++, DSA","AWS, Docker, TypeScript",System design,Medium,AI Engineer,4,5,10,12,2
578,Cybersecurity,"Machine Learning, Python, Statistics","Machine Learning, Python, SQL, Statistics","Cloud Security, SIEM, IAM",Monitoring and observability,Medium,AI Engineer,8,0,10,3,14
579,Cybersecurity,"Git, JavaScript, Web Development","Git, JavaScript, Python, Web Development","SIEM, IAM, Cloud Security",CI/CD automation,Low,MLOps Engineer,3,2,1,2,35
580,Information Technology,"CSS, HTML, JavaScript","CSS, Cloud Computing, HTML, JavaScript","Terraform, AWS, Docker",Production testing,Low,Full Stack Developer,4,4,9,7,12
581,Artificial Intelligence,"Git, JavaScript, Web Development","Git, JavaScript, SQL, Web Development","Kubernetes, DVC, MLflow",Modern frontend development,Low,MLOps Engineer,7,0,6,6,5
582,Artificial Intelligence,"Deep Learning, NLP, Python","Cloud Computing, Deep Learning, NLP","Docker, Terraform, AWS",Generative AI application development,Medium,ML Engineer,5,2,7,3,9
583,Information Technology,"Git, Python, SQL","Git, Python, SQL","Kubernetes, CI/CD, Docker",Modern frontend development,Medium,ML Engineer,7,4,10,9,4
584,Data Science,"Data Mining, Python, SQL","Data Mining, SQL","CI/CD, Kubernetes, Docker",Advanced SQL,Low,ML Engineer,10,5,0,10,24
585,Data Science,"Git, Linux, Shell Scripting","Git, Linux, Shell Scripting","Testing, React, TypeScript",Docker and containerization,Medium,AI Engineer,9,7,10,2,16
586,Information Technology,"Deep Learning, NLP, Python","Deep Learning, NLP, Python","Kubernetes, Docker, PyTorch",CI/CD automation,Low,NLP Engineer,9,1,8,3,27
587,Information Technology,"Git, JavaScript, Web Development","Git, JavaScript, SQL, Web Development","IAM, Cloud Security, SIEM",Cloud security,Medium,ML Engineer,1,10,9,12,22
588,Information Technology,"Machine Learning, Python, Statistics","Cloud Computing, Machine Learning, Python, Statistics","Jenkins, Kubernetes, Docker",Reproducible ML pipelines,Medium,Frontend Developer,6,8,6,10,18
589,Computer Engineering,"Cybersecurity, Linux, Networking","Cybersecurity, Linux, Networking, Python","System Design, Testing, Git",Large-scale data processing,Low,Frontend Developer,2,3,0,11,11
590,Information Technology,"Machine Learning, Python, Statistics","Machine Learning, Python, Statistics","Spark, Airflow, Databricks",Model deployment,High,Backend Developer,6,1,4,1,21
591,Computer Science,"Deep Learning, NLP, Python","Cloud Computing, Deep Learning, NLP, Python","Testing, React, TypeScript",Docker and containerization,Low,Data Analyst,3,8,0,6,33
592,Artificial Intelligence,"Data Mining, Python, SQL","Data Mining, Python, SQL","Advanced SQL, Power BI, Python",Monitoring and observability,Medium,Cybersecurity Analyst,10,6,6,9,3
593,Artificial Intelligence,"Git, JavaScript, Web Development","Git, JavaScript","AWS, TypeScript, Docker",Docker and containerization,High,Frontend Developer,3,5,7,9,30
594,Cybersecurity,"Cybersecurity, Linux, Networking","Cloud Computing, Cybersecurity, Linux, Networking","PostgreSQL, Cloud Databases, Docker",Data pipeline engineering,High,Software Engineer,3,9,7,6,5
595,Artificial Intelligence,"Cybersecurity, Linux, Networking","Cybersecurity, Linux, Networking","Databricks, Airflow, Spark",Cloud deployment,High,AI Engineer,9,3,2,8,36
596,Computer Engineering,"Cloud Computing, Linux, Networking","Cloud Computing, Git, Linux, Networking","Docker, Kubernetes, CI/CD",System design,High,DevOps Engineer,7,10,8,3,15
597,Information Technology,"Algorithms, C++, DSA","Algorithms, C++, DSA","MLflow, DVC, Kubernetes",Docker and containerization,Low,AI Engineer,4,3,4,10,30
598,Computer Engineering,"Java, OOP, SQL","Java, JavaScript, OOP, SQL","PostgreSQL, Docker, Cloud Databases",Monitoring and observability,Medium,NLP Engineer,6,6,10,10,35
599,Data Science,"Machine Learning, Python, Statistics","Git, Machine Learning, Python, Statistics","Testing, React, TypeScript",ML lifecycle management,Low,Data Engineer,2,5,6,9,0
600,Artificial Intelligence,"Git, Python, SQL","Git, Linux, Python, SQL","Kubernetes, PyTorch, Docker",Infrastructure as Code,Medium,Data Engineer,6,0,8,7,20
601,Information Technology,"Git, JavaScript, Web Development","Git, JavaScript, Web Development","MLflow, FastAPI, Docker",Cloud security,Medium,Cloud Engineer,4,8,1,4,36
602,Data Science,"DBMS, MySQL, SQL","DBMS, MySQL, SQL","React, CI/CD, Next.js",Monitoring and observability,Medium,NLP Engineer,0,2,7,11,25
603,Artificial Intelligence,"Git, JavaScript, Web Development","Git, Web Development","Cloud Databases, Docker, PostgreSQL",Reproducible ML pipelines,Medium,Cybersecurity Analyst,1,8,4,4,12
604,Computer Engineering,"Git, JavaScript, Web Development","Git, JavaScript, Python, Web Development","Docker, Terraform, AWS",Kubernetes and orchestration,High,NLP Engineer,10,2,9,2,28
605,Computer Engineering,"NumPy, Pandas, Python","NumPy, Python","FastAPI, MLflow, Docker",Data pipeline engineering,High,Software Engineer,6,6,10,2,3
606,Computer Science,"JavaScript, MongoDB, Node.js","Git, MongoDB, Node.js","Power BI, Python, Advanced SQL",Scalable API development,High,Cybersecurity Analyst,3,6,7,4,11
607,Computer Engineering,"Git, Linux, Shell Scripting","Git, Linux, Shell Scripting","IAM, Cloud Security, SIEM",System design,High,Backend Developer,10,10,7,5,0
608,Computer Science,"Java, OOP, SQL","Cloud Computing, Java, OOP, SQL","Docker, Spring Boot, AWS",Reproducible ML pipelines,Medium,Software Engineer,6,7,10,11,27
609,Artificial Intelligence,"Deep Learning, NLP, Python","Deep Learning, Git, NLP, Python","Testing, System Design, Git",Model deployment,High,DevOps Engineer,8,8,8,7,4
610,Cybersecurity,"Git, JavaScript, Web Development","Git, JavaScript, Web Development","PyTorch, Docker, Kubernetes",Model deployment,Low,Cloud Engineer,1,0,2,9,13
611,Computer Engineering,"Algorithms, C++, DSA","Algorithms, C++, DSA","Docker, Spring Boot, AWS",Model deployment,Medium,DevOps Engineer,4,0,8,12,18
612,Computer Engineering,"Cloud Computing, Linux, Networking","Cloud Computing, Linux, Networking","Python, Power BI, Advanced SQL",Generative AI application development,Medium,Data Engineer,10,0,3,0,12
613,Information Technology,"Machine Learning, Python, Statistics","Machine Learning, Python, Statistics","Next.js, React, CI/CD",Data pipeline engineering,Medium,Full Stack Developer,1,8,4,4,24
614,Computer Engineering,"Data Mining, Python, SQL","Data Mining, Git, Python, SQL","Git, System Design, Testing",Infrastructure as Code,High,AI Engineer,10,4,10,11,12
615,Computer Engineering,"JavaScript, MongoDB, Node.js","JavaScript, MongoDB, Node.js","Docker, Kubernetes, PyTorch",Infrastructure as Code,Medium,ML Engineer,0,9,3,1,17
616,Computer Science,"Cloud Computing, Linux, Networking","Cloud Computing, Linux, Networking","Docker, AWS, Spring Boot",Data pipeline engineering,Medium,Backend Developer,3,4,0,1,24
617,Information Technology,"Cybersecurity, Linux, Networking","Cybersecurity, Linux","Spring Boot, Docker, AWS",Reproducible ML pipelines,Medium,NLP Engineer,8,4,9,1,3
618,Information Technology,"JavaScript, MongoDB, Node.js","JavaScript, MongoDB, Node.js, SQL","Kubernetes, DVC, MLflow",Generative AI application development,High,NLP Engineer,9,2,4,0,32
619,Computer Engineering,"Algorithms, C++, DSA","Algorithms, C++, DSA, Linux","Docker, PostgreSQL, Cloud Databases",Data pipeline engineering,Medium,AI Engineer,7,2,7,5,29
620,Cybersecurity,"Machine Learning, Python, Statistics","Machine Learning, Python, Statistics","FastAPI, MLflow, Docker",Cloud security,High,Full Stack Developer,6,5,1,10,5
621,Computer Science,"Git, Linux, Shell Scripting","Git, Shell Scripting","React, TypeScript, Testing",Reproducible ML pipelines,High,DevOps Engineer,7,7,8,10,34
622,Computer Engineering,"Java, OOP, SQL","Java, OOP, Python, SQL","IAM, Cloud Security, SIEM",Modern frontend development,High,AI Engineer,10,8,10,9,2
623,Cybersecurity,"NumPy, Pandas, Python","NumPy, Pandas, Python","System Design, Testing, Git",Model deployment,Medium,Full Stack Developer,8,5,0,6,31
624,Data Science,"Algorithms, C++, DSA","Algorithms, C++, DSA","Docker, AWS, TypeScript",Cloud deployment,High,DevOps Engineer,4,4,3,0,36
625,Data Science,"CSS, HTML, JavaScript","CSS, Cloud Computing, HTML, JavaScript","Spark, Airflow, Databricks",Reproducible ML pipelines,High,MLOps Engineer,9,7,5,4,22
626,Computer Science,"Git, Python, SQL","Python, SQL","TypeScript, AWS, Docker",ML lifecycle management,Low,MLOps Engineer,1,7,0,2,16
627,Information Technology,"NumPy, Pandas, Python","NumPy, Pandas, Python, SQL","SIEM, Cloud Security, IAM",Advanced SQL,Low,NLP Engineer,2,2,5,11,27
628,Computer Science,"JavaScript, MongoDB, Node.js","JavaScript, Node.js","Databricks, Airflow, Spark",Modern frontend development,Low,ML Engineer,2,10,3,7,17
629,Computer Science,"Cybersecurity, Linux, Networking","Cloud Computing, Cybersecurity, Linux, Networking","Python, Advanced SQL, Power BI",Scalable API development,Medium,NLP Engineer,1,1,0,2,9
630,Artificial Intelligence,"Cloud Computing, Linux, Networking","Linux, Networking","Kubernetes, CI/CD, Docker",Docker and containerization,Medium,Cloud Engineer,4,7,1,12,27
631,Information Technology,"Deep Learning, NLP, Python","Deep Learning, Python","Git, Testing, System Design",Production testing,High,AI Engineer,7,1,8,9,11
632,Information Technology,"Git, JavaScript, Web Development","Git, Python, Web Development","Docker, PyTorch, Kubernetes",Infrastructure as Code,Medium,Full Stack Developer,1,0,6,6,33
633,Artificial Intelligence,"Git, Linux, Shell Scripting","Linux, Shell Scripting","Cloud Databases, PostgreSQL, Docker",Kubernetes and orchestration,Low,ML Engineer,5,4,5,11,26
634,Information Technology,"JavaScript, MongoDB, Node.js","JavaScript, MongoDB, Node.js","Airflow, Spark, Databricks",Cloud deployment,Medium,Cloud Engineer,7,5,5,4,7
635,Computer Science,"DBMS, MySQL, SQL","DBMS, MySQL, SQL","CI/CD, Kubernetes, Docker",Data pipeline engineering,Low,Data Engineer,10,4,3,9,24
636,Computer Science,"Data Mining, Python, SQL","Cloud Computing, Data Mining, Python, SQL","Spring Boot, Docker, AWS",ML lifecycle management,Low,Cybersecurity Analyst,1,8,9,5,19
637,Computer Engineering,"NumPy, Pandas, Python","Cloud Computing, Pandas, Python","DVC, Kubernetes, MLflow",Generative AI application development,Medium,Data Analyst,10,1,6,1,30
638,Data Science,"Cloud Computing, Linux, Networking","Cloud Computing, Linux, Networking","Airflow, Spark, Databricks",Infrastructure as Code,Low,Data Analyst,3,6,7,10,34
639,Cybersecurity,"Java, OOP, SQL","Java, JavaScript, OOP, SQL","System Design, Git, Testing",Advanced SQL,High,ML Engineer,2,9,3,9,0
640,Cybersecurity,"NumPy, Pandas, Python","NumPy, Pandas, Python","Docker, Terraform, AWS",Cloud security,Medium,Full Stack Developer,2,3,0,8,15
641,Artificial Intelligence,"Git, Python, SQL","Git, Python, SQL","Docker, PostgreSQL, Cloud Databases",Kubernetes and orchestration,Medium,NLP Engineer,8,1,0,10,22
642,Computer Engineering,"Deep Learning, NLP, Python","Cloud Computing, Deep Learning, NLP, Python","AWS, Docker, TypeScript",Modern frontend development,Medium,Frontend Developer,0,10,0,5,14
643,Computer Engineering,"Machine Learning, Python, Statistics","Git, Machine Learning, Python, Statistics","Git, Testing, System Design",Cloud deployment,High,NLP Engineer,10,10,9,8,13
644,Data Science,"CSS, HTML, JavaScript","CSS, HTML, JavaScript","Docker, TypeScript, AWS",Infrastructure as Code,High,ML Engineer,5,2,7,1,31
645,Information Technology,"NumPy, Pandas, Python","NumPy, Pandas","System Design, Testing, Git",Cloud security,High,Frontend Developer,2,6,10,9,12
646,Computer Science,"Algorithms, C++, DSA","Algorithms, C++, DSA, Linux","Spring Boot, AWS, Docker",Large-scale data processing,High,Backend Developer,6,6,0,1,0
647,Computer Engineering,"Data Mining, Python, SQL","Data Mining, Git, Python, SQL","Docker, CI/CD, Kubernetes",Docker and containerization,High,Cloud Engineer,1,3,2,7,36
648,Data Science,"Git, JavaScript, Web Development","Git, JavaScript, Web Development","System Design, Git, Testing",Docker and containerization,Medium,Backend Developer,1,8,6,2,0
649,Information Technology,"Git, Python, SQL","Git, Python, SQL","Testing, React, TypeScript",Scalable API development,Medium,Cybersecurity Analyst,2,1,3,1,18
650,Artificial Intelligence,"Java, OOP, SQL","Java, OOP, SQL","PyTorch, Docker, Kubernetes",Infrastructure as Code,High,Software Engineer,9,2,10,6,9
651,Computer Engineering,"DBMS, MySQL, SQL","DBMS, MySQL, SQL","Docker, MLflow, FastAPI",Data pipeline engineering,Low,MLOps Engineer,2,10,2,5,9
652,Data Science,"NumPy, Pandas, Python","NumPy, Pandas, Python","Kubernetes, Docker, Jenkins",Modern frontend development,High,Backend Developer,1,5,2,2,24
653,Artificial Intelligence,"JavaScript, MongoDB, Node.js","Cloud Computing, JavaScript, MongoDB, Node.js","Power BI, Python, Advanced SQL",Monitoring and observability,Medium,Cybersecurity Analyst,6,8,7,8,34
654,Data Science,"Cloud Computing, Linux, Networking","Cloud Computing, Linux, Networking","Docker, AWS, Terraform",Large-scale data processing,Medium,ML Engineer,3,5,0,3,1
655,Artificial Intelligence,"Cloud Computing, Linux, Networking","Cloud Computing, Linux, Networking","Power BI, Advanced SQL, Python",Data pipeline engineering,Low,Data Engineer,2,8,6,3,13
656,Information Technology,"Git, Python, SQL","Cloud Computing, Git, Python, SQL","Docker, Jenkins, Kubernetes",Modern frontend development,Medium,Software Engineer,10,9,1,7,10
657,Computer Science,"Algorithms, C++, DSA","Algorithms, C++, Python","AWS, Docker, TypeScript",Large-scale data processing,Medium,Frontend Developer,6,5,7,12,0
658,Artificial Intelligence,"Java, OOP, SQL","Java, OOP, SQL","Git, Testing, System Design",System design,Low,ML Engineer,3,6,2,4,5
659,Cybersecurity,"Cybersecurity, Linux, Networking","Cybersecurity, Linux, Networking","Git, System Design, Testing",Model deployment,Low,ML Engineer,7,5,10,10,25
660,Data Science,"Algorithms, C++, DSA","Algorithms, C++, DSA","Docker, Kubernetes, CI/CD",Cloud deployment,Low,Backend Developer,0,3,4,2,34
661,Computer Science,"Java, OOP, SQL","Java, OOP, SQL","Testing, TypeScript, React",Kubernetes and orchestration,Medium,Backend Developer,0,5,1,4,0
662,Artificial Intelligence,"Machine Learning, Python, Statistics","Machine Learning, Python, Statistics","MLflow, FastAPI, Docker",Data pipeline engineering,Medium,ML Engineer,6,8,1,8,9
663,Computer Science,"Deep Learning, NLP, Python","Deep Learning, JavaScript, NLP, Python","Kubernetes, DVC, MLflow",Infrastructure as Code,Low,Frontend Developer,10,1,3,3,9
664,Computer Engineering,"Algorithms, C++, DSA","Algorithms, C++, Cloud Computing, DSA","Terraform, AWS, Docker",Monitoring and observability,Medium,NLP Engineer,4,5,9,6,2
665,Computer Engineering,"Machine Learning, Python, Statistics","Machine Learning, Python, Statistics","PostgreSQL, Docker, Cloud Databases",Reproducible ML pipelines,Medium,Frontend Developer,4,8,1,7,6
666,Data Science,"JavaScript, MongoDB, Node.js","MongoDB, Node.js","Git, Testing, System Design",Model deployment,Medium,Backend Developer,7,4,7,10,8
667,Computer Science,"Deep Learning, NLP, Python","Deep Learning, NLP, Python, SQL","Advanced SQL, Python, Power BI",Infrastructure as Code,High,Cybersecurity Analyst,5,1,10,6,32
668,Data Science,"Machine Learning, Python, Statistics","Machine Learning, Python, Statistics","Databricks, Spark, Airflow",Kubernetes and orchestration,Medium,Cybersecurity Analyst,2,1,4,6,10
669,Cybersecurity,"Cybersecurity, Linux, Networking","Cybersecurity, Linux, Networking","Next.js, CI/CD, React",System design,High,Data Engineer,1,2,1,6,27
670,Information Technology,"Cybersecurity, Linux, Networking","Cybersecurity, Linux, Networking, SQL","TypeScript, Docker, AWS",Reproducible ML pipelines,Medium,AI Engineer,0,8,2,7,9
671,Computer Engineering,"CSS, HTML, JavaScript","CSS, HTML, JavaScript","Docker, AWS, TypeScript",Data pipeline engineering,Low,NLP Engineer,0,3,0,12,27
672,Artificial Intelligence,"Machine Learning, Python, Statistics","Python, Statistics","Docker, PostgreSQL, Cloud Databases",Modern frontend development,High,MLOps Engineer,2,0,1,6,21
673,Artificial Intelligence,"Algorithms, C++, DSA","Algorithms, C++, DSA, Linux","Testing, TypeScript, React",Model deployment,Medium,NLP Engineer,9,6,0,8,12
674,Computer Science,"Git, Linux, Shell Scripting","Git, Linux, Python, Shell Scripting","PostgreSQL, Docker, Cloud Databases",Monitoring and observability,High,AI Engineer,2,7,5,1,26
675,Artificial Intelligence,"Cloud Computing, Linux, Networking","Cloud Computing, Linux, Networking","Kubernetes, Jenkins, Docker",System design,High,Cybersecurity Analyst,3,3,6,11,34
676,Information Technology,"Deep Learning, NLP, Python","Deep Learning, NLP, Python","Cloud Security, IAM, SIEM",Docker and containerization,High,Cloud Engineer,4,4,8,1,31
677,Computer Engineering,"NumPy, Pandas, Python","NumPy, Pandas, Python, SQL","SIEM, IAM, Cloud Security",Monitoring and observability,Medium,NLP Engineer,6,5,2,8,10
678,Cybersecurity,"Cybersecurity, Linux, Networking","Cloud Computing, Cybersecurity, Linux, Networking","SIEM, IAM, Cloud Security",Cloud deployment,Medium,Data Analyst,10,0,9,6,6
679,Data Science,"Git, Linux, Shell Scripting","Git, JavaScript, Shell Scripting","MLflow, DVC, Kubernetes",ML lifecycle management,High,ML Engineer,1,3,7,1,22
680,Data Science,"Cybersecurity, Linux, Networking","Cybersecurity, Linux, Networking","Spark, Airflow, Databricks",Data pipeline engineering,High,Software Engineer,10,4,4,12,26
681,Computer Engineering,"CSS, HTML, JavaScript","CSS, HTML, JavaScript","CI/CD, Kubernetes, Docker",Data pipeline engineering,Low,Frontend Developer,2,9,6,3,35
682,Data Science,"CSS, HTML, JavaScript","CSS, Git, HTML, JavaScript","Kubernetes, PyTorch, Docker",Scalable API development,Medium,Frontend Developer,5,8,2,6,14
683,Computer Science,"Git, Linux, Shell Scripting","Git, Linux, Shell Scripting","Kubernetes, MLflow, DVC",Advanced SQL,High,NLP Engineer,3,1,1,0,27
684,Computer Science,"DBMS, MySQL, SQL","DBMS, Git, MySQL, SQL","MLflow, Kubernetes, DVC",Scalable API development,Medium,Backend Developer,10,10,5,2,15
685,Computer Engineering,"Data Mining, Python, SQL","Data Mining, JavaScript, Python, SQL","TypeScript, React, Testing",Scalable API development,High,NLP Engineer,1,2,10,0,6
686,Computer Science,"NumPy, Pandas, Python","Git, NumPy, Python","Airflow, Spark, Databricks",ML lifecycle management,Low,Data Engineer,0,6,1,7,4
687,Information Technology,"DBMS, MySQL, SQL","DBMS, MySQL, SQL","Cloud Security, SIEM, IAM",Model deployment,Medium,Frontend Developer,10,9,10,9,2
688,Computer Science,"JavaScript, MongoDB, Node.js","JavaScript, MongoDB, Node.js","TypeScript, AWS, Docker",Advanced SQL,Low,DevOps Engineer,8,0,8,8,9
689,Information Technology,"Git, JavaScript, Web Development","Git, JavaScript, Web Development","Docker, AWS, TypeScript",Advanced SQL,High,Frontend Developer,1,5,8,10,18
690,Data Science,"Git, Linux, Shell Scripting","Git, JavaScript, Linux, Shell Scripting","MLflow, DVC, Kubernetes",Model deployment,High,Data Analyst,1,9,9,4,10
691,Information Technology,"Git, Linux, Shell Scripting","Git, Linux, Shell Scripting","Python, Advanced SQL, Power BI",Cloud deployment,High,Data Engineer,3,9,5,5,4
692,Data Science,"Algorithms, C++, DSA","Algorithms, C++, DSA, JavaScript","Airflow, Databricks, Spark",Large-scale data processing,Medium,Cloud Engineer,1,2,5,6,11
693,Artificial Intelligence,"CSS, HTML, JavaScript","CSS, HTML, JavaScript, SQL","Docker, Spring Boot, AWS",Docker and containerization,High,Backend Developer,3,7,9,12,20
694,Information Technology,"Cloud Computing, Linux, Networking","Cloud Computing, JavaScript, Linux","AWS, Docker, Spring Boot",CI/CD automation,High,NLP Engineer,5,5,3,3,3
695,Data Science,"NumPy, Pandas, Python","NumPy, Pandas, Python","CI/CD, Kubernetes, Docker",Monitoring and observability,Low,Frontend Developer,9,0,4,0,36
696,Computer Science,"Data Mining, Python, SQL","Data Mining, Linux, Python","Python, Advanced SQL, Power BI",Modern frontend development,Low,Backend Developer,5,5,6,1,35
697,Artificial Intelligence,"NumPy, Pandas, Python","NumPy, Pandas, Python, SQL","Docker, PyTorch, Kubernetes",Cloud deployment,Medium,Cybersecurity Analyst,3,0,0,2,6
698,Artificial Intelligence,"Git, JavaScript, Web Development","JavaScript, Web Development","Kubernetes, Jenkins, Docker",Data pipeline engineering,High,NLP Engineer,4,0,1,0,19
699,Computer Science,"Machine Learning, Python, Statistics","Machine Learning, Python, Statistics","TypeScript, Docker, AWS",Model deployment,Medium,AI Engineer,2,5,2,12,26
700,Computer Engineering,"NumPy, Pandas, Python","JavaScript, NumPy, Pandas","PostgreSQL, Docker, Cloud Databases",Reproducible ML pipelines,High,Data Engineer,4,1,5,8,15
701,Computer Engineering,"DBMS, MySQL, SQL","DBMS, MySQL, SQL","Jenkins, Kubernetes, Docker",Kubernetes and orchestration,Low,MLOps Engineer,7,6,3,7,6
702,Artificial Intelligence,"CSS, HTML, JavaScript","CSS, HTML, JavaScript","CI/CD, React, Next.js",System design,Medium,Data Analyst,2,3,5,6,28
703,Cybersecurity,"Cloud Computing, Linux, Networking","Linux, Networking","React, TypeScript, Testing",Cloud deployment,Low,Data Analyst,1,3,0,7,11
704,Artificial Intelligence,"Git, Python, SQL","Git, Python, SQL","Advanced SQL, Python, Power BI",CI/CD automation,Medium,DevOps Engineer,2,6,8,6,32
705,Artificial Intelligence,"Git, Python, SQL","Git, SQL","Power BI, Advanced SQL, Python",Scalable API development,Low,Full Stack Developer,8,6,1,10,3
706,Computer Engineering,"CSS, HTML, JavaScript","CSS, Git, HTML, JavaScript","AWS, Spring Boot, Docker",CI/CD automation,Medium,Full Stack Developer,3,9,6,6,25
707,Computer Science,"CSS, HTML, JavaScript","CSS, HTML, JavaScript","Docker, Kubernetes, Jenkins",ML lifecycle management,Medium,Frontend Developer,0,1,2,8,30
708,Computer Engineering,"Machine Learning, Python, Statistics","Python, Statistics","React, CI/CD, Next.js",System design,Low,Data Engineer,6,5,0,2,16
709,Computer Science,"Algorithms, C++, DSA","Algorithms, DSA","Cloud Databases, PostgreSQL, Docker",Production testing,Medium,MLOps Engineer,0,9,10,4,14
710,Cybersecurity,"Cloud Computing, Linux, Networking","Cloud Computing, Linux, Networking","Testing, Git, System Design",Monitoring and observability,Low,NLP Engineer,8,4,10,7,16
711,Artificial Intelligence,"NumPy, Pandas, Python","NumPy, Pandas, Python","Docker, Kubernetes, CI/CD",Reproducible ML pipelines,Medium,DevOps Engineer,2,6,3,10,9
712,Artificial Intelligence,"NumPy, Pandas, Python","Cloud Computing, NumPy, Pandas, Python","Docker, Kubernetes, CI/CD",CI/CD automation,Medium,Full Stack Developer,4,10,10,8,28
713,Cybersecurity,"Algorithms, C++, DSA","Algorithms, C++, DSA","Docker, FastAPI, MLflow",Modern frontend development,Medium,Cloud Engineer,0,9,8,11,21
714,Cybersecurity,"Java, OOP, SQL","Java, OOP, SQL","SIEM, IAM, Cloud Security",Cloud security,High,Data Engineer,10,2,7,10,9
715,Cybersecurity,"Machine Learning, Python, Statistics","Machine Learning, Python, Statistics","PyTorch, Docker, Kubernetes",Cloud security,Medium,NLP Engineer,3,4,9,1,3
716,Data Science,"Machine Learning, Python, Statistics","Cloud Computing, Machine Learning, Python, Statistics","Kubernetes, Docker, CI/CD",Data pipeline engineering,Low,Frontend Developer,4,2,3,6,5
717,Artificial Intelligence,"CSS, HTML, JavaScript","CSS, JavaScript, SQL","Kubernetes, CI/CD, Docker",Advanced SQL,High,Backend Developer,9,6,10,5,8
718,Computer Engineering,"Machine Learning, Python, Statistics","Linux, Machine Learning, Python, Statistics","Testing, TypeScript, React",Cloud security,Medium,Backend Developer,6,6,1,2,33
719,Data Science,"Git, Linux, Shell Scripting","Cloud Computing, Git, Linux, Shell Scripting","Docker, AWS, TypeScript",System design,Medium,ML Engineer,0,8,0,12,26
720,Computer Science,"Machine Learning, Python, Statistics","Machine Learning, Python, SQL, Statistics","Git, Testing, System Design",Infrastructure as Code,Medium,Data Engineer,6,2,6,10,0
721,Data Science,"Machine Learning, Python, Statistics","Machine Learning, Python, Statistics","Kubernetes, MLflow, DVC",Advanced SQL,Low,Software Engineer,9,1,4,9,30
722,Computer Engineering,"JavaScript, MongoDB, Node.js","Cloud Computing, JavaScript, MongoDB, Node.js","CI/CD, React, Next.js",Kubernetes and orchestration,Medium,AI Engineer,8,7,2,3,9
723,Artificial Intelligence,"DBMS, MySQL, SQL","DBMS, MySQL, SQL","MLflow, FastAPI, Docker",ML lifecycle management,High,Cloud Engineer,2,9,1,8,6
724,Information Technology,"CSS, HTML, JavaScript","CSS, HTML, JavaScript","Docker, AWS, Spring Boot",Cloud security,Low,Backend Developer,3,8,4,9,28
725,Computer Engineering,"Deep Learning, NLP, Python","Deep Learning, NLP, Python","Spring Boot, Docker, AWS",Generative AI application development,Low,AI Engineer,4,4,10,1,31
726,Artificial Intelligence,"DBMS, MySQL, SQL","Cloud Computing, DBMS, MySQL, SQL","MLflow, Docker, FastAPI",Infrastructure as Code,Medium,ML Engineer,1,9,6,0,19
727,Computer Science,"DBMS, MySQL, SQL","DBMS, MySQL, SQL","Cloud Databases, Docker, PostgreSQL",Infrastructure as Code,Low,Data Engineer,0,2,5,8,32
728,Information Technology,"JavaScript, MongoDB, Node.js","JavaScript, MongoDB, Node.js","Airflow, Databricks, Spark",Infrastructure as Code,Low,Cybersecurity Analyst,2,4,10,4,25
729,Computer Science,"Data Mining, Python, SQL","Data Mining, Linux, Python, SQL","CI/CD, Next.js, React",Large-scale data processing,Medium,Frontend Developer,5,9,9,5,25
730,Computer Science,"Git, Python, SQL","Git, Python","Kubernetes, Docker, CI/CD",Reproducible ML pipelines,Medium,Cybersecurity Analyst,1,2,6,12,26
731,Computer Science,"Git, Python, SQL","Git, Python, SQL","Kubernetes, PyTorch, Docker",Data pipeline engineering,Low,NLP Engineer,5,1,7,6,8
732,Computer Engineering,"Deep Learning, NLP, Python","Deep Learning, NLP, Python, SQL","Docker, AWS, Terraform",ML lifecycle management,High,Full Stack Developer,8,3,1,9,1
733,Computer Engineering,"DBMS, MySQL, SQL","DBMS, MySQL, Python, SQL","Spring Boot, Docker, AWS",Generative AI application development,Medium,ML Engineer,10,10,8,7,12
734,Information Technology,"Deep Learning, NLP, Python","Deep Learning, NLP, Python, SQL","Next.js, CI/CD, React",CI/CD automation,High,Frontend Developer,1,9,1,2,33
735,Artificial Intelligence,"Java, OOP, SQL","Git, Java, OOP, SQL","Docker, AWS, Spring Boot",Cloud security,Medium,Full Stack Developer,1,2,4,1,34
736,Cybersecurity,"CSS, HTML, JavaScript","CSS, HTML, JavaScript","CI/CD, React, Next.js",Generative AI application development,Medium,Software Engineer,4,10,0,0,21
737,Data Science,"Machine Learning, Python, Statistics","Git, Machine Learning, Python","TypeScript, React, Testing",Kubernetes and orchestration,Medium,Backend Developer,9,9,1,8,30
738,Information Technology,"Machine Learning, Python, Statistics","Git, Machine Learning, Python, Statistics","Docker, Kubernetes, Jenkins",Modern frontend development,Medium,Data Engineer,0,0,0,12,12
739,Cybersecurity,"Deep Learning, NLP, Python","Cloud Computing, Deep Learning, NLP, Python","Next.js, React, CI/CD",Scalable API development,Medium,Software Engineer,6,8,2,1,28
740,Computer Science,"Data Mining, Python, SQL","Data Mining, Python, SQL","PyTorch, Kubernetes, Docker",Kubernetes and orchestration,Low,ML Engineer,9,0,3,6,34
741,Cybersecurity,"Git, Python, SQL","Cloud Computing, Git, Python","MLflow, DVC, Kubernetes",Cloud security,Low,Frontend Developer,9,10,3,4,8
742,Cybersecurity,"Cybersecurity, Linux, Networking","Cybersecurity, Linux, Networking","Advanced SQL, Python, Power BI",ML lifecycle management,Low,DevOps Engineer,7,4,5,12,35
743,Artificial Intelligence,"Git, JavaScript, Web Development","Git, JavaScript, SQL, Web Development","Cloud Databases, Docker, PostgreSQL",Kubernetes and orchestration,Medium,Backend Developer,4,1,3,2,33
744,Information Technology,"Machine Learning, Python, Statistics","Git, Machine Learning, Python, Statistics","Jenkins, Docker, Kubernetes",Kubernetes and orchestration,High,Frontend Developer,1,0,7,0,17
745,Artificial Intelligence,"Deep Learning, NLP, Python","Deep Learning, Git, Python","SIEM, IAM, Cloud Security",System design,High,ML Engineer,6,2,10,6,34
746,Computer Science,"DBMS, MySQL, SQL","DBMS, MySQL, SQL","Docker, MLflow, FastAPI",Monitoring and observability,High,NLP Engineer,5,9,6,6,3
747,Computer Science,"Cloud Computing, Linux, Networking","Cloud Computing, Linux, Networking","Cloud Security, IAM, SIEM",System design,Medium,DevOps Engineer,6,7,3,2,0
748,Artificial Intelligence,"Machine Learning, Python, Statistics","Machine Learning, Statistics","Docker, Cloud Databases, PostgreSQL",Kubernetes and orchestration,Medium,ML Engineer,4,10,4,12,0
749,Computer Science,"Machine Learning, Python, Statistics","Machine Learning, Python, Statistics","PyTorch, Docker, Kubernetes",System design,High,MLOps Engineer,7,0,5,7,35
750,Information Technology,"Cybersecurity, Linux, Networking","Cybersecurity, Git, Linux, Networking","Kubernetes, Docker, CI/CD",CI/CD automation,Medium,Data Engineer,4,4,7,2,14
751,Computer Engineering,"Algorithms, C++, DSA","Algorithms, C++, DSA","System Design, Testing, Git",Kubernetes and orchestration,Medium,Cybersecurity Analyst,0,8,3,0,16
752,Artificial Intelligence,"Git, Python, SQL","Git, Python, SQL","Cloud Databases, PostgreSQL, Docker",Production testing,Medium,Software Engineer,8,7,1,8,4
753,Information Technology,"CSS, HTML, JavaScript","CSS, Cloud Computing, HTML, JavaScript","TypeScript, Docker, AWS",Infrastructure as Code,Medium,Data Analyst,5,6,10,5,30
754,Artificial Intelligence,"Deep Learning, NLP, Python","Deep Learning, Git, NLP, Python","Docker, CI/CD, Kubernetes",Docker and containerization,Low,Cloud Engineer,8,8,9,11,22
755,Information Technology,"Cybersecurity, Linux, Networking","Cloud Computing, Cybersecurity, Linux, Networking","React, CI/CD, Next.js",CI/CD automation,Medium,Cybersecurity Analyst,8,1,8,12,3
756,Cybersecurity,"NumPy, Pandas, Python","Linux, NumPy, Pandas, Python","PostgreSQL, Cloud Databases, Docker",Cloud security,Low,Cloud Engineer,5,3,7,5,7
757,Computer Engineering,"CSS, HTML, JavaScript","CSS, HTML, JavaScript","Python, Power BI, Advanced SQL",Generative AI application development,Medium,Data Engineer,10,7,9,3,28
758,Data Science,"CSS, HTML, JavaScript","CSS, HTML, JavaScript","Kubernetes, PyTorch, Docker",Modern frontend development,High,Full Stack Developer,4,5,5,1,5
759,Data Science,"Cybersecurity, Linux, Networking","Cybersecurity, Linux, Networking","AWS, Terraform, Docker",ML lifecycle management,Medium,NLP Engineer,2,1,6,4,35
760,Computer Engineering,"Data Mining, Python, SQL","Data Mining, Python","Power BI, Advanced SQL, Python",CI/CD automation,Low,Frontend Developer,5,2,6,11,35
761,Information Technology,"Git, Linux, Shell Scripting","Git, Linux, SQL, Shell Scripting","MLflow, Docker, FastAPI",Kubernetes and orchestration,Medium,AI Engineer,6,10,7,11,27
762,Artificial Intelligence,"Machine Learning, Python, Statistics","Machine Learning, Python, Statistics","Power BI, Python, Advanced SQL",Large-scale data processing,High,Cloud Engineer,9,9,5,10,29
763,Data Science,"JavaScript, MongoDB, Node.js","Cloud Computing, JavaScript, MongoDB, Node.js","Advanced SQL, Python, Power BI",Production testing,High,Backend Developer,0,9,8,8,32
764,Data Science,"Machine Learning, Python, Statistics","Machine Learning, Python, Statistics","Docker, AWS, TypeScript",ML lifecycle management,Low,AI Engineer,1,5,4,2,7
765,Artificial Intelligence,"Machine Learning, Python, Statistics","Machine Learning, Python, Statistics","Power BI, Advanced SQL, Python",Cloud deployment,High,Cloud Engineer,1,3,8,8,10
766,Computer Science,"Deep Learning, NLP, Python","Deep Learning, JavaScript, NLP, Python","Airflow, Spark, Databricks",Docker and containerization,Low,MLOps Engineer,9,6,7,8,8
767,Data Science,"Machine Learning, Python, Statistics","Cloud Computing, Machine Learning, Python, Statistics","Airflow, Spark, Databricks",Reproducible ML pipelines,Low,ML Engineer,4,10,1,5,5
768,Computer Engineering,"Machine Learning, Python, Statistics","Machine Learning, Python, Statistics","Testing, React, TypeScript",System design,Medium,Data Analyst,0,6,1,11,33
769,Artificial Intelligence,"CSS, HTML, JavaScript","Cloud Computing, HTML, JavaScript","Next.js, CI/CD, React",ML lifecycle management,Medium,Full Stack Developer,7,2,7,4,8
770,Information Technology,"DBMS, MySQL, SQL","DBMS, JavaScript, MySQL, SQL","Spark, Airflow, Databricks",Modern frontend development,High,Software Engineer,2,0,6,11,16
771,Cybersecurity,"Cybersecurity, Linux, Networking","Cloud Computing, Cybersecurity, Linux, Networking","PostgreSQL, Cloud Databases, Docker",Cloud security,Medium,Frontend Developer,7,10,6,9,22
772,Cybersecurity,"NumPy, Pandas, Python","Git, NumPy, Pandas, Python","Docker, FastAPI, MLflow",Cloud security,High,NLP Engineer,3,10,6,1,11
773,Data Science,"JavaScript, MongoDB, Node.js","Cloud Computing, JavaScript, MongoDB, Node.js","Docker, Cloud Databases, PostgreSQL",Reproducible ML pipelines,Low,MLOps Engineer,0,4,4,8,13
774,Data Science,"Git, Python, SQL","Git, Python, SQL","Terraform, Docker, AWS",System design,Medium,ML Engineer,0,4,7,11,14
775,Artificial Intelligence,"DBMS, MySQL, SQL","DBMS, Linux, MySQL, SQL","React, CI/CD, Next.js",Generative AI application development,Medium,Frontend Developer,2,9,8,0,1
776,Data Science,"Java, OOP, SQL","Java, OOP, SQL","Kubernetes, MLflow, DVC",CI/CD automation,High,DevOps Engineer,5,8,3,2,34
777,Data Science,"Git, JavaScript, Web Development","Git, JavaScript, Python, Web Development","Kubernetes, Jenkins, Docker",Generative AI application development,Medium,Full Stack Developer,0,0,8,1,32
778,Data Science,"Machine Learning, Python, Statistics","Machine Learning, Python, SQL, Statistics","Power BI, Advanced SQL, Python",Production testing,Medium,NLP Engineer,6,10,6,2,17
779,Computer Science,"Java, OOP, SQL","Cloud Computing, Java, OOP, SQL","AWS, Spring Boot, Docker",Generative AI application development,Medium,Software Engineer,9,6,3,9,19
780,Artificial Intelligence,"Cybersecurity, Linux, Networking","Cybersecurity, Linux, Networking","Docker, Terraform, AWS",Advanced SQL,Medium,Backend Developer,4,6,1,3,26
781,Cybersecurity,"Machine Learning, Python, Statistics","Cloud Computing, Machine Learning, Python, Statistics","Python, Advanced SQL, Power BI",Reproducible ML pipelines,Medium,Software Engineer,8,1,7,3,36
782,Computer Science,"Cybersecurity, Linux, Networking","Cybersecurity, Linux, Networking, SQL","MLflow, Kubernetes, DVC",Monitoring and observability,Low,Data Analyst,8,2,3,7,15
783,Computer Science,"Algorithms, C++, DSA","Algorithms, C++, DSA, Linux","SIEM, Cloud Security, IAM",Production testing,High,NLP Engineer,6,4,5,2,2
784,Artificial Intelligence,"Git, Linux, Shell Scripting","Git, Linux, Shell Scripting","Kubernetes, Docker, PyTorch",Reproducible ML pipelines,Medium,DevOps Engineer,10,3,5,7,30
785,Cybersecurity,"Cloud Computing, Linux, Networking","Cloud Computing, Linux, Networking","Next.js, React, CI/CD",CI/CD automation,High,ML Engineer,2,8,1,2,12
786,Data Science,"Git, JavaScript, Web Development","Git, JavaScript, Linux, Web Development","Spring Boot, Docker, AWS",Reproducible ML pipelines,Medium,DevOps Engineer,0,4,1,6,18
787,Computer Engineering,"Data Mining, Python, SQL","Data Mining, Python, SQL","Spark, Airflow, Databricks",Model deployment,Medium,Data Engineer,9,5,8,9,16
788,Data Science,"NumPy, Pandas, Python","NumPy, Pandas, Python","Testing, TypeScript, React",Model deployment,High,Frontend Developer,5,6,2,2,30
789,Computer Science,"Git, Python, SQL","Python, SQL","FastAPI, MLflow, Docker",System design,Medium,Software Engineer,5,10,8,3,22
790,Computer Engineering,"Git, Python, SQL","Git, Python, SQL","Airflow, Databricks, Spark",Cloud security,High,Cloud Engineer,8,8,10,10,12
791,Computer Science,"Deep Learning, NLP, Python","Deep Learning, NLP, Python","Git, Testing, System Design",Infrastructure as Code,Medium,Backend Developer,9,9,9,4,30
792,Information Technology,"Algorithms, C++, DSA","Algorithms, C++, DSA","Docker, CI/CD, Kubernetes",Infrastructure as Code,Low,NLP Engineer,0,5,1,0,8
793,Cybersecurity,"Machine Learning, Python, Statistics","Linux, Machine Learning, Python, Statistics","Python, Advanced SQL, Power BI",Production testing,Medium,Backend Developer,6,7,5,4,33
794,Artificial Intelligence,"Cloud Computing, Linux, Networking","Cloud Computing, Linux, Networking","AWS, Spring Boot, Docker",Advanced SQL,High,Cybersecurity Analyst,8,7,7,11,16
795,Computer Engineering,"Java, OOP, SQL","Java, OOP, SQL","Docker, Terraform, AWS",System design,Low,Data Engineer,3,9,8,3,24
796,Artificial Intelligence,"Algorithms, C++, DSA","Algorithms, DSA","Airflow, Spark, Databricks",Cloud security,Medium,Software Engineer,4,8,0,9,17
797,Computer Science,"DBMS, MySQL, SQL","DBMS, MySQL, SQL","FastAPI, Docker, MLflow",Reproducible ML pipelines,High,Software Engineer,2,7,10,12,34
798,Computer Science,"Git, Python, SQL","Git, Python, SQL","Docker, TypeScript, AWS",Kubernetes and orchestration,Medium,Backend Developer,1,8,4,3,1
799,Artificial Intelligence,"Git, JavaScript, Web Development","Git, JavaScript, Web Development","Docker, PostgreSQL, Cloud Databases",Data pipeline engineering,High,Cloud Engineer,6,10,10,0,4
800,Information Technology,"Git, JavaScript, Web Development","Cloud Computing, Git, JavaScript, Web Development","Kubernetes, MLflow, DVC",Advanced SQL,Low,Software Engineer,2,10,0,4,17
801,Cybersecurity,"JavaScript, MongoDB, Node.js","JavaScript, MongoDB, Node.js","Spring Boot, AWS, Docker",CI/CD automation,Low,MLOps Engineer,1,2,5,9,1
802,Information Technology,"Machine Learning, Python, Statistics","Machine Learning, Python, SQL, Statistics","CI/CD, Docker, Kubernetes",Cloud security,High,Full Stack Developer,4,0,6,11,18
803,Information Technology,"Machine Learning, Python, Statistics","Linux, Python, Statistics","Git, Testing, System Design",Advanced SQL,Low,Data Analyst,1,7,5,9,23
804,Artificial Intelligence,"Machine Learning, Python, Statistics","Cloud Computing, Machine Learning, Python, Statistics","PostgreSQL, Docker, Cloud Databases",Scalable API development,Low,Cloud Engineer,5,10,10,12,18
805,Information Technology,"JavaScript, MongoDB, Node.js","JavaScript, MongoDB, Node.js","Kubernetes, Jenkins, Docker",CI/CD automation,High,Data Analyst,3,7,4,0,7
806,Cybersecurity,"DBMS, MySQL, SQL","DBMS, MySQL, Python, SQL","Docker, PostgreSQL, Cloud Databases",Scalable API development,Medium,Cloud Engineer,1,10,5,0,10
807,Data Science,"NumPy, Pandas, Python","NumPy, Pandas, Python","Docker, AWS, TypeScript",Docker and containerization,Medium,Frontend Developer,6,7,3,4,23
808,Cybersecurity,"JavaScript, MongoDB, Node.js","JavaScript, MongoDB, Node.js","Power BI, Advanced SQL, Python",Large-scale data processing,High,Full Stack Developer,4,9,6,9,1
809,Information Technology,"Cloud Computing, Linux, Networking","Cloud Computing, Linux, Networking","Git, System Design, Testing",ML lifecycle management,High,DevOps Engineer,10,5,0,1,19
810,Information Technology,"Machine Learning, Python, Statistics","Machine Learning, Python, Statistics","Docker, AWS, TypeScript",Model deployment,High,Full Stack Developer,2,3,3,6,5
811,Computer Engineering,"CSS, HTML, JavaScript","CSS, HTML, JavaScript","Testing, System Design, Git",Model deployment,Medium,MLOps Engineer,8,10,6,11,13
812,Data Science,"DBMS, MySQL, SQL","DBMS, MySQL, SQL","SIEM, Cloud Security, IAM",Scalable API development,High,Backend Developer,6,5,4,10,27
813,Cybersecurity,"Cybersecurity, Linux, Networking","Cybersecurity, Linux, Networking","Docker, AWS, Terraform",Production testing,High,Software Engineer,5,5,5,8,0
814,Cybersecurity,"Deep Learning, NLP, Python","Deep Learning, Git, NLP, Python","MLflow, DVC, Kubernetes",Kubernetes and orchestration,Low,Full Stack Developer,1,5,6,10,11
815,Data Science,"Algorithms, C++, DSA","Algorithms, C++, Cloud Computing, DSA","MLflow, Docker, FastAPI",Model deployment,Low,ML Engineer,7,1,5,10,6
816,Computer Engineering,"Git, JavaScript, Web Development","Git, Web Development","SIEM, Cloud Security, IAM",System design,Medium,ML Engineer,6,0,4,6,16
817,Computer Engineering,"DBMS, MySQL, SQL","DBMS, Linux, MySQL, SQL","AWS, Docker, Spring Boot",Monitoring and observability,High,AI Engineer,2,6,8,12,24
818,Computer Engineering,"Java, OOP, SQL","Cloud Computing, Java, OOP, SQL","Testing, System Design, Git",System design,Low,Cloud Engineer,4,0,1,7,29
819,Artificial Intelligence,"Git, Python, SQL","Git, Python, SQL","Databricks, Airflow, Spark",Docker and containerization,Medium,Data Analyst,4,5,6,0,28
820,Artificial Intelligence,"Machine Learning, Python, Statistics","Git, Machine Learning, Python, Statistics","PostgreSQL, Docker, Cloud Databases",Scalable API development,Low,AI Engineer,8,1,2,11,9
821,Computer Engineering,"NumPy, Pandas, Python","NumPy, Pandas, Python","IAM, Cloud Security, SIEM",Production testing,Medium,Cloud Engineer,1,5,5,0,9
822,Cybersecurity,"Git, Linux, Shell Scripting","Git, Shell Scripting","Cloud Databases, Docker, PostgreSQL",Cloud security,Medium,Cybersecurity Analyst,2,4,10,11,5
823,Data Science,"Java, OOP, SQL","Java, OOP, SQL","Kubernetes, MLflow, DVC",Production testing,Medium,DevOps Engineer,9,7,3,12,27
824,Artificial Intelligence,"Git, Linux, Shell Scripting","Git, Linux, Shell Scripting","Jenkins, Docker, Kubernetes",Scalable API development,High,Cloud Engineer,0,6,3,0,26
825,Computer Engineering,"Algorithms, C++, DSA","Algorithms, C++, DSA, JavaScript","MLflow, FastAPI, Docker",Production testing,Medium,Backend Developer,3,1,9,4,29
826,Cybersecurity,"Cybersecurity, Linux, Networking","Cybersecurity, JavaScript, Linux, Networking","Cloud Databases, Docker, PostgreSQL",Monitoring and observability,High,Software Engineer,7,2,7,11,31
827,Information Technology,"Cloud Computing, Linux, Networking","Cloud Computing, Linux, Networking","Kubernetes, Docker, Jenkins",CI/CD automation,Low,Cloud Engineer,1,3,8,5,19
828,Artificial Intelligence,"Machine Learning, Python, Statistics","Linux, Python, Statistics","Docker, AWS, TypeScript",Docker and containerization,Medium,ML Engineer,6,8,2,6,7
829,Computer Science,"Cybersecurity, Linux, Networking","Cybersecurity, Git, Linux, Networking","Testing, TypeScript, React",Scalable API development,Low,Frontend Developer,3,6,9,4,20
830,Artificial Intelligence,"DBMS, MySQL, SQL","DBMS, MySQL, SQL","AWS, Docker, Spring Boot",Monitoring and observability,Medium,Cybersecurity Analyst,6,7,7,4,28
831,Information Technology,"Data Mining, Python, SQL","Data Mining, Python, SQL","CI/CD, Next.js, React",Scalable API development,High,Backend Developer,6,3,10,0,14
832,Information Technology,"Deep Learning, NLP, Python","Deep Learning, Git, NLP, Python","Kubernetes, PyTorch, Docker",Monitoring and observability,High,Software Engineer,9,10,7,10,5
833,Artificial Intelligence,"Git, Python, SQL","Cloud Computing, Git, Python, SQL","Docker, Kubernetes, Jenkins",Model deployment,Medium,Full Stack Developer,2,7,3,5,8
834,Artificial Intelligence,"Java, OOP, SQL","Java, JavaScript, OOP, SQL","Spark, Databricks, Airflow",System design,Medium,Cloud Engineer,8,10,1,12,21
835,Information Technology,"CSS, HTML, JavaScript","HTML, JavaScript","Advanced SQL, Python, Power BI",Large-scale data processing,High,ML Engineer,6,4,8,1,34
836,Computer Engineering,"Git, Python, SQL","Cloud Computing, Git, Python","Python, Advanced SQL, Power BI",Large-scale data processing,Medium,AI Engineer,1,1,2,4,7
837,Computer Engineering,"Algorithms, C++, DSA","C++, DSA, SQL","Docker, AWS, TypeScript",CI/CD automation,Medium,Data Engineer,4,5,4,11,28
838,Artificial Intelligence,"Machine Learning, Python, Statistics","Machine Learning, Python, Statistics","Power BI, Advanced SQL, Python",Infrastructure as Code,Medium,NLP Engineer,3,5,9,5,18
839,Artificial Intelligence,"Git, Linux, Shell Scripting","Git, Linux, SQL, Shell Scripting","Git, System Design, Testing",Infrastructure as Code,Medium,Data Analyst,9,4,6,4,14
840,Computer Science,"Git, JavaScript, Web Development","Git, JavaScript, Python, Web Development","Testing, TypeScript, React",Large-scale data processing,Medium,AI Engineer,9,2,5,10,9
841,Cybersecurity,"Git, JavaScript, Web Development","Git, JavaScript, SQL, Web Development","Docker, Terraform, AWS",Model deployment,High,Cybersecurity Analyst,7,6,0,10,4
842,Artificial Intelligence,"CSS, HTML, JavaScript","CSS, HTML, JavaScript, Python","FastAPI, MLflow, Docker",Cloud deployment,High,NLP Engineer,7,7,9,10,0
843,Computer Engineering,"Git, JavaScript, Web Development","Git, JavaScript, Web Development","CI/CD, React, Next.js",Data pipeline engineering,Medium,Full Stack Developer,10,1,5,8,4
844,Artificial Intelligence,"Cloud Computing, Linux, Networking","Cloud Computing, Linux, Networking","Terraform, AWS, Docker",Kubernetes and orchestration,Low,NLP Engineer,4,2,10,3,14
845,Computer Engineering,"Git, Linux, Shell Scripting","Git, JavaScript, Linux, Shell Scripting","Python, Power BI, Advanced SQL",ML lifecycle management,Medium,AI Engineer,8,4,0,3,14
846,Information Technology,"Deep Learning, NLP, Python","Deep Learning, Linux, Python","MLflow, DVC, Kubernetes",System design,Low,Backend Developer,1,8,9,3,31
847,Artificial Intelligence,"Deep Learning, NLP, Python","Deep Learning, Git, NLP, Python","CI/CD, Kubernetes, Docker",ML lifecycle management,Medium,Cybersecurity Analyst,4,6,9,4,31
848,Computer Engineering,"Algorithms, C++, DSA","Algorithms, C++, DSA, JavaScript","TypeScript, Docker, AWS",Generative AI application development,Medium,Data Analyst,10,8,8,4,28
849,Computer Science,"Machine Learning, Python, Statistics","Machine Learning, Python, SQL, Statistics","System Design, Git, Testing",Model deployment,Medium,MLOps Engineer,10,4,1,7,21
850,Computer Engineering,"DBMS, MySQL, SQL","DBMS, MySQL","Terraform, Docker, AWS",Cloud security,Medium,DevOps Engineer,10,4,9,3,36
851,Computer Engineering,"Algorithms, C++, DSA","Algorithms, C++, DSA, Linux","Docker, AWS, TypeScript",Model deployment,High,Cloud Engineer,4,3,4,7,19
852,Artificial Intelligence,"Algorithms, C++, DSA","Algorithms, C++, DSA, SQL","FastAPI, Docker, MLflow",Modern frontend development,Medium,Data Analyst,0,6,0,6,22
853,Computer Engineering,"Machine Learning, Python, Statistics","Machine Learning, Python, Statistics","System Design, Testing, Git",ML lifecycle management,Low,AI Engineer,5,0,5,6,24
854,Artificial Intelligence,"Cloud Computing, Linux, Networking","Cloud Computing, Linux, Networking","AWS, Docker, Terraform",Advanced SQL,Medium,MLOps Engineer,2,5,7,11,30
855,Computer Science,"Machine Learning, Python, Statistics","Cloud Computing, Machine Learning, Python, Statistics","PostgreSQL, Docker, Cloud Databases",Scalable API development,Medium,Cloud Engineer,10,5,4,8,23
856,Data Science,"Data Mining, Python, SQL","Data Mining, Python, SQL","MLflow, FastAPI, Docker",Modern frontend development,Low,NLP Engineer,9,3,8,1,28
857,Information Technology,"JavaScript, MongoDB, Node.js","Cloud Computing, JavaScript, MongoDB, Node.js","PyTorch, Kubernetes, Docker",Docker and containerization,Medium,Data Analyst,5,7,3,2,20
858,Data Science,"CSS, HTML, JavaScript","CSS, HTML, JavaScript, Python","Power BI, Python, Advanced SQL",Docker and containerization,High,Data Analyst,6,6,7,12,3
859,Cybersecurity,"Git, Python, SQL","Git, Python, SQL","Airflow, Databricks, Spark",Large-scale data processing,Medium,Software Engineer,9,5,10,1,4
860,Cybersecurity,"Java, OOP, SQL","Java, OOP, SQL","Docker, AWS, Terraform",System design,High,Backend Developer,10,6,4,7,28
861,Computer Engineering,"Algorithms, C++, DSA","Algorithms, C++, DSA, Python","PostgreSQL, Cloud Databases, Docker",Modern frontend development,Medium,DevOps Engineer,0,9,6,0,0
862,Information Technology,"JavaScript, MongoDB, Node.js","JavaScript, MongoDB, Node.js, Python","IAM, SIEM, Cloud Security",System design,High,DevOps Engineer,9,2,3,12,9
863,Information Technology,"Machine Learning, Python, Statistics","JavaScript, Machine Learning, Python, Statistics","Git, Testing, System Design",Infrastructure as Code,High,NLP Engineer,5,5,3,10,13
864,Information Technology,"Machine Learning, Python, Statistics","Python, SQL, Statistics","Testing, System Design, Git",Cloud deployment,Low,MLOps Engineer,3,6,0,7,28
865,Data Science,"CSS, HTML, JavaScript","CSS, HTML, JavaScript","Testing, React, TypeScript",Large-scale data processing,Low,Frontend Developer,3,1,7,11,22
866,Computer Engineering,"JavaScript, MongoDB, Node.js","Git, JavaScript, MongoDB, Node.js","SIEM, Cloud Security, IAM",Large-scale data processing,Medium,Data Analyst,0,6,6,6,6
867,Artificial Intelligence,"JavaScript, MongoDB, Node.js","JavaScript, MongoDB, Node.js","FastAPI, MLflow, Docker",Production testing,High,Data Analyst,7,0,4,11,20
868,Computer Science,"Algorithms, C++, DSA","C++, DSA, JavaScript","CI/CD, Next.js, React",ML lifecycle management,High,Software Engineer,9,6,2,6,11
869,Information Technology,"Data Mining, Python, SQL","Data Mining, Python, SQL","AWS, Docker, Terraform",Data pipeline engineering,High,Frontend Developer,7,3,4,6,23
870,Artificial Intelligence,"Deep Learning, NLP, Python","Deep Learning, Git, NLP, Python","Docker, TypeScript, AWS",Infrastructure as Code,High,Software Engineer,9,8,2,2,6
871,Computer Science,"JavaScript, MongoDB, Node.js","JavaScript, Linux, MongoDB, Node.js","Airflow, Databricks, Spark",System design,Low,MLOps Engineer,9,10,0,4,30
872,Data Science,"Data Mining, Python, SQL","Data Mining, Python, SQL","Airflow, Databricks, Spark",Cloud deployment,Medium,Cloud Engineer,2,3,8,2,9
873,Information Technology,"DBMS, MySQL, SQL","DBMS, MySQL, SQL","Spring Boot, AWS, Docker",Cloud deployment,Medium,Cloud Engineer,2,10,4,5,29
874,Computer Engineering,"Deep Learning, NLP, Python","Deep Learning, NLP, Python, SQL","Docker, AWS, Terraform",Data pipeline engineering,Low,ML Engineer,6,10,0,12,12
875,Information Technology,"Git, Python, SQL","Git, Python, SQL","Git, Testing, System Design",ML lifecycle management,Medium,Data Engineer,3,7,9,4,34
876,Data Science,"Java, OOP, SQL","Java, JavaScript, OOP, SQL","Docker, Kubernetes, Jenkins",Advanced SQL,Medium,Frontend Developer,10,1,10,5,33
877,Artificial Intelligence,"Java, OOP, SQL","Java, OOP, SQL","Kubernetes, DVC, MLflow",Cloud deployment,High,Backend Developer,5,4,7,6,35
878,Computer Science,"Git, JavaScript, Web Development","Git, JavaScript, Web Development","Docker, AWS, Terraform",Large-scale data processing,High,Data Engineer,8,5,8,3,33
879,Information Technology,"JavaScript, MongoDB, Node.js","JavaScript, MongoDB, Node.js, Python","Git, Testing, System Design",Infrastructure as Code,High,Full Stack Developer,4,0,6,4,24
880,Cybersecurity,"Cybersecurity, Linux, Networking","Cybersecurity, Networking, SQL","Spark, Databricks, Airflow",Cloud security,Medium,DevOps Engineer,6,2,2,7,10
881,Information Technology,"Cybersecurity, Linux, Networking","Cybersecurity, Linux, Networking","MLflow, DVC, Kubernetes",CI/CD automation,Low,Data Engineer,6,1,9,10,9
882,Information Technology,"NumPy, Pandas, Python","NumPy, Pandas, Python","Testing, System Design, Git",Large-scale data processing,Low,Backend Developer,3,10,7,4,7
883,Cybersecurity,"Git, Linux, Shell Scripting","Git, Linux, Shell Scripting","Docker, PyTorch, Kubernetes",Monitoring and observability,High,AI Engineer,4,1,10,7,27
884,Cybersecurity,"Algorithms, C++, DSA","Algorithms, C++, DSA","Databricks, Spark, Airflow",Production testing,Medium,Data Analyst,9,9,5,3,31
885,Computer Engineering,"Cybersecurity, Linux, Networking","Cybersecurity, Git, Linux, Networking","Cloud Security, IAM, SIEM",Advanced SQL,Medium,AI Engineer,10,4,5,1,0
886,Computer Science,"Git, Linux, Shell Scripting","Git, JavaScript, Linux, Shell Scripting","MLflow, DVC, Kubernetes",Advanced SQL,Medium,Cybersecurity Analyst,9,8,10,6,2
887,Cybersecurity,"Java, OOP, SQL","Java, OOP, SQL","PyTorch, Docker, Kubernetes",Cloud deployment,Low,Backend Developer,6,0,5,10,28
888,Data Science,"Deep Learning, NLP, Python","Deep Learning, Linux, NLP, Python","CI/CD, React, Next.js",Modern frontend development,Medium,NLP Engineer,9,2,0,10,21
889,Computer Science,"Machine Learning, Python, Statistics","Git, Machine Learning, Python, Statistics","Databricks, Airflow, Spark",Data pipeline engineering,High,Data Analyst,3,4,7,12,3
890,Artificial Intelligence,"NumPy, Pandas, Python","NumPy, Pandas, Python","Kubernetes, Docker, Jenkins",Generative AI application development,High,Full Stack Developer,5,2,7,1,21
891,Artificial Intelligence,"Deep Learning, NLP, Python","Deep Learning, NLP, Python","Docker, AWS, Terraform",Cloud deployment,Medium,Data Analyst,5,9,7,10,11
892,Data Science,"CSS, HTML, JavaScript","CSS, HTML, JavaScript","MLflow, FastAPI, Docker",Data pipeline engineering,Medium,MLOps Engineer,0,1,3,9,19
893,Cybersecurity,"Git, Linux, Shell Scripting","Git, JavaScript, Linux, Shell Scripting","PostgreSQL, Docker, Cloud Databases",CI/CD automation,Medium,AI Engineer,9,10,6,4,9
894,Computer Engineering,"JavaScript, MongoDB, Node.js","JavaScript, MongoDB, Node.js, Python","Docker, AWS, Terraform",Cloud security,Low,AI Engineer,3,7,0,3,35
895,Information Technology,"DBMS, MySQL, SQL","DBMS, MySQL, Python, SQL","Docker, MLflow, FastAPI",Production testing,High,Full Stack Developer,0,4,3,0,30
896,Data Science,"Cybersecurity, Linux, Networking","Cybersecurity, JavaScript, Linux","Docker, Terraform, AWS",Advanced SQL,Medium,ML Engineer,6,5,5,3,20
897,Cybersecurity,"JavaScript, MongoDB, Node.js","JavaScript, MongoDB","Spring Boot, Docker, AWS",Infrastructure as Code,High,Cloud Engineer,1,9,3,11,22
898,Computer Engineering,"Git, Linux, Shell Scripting","Git, Linux, Shell Scripting","Cloud Databases, Docker, PostgreSQL",Kubernetes and orchestration,Medium,Data Analyst,9,6,1,2,1
899,Cybersecurity,"NumPy, Pandas, Python","NumPy, Pandas, Python","AWS, Terraform, Docker",Infrastructure as Code,Medium,AI Engineer,4,9,4,11,1
900,Computer Engineering,"Deep Learning, NLP, Python","Deep Learning, NLP, Python","Python, Advanced SQL, Power BI",Cloud security,Medium,MLOps Engineer,3,9,8,6,9
901,Cybersecurity,"DBMS, MySQL, SQL","DBMS, Git, MySQL, SQL","Kubernetes, PyTorch, Docker",Data pipeline engineering,Low,NLP Engineer,9,1,8,6,10
902,Computer Engineering,"CSS, HTML, JavaScript","CSS, HTML, JavaScript","Testing, TypeScript, React",Docker and containerization,High,Frontend Developer,5,1,1,6,36
903,Computer Engineering,"DBMS, MySQL, SQL","DBMS, MySQL, SQL","SIEM, Cloud Security, IAM",Model deployment,Medium,Data Engineer,2,6,4,7,5
904,Information Technology,"Machine Learning, Python, Statistics","Machine Learning, Python, SQL, Statistics","SIEM, Cloud Security, IAM",System design,Medium,Data Engineer,9,0,8,0,23
905,Computer Science,"Algorithms, C++, DSA","Algorithms, C++, DSA","Docker, Kubernetes, CI/CD",Cloud security,Low,ML Engineer,2,3,10,9,31
906,Information Technology,"Cloud Computing, Linux, Networking","Cloud Computing, Networking","TypeScript, React, Testing",Model deployment,Medium,Cloud Engineer,7,0,9,0,34
907,Computer Science,"Machine Learning, Python, Statistics","Machine Learning, Python, Statistics","Databricks, Spark, Airflow",ML lifecycle management,High,MLOps Engineer,7,10,8,6,28
908,Computer Science,"DBMS, MySQL, SQL","DBMS, MySQL, Python, SQL","Terraform, AWS, Docker",ML lifecycle management,Medium,MLOps Engineer,0,7,10,11,6
909,Cybersecurity,"Java, OOP, SQL","Java, OOP, SQL","Docker, Cloud Databases, PostgreSQL",Generative AI application development,Medium,AI Engineer,4,5,2,7,12
910,Artificial Intelligence,"DBMS, MySQL, SQL","DBMS, Linux, SQL","Cloud Security, IAM, SIEM",Scalable API development,Medium,MLOps Engineer,10,0,8,0,12
911,Computer Science,"Machine Learning, Python, Statistics","JavaScript, Machine Learning, Python, Statistics","Databricks, Spark, Airflow",Kubernetes and orchestration,Medium,AI Engineer,4,6,3,5,34
912,Computer Science,"Git, JavaScript, Web Development","Git, JavaScript, Web Development","Next.js, React, CI/CD",Large-scale data processing,Medium,Frontend Developer,1,7,2,3,20
913,Computer Science,"Git, Linux, Shell Scripting","Git, JavaScript, Linux, Shell Scripting","Testing, React, TypeScript",ML lifecycle management,Low,ML Engineer,0,3,10,5,11
914,Data Science,"Git, JavaScript, Web Development","Git, JavaScript, Web Development","Testing, TypeScript, React",Modern frontend development,Medium,Data Analyst,10,4,6,11,0
915,Data Science,"Git, JavaScript, Web Development","Git, JavaScript, Python, Web Development","IAM, Cloud Security, SIEM",Docker and containerization,Medium,Cloud Engineer,7,2,10,11,14
916,Computer Science,"DBMS, MySQL, SQL","DBMS, MySQL, SQL","Docker, AWS, Spring Boot",Scalable API development,High,AI Engineer,9,4,1,12,7
917,Data Science,"Git, JavaScript, Web Development","Git, JavaScript, Web Development","Spark, Databricks, Airflow",ML lifecycle management,Medium,MLOps Engineer,7,1,1,3,2
918,Data Science,"Algorithms, C++, DSA","Algorithms, C++, DSA","Docker, Spring Boot, AWS",Data pipeline engineering,Medium,Cloud Engineer,9,0,10,8,12
919,Information Technology,"Git, Linux, Shell Scripting","Git, Linux, Shell Scripting","Docker, AWS, TypeScript",Model deployment,Medium,Data Analyst,10,0,6,6,9
920,Artificial Intelligence,"Cloud Computing, Linux, Networking","Cloud Computing, Linux","Docker, Spring Boot, AWS",Large-scale data processing,Low,Full Stack Developer,8,5,0,1,4
921,Data Science,"Cloud Computing, Linux, Networking","Cloud Computing, Linux, Networking","AWS, Terraform, Docker",Production testing,Low,Backend Developer,9,0,6,12,36
922,Computer Science,"Git, JavaScript, Web Development","JavaScript, Web Development","TypeScript, Testing, React",Scalable API development,Low,MLOps Engineer,3,10,7,9,16
923,Artificial Intelligence,"DBMS, MySQL, SQL","DBMS, MySQL, Python, SQL","Advanced SQL, Power BI, Python",Infrastructure as Code,High,Full Stack Developer,4,2,5,11,1
924,Data Science,"Machine Learning, Python, Statistics","Linux, Machine Learning, Python, Statistics","MLflow, Docker, FastAPI",Scalable API development,High,Full Stack Developer,6,6,6,7,28
925,Data Science,"Cybersecurity, Linux, Networking","Cybersecurity, Linux, Networking, SQL","Power BI, Python, Advanced SQL",ML lifecycle management,Low,DevOps Engineer,9,3,10,12,23
926,Data Science,"Cloud Computing, Linux, Networking","Cloud Computing, Linux, Networking","React, Next.js, CI/CD",Scalable API development,Medium,Full Stack Developer,8,10,7,4,26
927,Computer Science,"CSS, HTML, JavaScript","CSS, HTML, JavaScript, Python","TypeScript, React, Testing",Model deployment,High,ML Engineer,6,9,10,2,17
928,Computer Engineering,"DBMS, MySQL, SQL","DBMS, MySQL, SQL","PyTorch, Docker, Kubernetes",ML lifecycle management,Medium,NLP Engineer,7,3,2,12,31
929,Artificial Intelligence,"Deep Learning, NLP, Python","Deep Learning, NLP, Python","Spark, Databricks, Airflow",Cloud deployment,Medium,Software Engineer,0,0,5,1,20
930,Artificial Intelligence,"CSS, HTML, JavaScript","CSS, HTML, JavaScript, Python","Kubernetes, Docker, Jenkins",Monitoring and observability,Low,Cloud Engineer,5,2,4,4,6
931,Cybersecurity,"Algorithms, C++, DSA","C++, DSA","Databricks, Airflow, Spark",Reproducible ML pipelines,Low,DevOps Engineer,1,10,2,7,6
932,Computer Science,"Algorithms, C++, DSA","Algorithms, C++, DSA, Linux","Airflow, Spark, Databricks",Data pipeline engineering,High,Cloud Engineer,0,7,10,9,22
933,Artificial Intelligence,"Java, OOP, SQL","OOP, Python, SQL","Databricks, Airflow, Spark",ML lifecycle management,High,Backend Developer,1,5,9,12,31
934,Computer Science,"Deep Learning, NLP, Python","Deep Learning, NLP, Python","Databricks, Spark, Airflow",Advanced SQL,Medium,DevOps Engineer,5,2,0,10,15
935,Computer Engineering,"Machine Learning, Python, Statistics","Linux, Machine Learning, Python, Statistics","FastAPI, MLflow, Docker",System design,Medium,NLP Engineer,8,0,2,9,0
936,Computer Engineering,"Deep Learning, NLP, Python","Deep Learning, NLP, Python","CI/CD, Kubernetes, Docker",Advanced SQL,Medium,Software Engineer,5,8,6,6,21
937,Information Technology,"JavaScript, MongoDB, Node.js","JavaScript, MongoDB, Node.js, Python","Kubernetes, Docker, Jenkins",CI/CD automation,Medium,MLOps Engineer,0,2,1,3,4
938,Information Technology,"JavaScript, MongoDB, Node.js","JavaScript, MongoDB, Node.js, Python","AWS, Docker, Spring Boot",Docker and containerization,High,Software Engineer,2,9,10,7,21
939,Computer Engineering,"Java, OOP, SQL","Cloud Computing, Java, SQL","Docker, PyTorch, Kubernetes",Docker and containerization,High,Backend Developer,0,1,6,5,33
940,Information Technology,"NumPy, Pandas, Python","Linux, NumPy, Pandas, Python","Next.js, React, CI/CD",Kubernetes and orchestration,Low,Data Analyst,1,2,3,4,9
941,Cybersecurity,"Deep Learning, NLP, Python","Deep Learning, NLP, Python","React, Testing, TypeScript",Monitoring and observability,Low,Frontend Developer,10,9,4,9,26
942,Cybersecurity,"DBMS, MySQL, SQL","DBMS, MySQL, SQL","FastAPI, Docker, MLflow",Docker and containerization,High,DevOps Engineer,2,1,0,1,31
943,Artificial Intelligence,"Data Mining, Python, SQL","Data Mining, Linux, SQL","Kubernetes, Jenkins, Docker",Data pipeline engineering,Medium,NLP Engineer,5,7,5,11,30
944,Artificial Intelligence,"NumPy, Pandas, Python","NumPy, Pandas, Python","FastAPI, MLflow, Docker",Production testing,High,Full Stack Developer,5,6,7,7,20
945,Data Science,"NumPy, Pandas, Python","NumPy, Pandas, Python","Next.js, React, CI/CD",Scalable API development,Low,NLP Engineer,5,6,10,2,25
946,Artificial Intelligence,"Git, Python, SQL","Git, Python, SQL","SIEM, IAM, Cloud Security",Model deployment,Low,Cloud Engineer,6,7,2,4,21
947,Information Technology,"Git, Python, SQL","Git, Python, SQL","Power BI, Advanced SQL, Python",Production testing,High,Data Analyst,6,6,2,7,3
948,Artificial Intelligence,"Java, OOP, SQL","Java, OOP, SQL","AWS, Docker, Spring Boot",Production testing,Medium,Frontend Developer,6,7,0,4,10
949,Artificial Intelligence,"DBMS, MySQL, SQL","DBMS, MySQL, SQL","Docker, FastAPI, MLflow",Large-scale data processing,Low,Frontend Developer,2,5,9,7,4
950,Computer Science,"NumPy, Pandas, Python","NumPy, Pandas, Python","Docker, AWS, TypeScript",Reproducible ML pipelines,High,Data Engineer,3,2,5,12,36
951,Information Technology,"Git, Linux, Shell Scripting","Git, Linux, Python, Shell Scripting","Kubernetes, PyTorch, Docker",Monitoring and observability,Medium,Software Engineer,2,9,5,1,33
952,Data Science,"NumPy, Pandas, Python","NumPy, Pandas, Python","Docker, PyTorch, Kubernetes",System design,High,Backend Developer,2,5,0,7,15
953,Information Technology,"DBMS, MySQL, SQL","DBMS, JavaScript, MySQL, SQL","Kubernetes, CI/CD, Docker",Monitoring and observability,Low,Data Analyst,10,3,9,9,7
954,Artificial Intelligence,"Git, Linux, Shell Scripting","Linux, Shell Scripting","CI/CD, Docker, Kubernetes",Modern frontend development,Medium,ML Engineer,4,3,2,4,1
955,Computer Science,"DBMS, MySQL, SQL","DBMS, SQL","PostgreSQL, Cloud Databases, Docker",Generative AI application development,Medium,ML Engineer,1,4,7,4,12
956,Computer Engineering,"Deep Learning, NLP, Python","JavaScript, NLP, Python","Advanced SQL, Power BI, Python",Reproducible ML pipelines,High,DevOps Engineer,6,8,0,10,27
957,Computer Engineering,"JavaScript, MongoDB, Node.js","JavaScript, MongoDB, Node.js","IAM, SIEM, Cloud Security",Monitoring and observability,Low,Data Analyst,2,7,1,1,8
958,Information Technology,"Java, OOP, SQL","Cloud Computing, OOP, SQL","Terraform, Docker, AWS",CI/CD automation,Low,Data Engineer,8,6,10,12,25
959,Computer Engineering,"Algorithms, C++, DSA","Algorithms, C++, DSA","AWS, Docker, Terraform",Advanced SQL,Medium,Backend Developer,10,10,8,0,3
960,Computer Engineering,"Git, JavaScript, Web Development","Git, JavaScript, Web Development","Kubernetes, Docker, Jenkins",Scalable API development,Medium,Data Engineer,8,4,7,0,26
961,Cybersecurity,"Java, OOP, SQL","Git, Java, OOP","CI/CD, Docker, Kubernetes",Data pipeline engineering,High,Cloud Engineer,3,2,8,0,18
962,Artificial Intelligence,"Cloud Computing, Linux, Networking","Cloud Computing, Linux, Networking, Python","TypeScript, Docker, AWS",Monitoring and observability,High,Data Analyst,6,1,10,4,28
963,Computer Science,"NumPy, Pandas, Python","NumPy, Pandas, Python","PyTorch, Kubernetes, Docker",Model deployment,High,Full Stack Developer,1,3,3,12,36
964,Computer Engineering,"Git, Linux, Shell Scripting","Git, Linux, Shell Scripting","Docker, MLflow, FastAPI",Data pipeline engineering,High,Data Analyst,9,4,3,8,1
965,Artificial Intelligence,"Git, Python, SQL","Git, Python, SQL","Testing, TypeScript, React",Scalable API development,Medium,AI Engineer,6,9,2,7,30
966,Cybersecurity,"Deep Learning, NLP, Python","Deep Learning, NLP, Python","MLflow, FastAPI, Docker",Cloud deployment,High,Backend Developer,0,4,0,4,28
967,Data Science,"Git, Linux, Shell Scripting","Git, Linux","PyTorch, Docker, Kubernetes",Data pipeline engineering,Medium,ML Engineer,10,0,4,12,2
968,Computer Science,"Machine Learning, Python, Statistics","Python, Statistics","Testing, Git, System Design",Production testing,Low,Backend Developer,0,9,7,1,9
969,Information Technology,"Java, OOP, SQL","OOP, SQL","SIEM, IAM, Cloud Security",Model deployment,High,ML Engineer,4,4,7,3,17
970,Computer Science,"DBMS, MySQL, SQL","MySQL, SQL","FastAPI, Docker, MLflow",Kubernetes and orchestration,High,Cybersecurity Analyst,3,0,4,5,5
971,Cybersecurity,"JavaScript, MongoDB, Node.js","JavaScript, MongoDB, Node.js","Python, Power BI, Advanced SQL",Generative AI application development,Medium,Data Engineer,10,5,6,2,25
972,Artificial Intelligence,"NumPy, Pandas, Python","NumPy, Pandas","Docker, TypeScript, AWS",Data pipeline engineering,High,ML Engineer,2,5,5,10,29
973,Data Science,"Machine Learning, Python, Statistics","Machine Learning, Statistics","Docker, Terraform, AWS",Infrastructure as Code,Medium,Cybersecurity Analyst,9,2,3,11,25
974,Computer Science,"Git, JavaScript, Web Development","Git, JavaScript, Web Development","IAM, SIEM, Cloud Security",Cloud deployment,Medium,DevOps Engineer,8,10,2,11,14
975,Computer Engineering,"Git, Linux, Shell Scripting","Git, Linux, Shell Scripting","DVC, Kubernetes, MLflow",Generative AI application development,High,Data Engineer,9,5,6,11,6
976,Information Technology,"DBMS, MySQL, SQL","Cloud Computing, DBMS, MySQL, SQL","PostgreSQL, Cloud Databases, Docker",Large-scale data processing,Low,Software Engineer,1,4,3,12,25
977,Artificial Intelligence,"Git, JavaScript, Web Development","Git, JavaScript, Web Development","TypeScript, React, Testing",Docker and containerization,Low,Software Engineer,2,10,1,1,16
978,Data Science,"Java, OOP, SQL","Java, OOP, SQL","Cloud Security, IAM, SIEM",Cloud security,Low,Cloud Engineer,3,4,6,9,30
979,Computer Engineering,"Deep Learning, NLP, Python","Deep Learning, Linux, NLP, Python","Docker, Kubernetes, PyTorch",Docker and containerization,Medium,Data Engineer,8,1,6,11,22
980,Computer Engineering,"NumPy, Pandas, Python","Linux, NumPy, Pandas, Python","Docker, CI/CD, Kubernetes",Generative AI application development,Low,Data Analyst,10,1,7,6,21
981,Information Technology,"Deep Learning, NLP, Python","Deep Learning, NLP, Python, SQL","Python, Advanced SQL, Power BI",ML lifecycle management,High,MLOps Engineer,0,10,2,9,1
982,Cybersecurity,"NumPy, Pandas, Python","Linux, NumPy, Pandas, Python","AWS, Spring Boot, Docker",Generative AI application development,Medium,NLP Engineer,9,1,8,7,11
983,Data Science,"Machine Learning, Python, Statistics","Machine Learning, Python, SQL, Statistics","React, CI/CD, Next.js",Infrastructure as Code,Medium,Cybersecurity Analyst,7,3,0,6,11
984,Data Science,"Git, Python, SQL","Git, Python, SQL","FastAPI, Docker, MLflow",Production testing,Medium,MLOps Engineer,1,2,2,2,36
985,Computer Science,"NumPy, Pandas, Python","Cloud Computing, NumPy, Pandas, Python","Python, Power BI, Advanced SQL",Data pipeline engineering,High,AI Engineer,7,0,4,6,35
986,Computer Engineering,"Cybersecurity, Linux, Networking","Cybersecurity, Linux, Networking, SQL","AWS, Spring Boot, Docker",Scalable API development,High,MLOps Engineer,1,0,2,1,36
987,Information Technology,"DBMS, MySQL, SQL","DBMS, JavaScript, MySQL, SQL","Testing, TypeScript, React",Model deployment,Medium,Backend Developer,8,0,3,3,9
988,Artificial Intelligence,"Algorithms, C++, DSA","Algorithms, C++","Kubernetes, Jenkins, Docker",Advanced SQL,Low,Cybersecurity Analyst,2,5,3,7,13
989,Information Technology,"DBMS, MySQL, SQL","DBMS, MySQL, Python","Power BI, Python, Advanced SQL",Large-scale data processing,Low,Frontend Developer,8,1,9,2,15
990,Computer Engineering,"Machine Learning, Python, Statistics","Machine Learning, Python, Statistics","SIEM, Cloud Security, IAM",Modern frontend development,Medium,Data Analyst,5,6,0,3,23
991,Data Science,"NumPy, Pandas, Python","Pandas, Python","Docker, PyTorch, Kubernetes",Large-scale data processing,Medium,NLP Engineer,9,8,4,7,4
992,Data Science,"Deep Learning, NLP, Python","Deep Learning, NLP, Python","Kubernetes, CI/CD, Docker",Advanced SQL,Medium,ML Engineer,8,9,5,4,30
993,Cybersecurity,"NumPy, Pandas, Python","NumPy, Pandas, Python","Cloud Security, IAM, SIEM",Infrastructure as Code,Medium,DevOps Engineer,7,5,8,8,4
994,Artificial Intelligence,"DBMS, MySQL, SQL","DBMS, MySQL, SQL","Docker, MLflow, FastAPI",Monitoring and observability,Medium,Full Stack Developer,5,4,3,5,33
995,Computer Engineering,"Cybersecurity, Linux, Networking","Cybersecurity, Linux, Networking","FastAPI, Docker, MLflow",Infrastructure as Code,Low,Cloud Engineer,10,10,5,11,34
996,Cybersecurity,"JavaScript, MongoDB, Node.js","JavaScript, MongoDB, Node.js","Testing, React, TypeScript",Cloud security,Low,AI Engineer,9,10,5,2,31
997,Artificial Intelligence,"CSS, HTML, JavaScript","CSS, HTML, JavaScript, SQL","Cloud Security, SIEM, IAM",Infrastructure as Code,Medium,Data Engineer,1,6,8,6,0
998,Computer Science,"CSS, HTML, JavaScript","CSS, HTML, JavaScript","Kubernetes, DVC, MLflow",Advanced SQL,Medium,DevOps Engineer,4,0,6,10,31
999,Cybersecurity,"Java, OOP, SQL","Java, OOP, SQL","Power BI, Advanced SQL, Python",Kubernetes and orchestration,High,Software Engineer,8,8,4,2,6
1000,Computer Engineering,"DBMS, MySQL, SQL","Cloud Computing, DBMS, MySQL, SQL","Cloud Security, IAM, SIEM",Advanced SQL,Low,Data Engineer,3,3,9,9,36
1001,Artificial Intelligence,"Data Mining, Python, SQL","Data Mining, Python, SQL","Docker, AWS, Terraform",ML lifecycle management,High,ML Engineer,1,9,9,4,31
1002,Computer Science,"Java, OOP, SQL","Java, OOP","React, Testing, TypeScript",Advanced SQL,High,Full Stack Developer,10,4,6,9,24
1003,Data Science,"CSS, HTML, JavaScript","CSS, Git, HTML, JavaScript","Testing, TypeScript, React",Scalable API development,Medium,Frontend Developer,8,4,3,10,31
1004,Data Science,"Machine Learning, Python, Statistics","Machine Learning, SQL, Statistics","Databricks, Airflow, Spark",CI/CD automation,Medium,AI Engineer,6,3,3,5,22
1005,Data Science,"Machine Learning, Python, Statistics","Machine Learning, Python, Statistics","Testing, React, TypeScript",Docker and containerization,Medium,MLOps Engineer,7,0,6,9,22
1006,Artificial Intelligence,"Cybersecurity, Linux, Networking","Cloud Computing, Cybersecurity, Linux, Networking","Kubernetes, Docker, CI/CD",Advanced SQL,Medium,ML Engineer,5,4,7,2,10
1007,Information Technology,"Git, JavaScript, Web Development","Git, JavaScript, Web Development","Docker, PyTorch, Kubernetes",Scalable API development,Low,Software Engineer,1,2,1,9,35
1008,Computer Science,"Machine Learning, Python, Statistics","Machine Learning, Python, SQL, Statistics","Spring Boot, AWS, Docker",Advanced SQL,Medium,ML Engineer,4,2,8,1,14
1009,Computer Science,"Deep Learning, NLP, Python","Cloud Computing, Deep Learning, Python","CI/CD, Docker, Kubernetes",ML lifecycle management,Medium,NLP Engineer,1,4,2,8,7
1010,Data Science,"Cloud Computing, Linux, Networking","Cloud Computing, Linux, Networking","Kubernetes, MLflow, DVC",Advanced SQL,Medium,Frontend Developer,6,2,2,0,30
1011,Information Technology,"Git, JavaScript, Web Development","Git, JavaScript, Web Development","System Design, Testing, Git",System design,Medium,Data Analyst,1,3,2,10,2
1012,Computer Science,"Cybersecurity, Linux, Networking","Cybersecurity, Linux, Networking","Git, Testing, System Design",Scalable API development,Medium,NLP Engineer,10,8,5,12,36
1013,Computer Engineering,"Git, JavaScript, Web Development","Git, JavaScript, SQL, Web Development","Jenkins, Kubernetes, Docker",Reproducible ML pipelines,Medium,DevOps Engineer,1,9,5,4,7
1014,Cybersecurity,"Data Mining, Python, SQL","Data Mining, Python, SQL","SIEM, Cloud Security, IAM",Docker and containerization,Medium,Full Stack Developer,7,9,2,10,19
1015,Data Science,"CSS, HTML, JavaScript","CSS, HTML, JavaScript, Python","Git, Testing, System Design",System design,Medium,ML Engineer,3,7,2,6,3
1016,Information Technology,"Algorithms, C++, DSA","Algorithms, C++, DSA, Git","Databricks, Airflow, Spark",Scalable API development,Low,MLOps Engineer,9,4,5,8,35
1017,Data Science,"Git, Python, SQL","Git, Python, SQL","Airflow, Spark, Databricks",ML lifecycle management,Low,Data Engineer,1,2,8,4,3
1018,Computer Science,"Cloud Computing, Linux, Networking","Linux, Networking, SQL","TypeScript, React, Testing",Cloud security,Medium,Data Engineer,7,7,6,12,32
1019,Computer Science,"DBMS, MySQL, SQL","Cloud Computing, DBMS, MySQL, SQL","DVC, Kubernetes, MLflow",Scalable API development,Low,Frontend Developer,2,2,3,1,24
1020,Artificial Intelligence,"Cybersecurity, Linux, Networking","Linux, Networking, SQL","TypeScript, Testing, React",Infrastructure as Code,Medium,ML Engineer,0,1,2,0,16
1021,Computer Engineering,"NumPy, Pandas, Python","Linux, NumPy, Pandas, Python","MLflow, Kubernetes, DVC",Reproducible ML pipelines,Low,Cybersecurity Analyst,5,9,5,7,16
1022,Cybersecurity,"Cloud Computing, Linux, Networking","Cloud Computing, Linux, Networking","Docker, AWS, Terraform",Monitoring and observability,Medium,Cybersecurity Analyst,9,3,3,0,27
1023,Data Science,"Machine Learning, Python, Statistics","Machine Learning, Python, Statistics","AWS, Docker, TypeScript",Kubernetes and orchestration,High,ML Engineer,1,2,8,3,14
1024,Information Technology,"NumPy, Pandas, Python","Git, NumPy, Pandas, Python","Airflow, Databricks, Spark",Scalable API development,Medium,ML Engineer,1,3,2,9,30
1025,Computer Engineering,"Java, OOP, SQL","Git, Java, OOP, SQL","DVC, MLflow, Kubernetes",Modern frontend development,High,Frontend Developer,5,1,4,3,31
1026,Data Science,"Data Mining, Python, SQL","Data Mining, Linux, Python, SQL","Cloud Security, SIEM, IAM",Model deployment,Medium,Full Stack Developer,9,6,1,1,5
1027,Computer Science,"Machine Learning, Python, Statistics","JavaScript, Machine Learning, Python, Statistics","Jenkins, Kubernetes, Docker",Infrastructure as Code,High,NLP Engineer,2,0,2,4,23
1028,Computer Engineering,"DBMS, MySQL, SQL","DBMS, MySQL, SQL","Airflow, Databricks, Spark",Model deployment,Medium,Software Engineer,0,9,1,0,0
1029,Information Technology,"Machine Learning, Python, Statistics","Machine Learning, Python, Statistics","Git, System Design, Testing",Cloud security,Medium,Data Analyst,2,1,7,9,16
1030,Information Technology,"DBMS, MySQL, SQL","DBMS, MySQL","DVC, MLflow, Kubernetes",Scalable API development,High,Software Engineer,7,5,8,4,18
1031,Computer Engineering,"Git, Linux, Shell Scripting","Git, Linux, Python, Shell Scripting","React, CI/CD, Next.js",Monitoring and observability,High,Cybersecurity Analyst,2,2,0,1,3
1032,Cybersecurity,"Data Mining, Python, SQL","Data Mining, Python, SQL","AWS, Docker, Spring Boot",Production testing,High,Cloud Engineer,6,1,10,10,35
1033,Computer Engineering,"Deep Learning, NLP, Python","Deep Learning, Python","Docker, MLflow, FastAPI",ML lifecycle management,Medium,ML Engineer,0,4,6,2,31
1034,Data Science,"DBMS, MySQL, SQL","DBMS, MySQL, SQL","IAM, Cloud Security, SIEM",Modern frontend development,Medium,Data Engineer,0,2,4,6,5
1035,Data Science,"Data Mining, Python, SQL","Data Mining, Python","TypeScript, Docker, AWS",Kubernetes and orchestration,High,ML Engineer,9,5,5,0,6
1036,Data Science,"Machine Learning, Python, Statistics","Machine Learning, Statistics","Next.js, CI/CD, React",Large-scale data processing,High,AI Engineer,6,0,7,11,35
1037,Artificial Intelligence,"Cloud Computing, Linux, Networking","Cloud Computing, Linux, Networking, SQL","DVC, Kubernetes, MLflow",CI/CD automation,Medium,Cybersecurity Analyst,9,9,3,5,14
1038,Data Science,"Machine Learning, Python, Statistics","Machine Learning, Python, Statistics","Docker, FastAPI, MLflow",Advanced SQL,High,Cybersecurity Analyst,8,3,0,3,28
1039,Information Technology,"Cybersecurity, Linux, Networking","Cybersecurity, Git, Linux, Networking","Docker, Kubernetes, CI/CD",Modern frontend development,Medium,DevOps Engineer,7,9,3,8,35
1040,Artificial Intelligence,"Machine Learning, Python, Statistics","Machine Learning, Python, Statistics","Spring Boot, AWS, Docker",Monitoring and observability,Medium,AI Engineer,10,6,1,5,15
1041,Data Science,"Git, Python, SQL","Cloud Computing, Git, Python, SQL","Docker, Spring Boot, AWS",Advanced SQL,Low,Data Analyst,3,2,5,1,18
1042,Artificial Intelligence,"Cloud Computing, Linux, Networking","Cloud Computing, Linux, Networking","Jenkins, Kubernetes, Docker",Advanced SQL,High,Backend Developer,5,1,8,12,34
1043,Data Science,"Cloud Computing, Linux, Networking","Cloud Computing, JavaScript, Linux, Networking","Docker, Spring Boot, AWS",CI/CD automation,Low,NLP Engineer,3,8,4,11,1
1044,Cybersecurity,"Machine Learning, Python, Statistics","Machine Learning, Python, Statistics","Kubernetes, MLflow, DVC",Model deployment,Low,Data Engineer,10,5,0,5,24
1045,Data Science,"Java, OOP, SQL","Linux, OOP, SQL","Kubernetes, MLflow, DVC",CI/CD automation,High,AI Engineer,8,7,6,5,23
1046,Information Technology,"Data Mining, Python, SQL","Data Mining, Python, SQL","Kubernetes, CI/CD, Docker",Docker and containerization,Medium,ML Engineer,2,1,9,8,35
1047,Computer Science,"Deep Learning, NLP, Python","Deep Learning, JavaScript, NLP, Python","Git, System Design, Testing",Cloud deployment,High,Data Engineer,3,4,8,6,18
1048,Computer Science,"Git, JavaScript, Web Development","Git, JavaScript, SQL, Web Development","Docker, Spring Boot, AWS",Advanced SQL,High,AI Engineer,5,6,1,8,23
1049,Computer Science,"NumPy, Pandas, Python","NumPy, Pandas, Python","MLflow, FastAPI, Docker",Monitoring and observability,Low,Data Analyst,8,9,9,1,23
1050,Computer Science,"Java, OOP, SQL","Java, OOP, SQL","FastAPI, MLflow, Docker",ML lifecycle management,Low,Cloud Engineer,0,4,4,12,35
1051,Cybersecurity,"Data Mining, Python, SQL","Cloud Computing, Data Mining, Python, SQL","Next.js, CI/CD, React",Generative AI application development,Medium,AI Engineer,6,0,4,6,5
1052,Computer Engineering,"JavaScript, MongoDB, Node.js","JavaScript, MongoDB","Docker, FastAPI, MLflow",Kubernetes and orchestration,Low,MLOps Engineer,8,1,4,2,35
1053,Information Technology,"Java, OOP, SQL","Cloud Computing, Java, OOP, SQL","Docker, TypeScript, AWS",Docker and containerization,High,Backend Developer,2,10,8,3,26
1054,Computer Science,"DBMS, MySQL, SQL","DBMS, MySQL, SQL","Docker, AWS, Terraform",Reproducible ML pipelines,High,Full Stack Developer,6,3,9,10,24
1055,Information Technology,"Git, JavaScript, Web Development","Git, JavaScript, Python, Web Development","Terraform, AWS, Docker",Cloud security,Medium,Cloud Engineer,6,4,10,9,31
1056,Computer Science,"Java, OOP, SQL","Cloud Computing, Java, OOP, SQL","IAM, SIEM, Cloud Security",Cloud deployment,Low,Frontend Developer,0,3,3,11,2
1057,Computer Engineering,"Java, OOP, SQL","Java, OOP, Python, SQL","Docker, PostgreSQL, Cloud Databases",ML lifecycle management,Low,Software Engineer,6,1,5,3,28
1058,Information Technology,"Algorithms, C++, DSA","Algorithms, C++, DSA, Git","Kubernetes, Docker, Jenkins",Scalable API development,Medium,ML Engineer,10,3,10,2,13
1059,Data Science,"JavaScript, MongoDB, Node.js","JavaScript, MongoDB, Node.js","TypeScript, Testing, React",Reproducible ML pipelines,High,MLOps Engineer,4,0,6,7,10
1060,Computer Science,"Machine Learning, Python, Statistics","Machine Learning, Python, Statistics","Spark, Airflow, Databricks",Modern frontend development,Medium,Full Stack Developer,4,4,2,6,0
1061,Data Science,"Machine Learning, Python, Statistics","JavaScript, Machine Learning, Python, Statistics","MLflow, DVC, Kubernetes",System design,Medium,Full Stack Developer,6,4,2,7,14
1062,Data Science,"Data Mining, Python, SQL","Data Mining, Python, SQL","Git, System Design, Testing",Large-scale data processing,Medium,DevOps Engineer,4,5,8,4,6
1063,Artificial Intelligence,"Git, JavaScript, Web Development","Git, JavaScript, SQL, Web Development","PostgreSQL, Cloud Databases, Docker",Cloud deployment,Low,Cloud Engineer,3,10,8,9,36
1064,Cybersecurity,"Data Mining, Python, SQL","Data Mining, Python, SQL","System Design, Git, Testing",Reproducible ML pipelines,Medium,Software Engineer,4,6,4,11,17
1065,Cybersecurity,"CSS, HTML, JavaScript","CSS, HTML, JavaScript","Docker, PostgreSQL, Cloud Databases",Reproducible ML pipelines,Medium,ML Engineer,5,0,5,5,30
1066,Information Technology,"Cloud Computing, Linux, Networking","Cloud Computing, Linux, Networking","AWS, TypeScript, Docker",Cloud deployment,Low,Backend Developer,6,0,3,7,26
1067,Cybersecurity,"Git, Linux, Shell Scripting","Git, JavaScript, Linux, Shell Scripting","Spring Boot, Docker, AWS",ML lifecycle management,Low,AI Engineer,0,4,0,9,26
1068,Computer Science,"Machine Learning, Python, Statistics","Linux, Machine Learning, Python, Statistics","PostgreSQL, Cloud Databases, Docker",Cloud deployment,Low,Full Stack Developer,0,7,4,8,10
1069,Computer Engineering,"Machine Learning, Python, Statistics","Machine Learning, Python, Statistics","Docker, Jenkins, Kubernetes",Modern frontend development,Medium,Full Stack Developer,8,9,3,9,17
1070,Computer Science,"Cybersecurity, Linux, Networking","Cybersecurity, Linux, Networking, SQL","Kubernetes, Jenkins, Docker",Docker and containerization,Medium,Frontend Developer,10,4,3,2,10
1071,Information Technology,"Git, Linux, Shell Scripting","Git, Shell Scripting","CI/CD, Kubernetes, Docker",Kubernetes and orchestration,Low,MLOps Engineer,9,2,0,1,13
1072,Artificial Intelligence,"DBMS, MySQL, SQL","DBMS, MySQL, SQL","MLflow, DVC, Kubernetes",CI/CD automation,High,Frontend Developer,0,2,5,0,34
1073,Information Technology,"DBMS, MySQL, SQL","DBMS, MySQL","Next.js, React, CI/CD",Cloud deployment,Low,ML Engineer,4,8,8,10,33
1074,Cybersecurity,"Data Mining, Python, SQL","Data Mining, Python, SQL","Databricks, Spark, Airflow",Generative AI application development,Low,Cloud Engineer,6,2,9,12,28
1075,Artificial Intelligence,"JavaScript, MongoDB, Node.js","Cloud Computing, JavaScript, MongoDB, Node.js","Docker, FastAPI, MLflow",Scalable API development,High,Full Stack Developer,1,9,1,12,8
1076,Computer Science,"CSS, HTML, JavaScript","CSS, HTML, JavaScript","Kubernetes, Jenkins, Docker",Scalable API development,Low,MLOps Engineer,8,2,8,3,8
1077,Information Technology,"Data Mining, Python, SQL","Data Mining, JavaScript, Python, SQL","Docker, Kubernetes, CI/CD",Generative AI application development,Low,DevOps Engineer,4,4,5,8,8
1078,Information Technology,"Git, Python, SQL","Git, Python, SQL","SIEM, Cloud Security, IAM",System design,Medium,Cloud Engineer,5,7,2,10,17
1079,Artificial Intelligence,"Git, Python, SQL","Git, Python, SQL","CI/CD, Docker, Kubernetes",Docker and containerization,High,AI Engineer,5,2,10,9,5
1080,Computer Science,"Git, Linux, Shell Scripting","Git, Linux, Shell Scripting","React, Testing, TypeScript",Data pipeline engineering,High,Cybersecurity Analyst,5,5,6,10,7
1081,Cybersecurity,"DBMS, MySQL, SQL","DBMS, MySQL, SQL","Docker, FastAPI, MLflow",Generative AI application development,Low,Frontend Developer,8,1,2,2,18
1082,Cybersecurity,"Deep Learning, NLP, Python","Deep Learning, Linux, NLP, Python","MLflow, Kubernetes, DVC",Docker and containerization,Medium,MLOps Engineer,10,4,3,6,22
1083,Computer Engineering,"JavaScript, MongoDB, Node.js","JavaScript, MongoDB, Node.js","Spring Boot, Docker, AWS",Cloud deployment,Low,ML Engineer,4,8,3,5,23
1084,Computer Engineering,"Git, Python, SQL","Git, Python, SQL","AWS, TypeScript, Docker",Generative AI application development,Medium,Software Engineer,0,6,3,3,26
1085,Cybersecurity,"Git, JavaScript, Web Development","Git, JavaScript, Web Development","PyTorch, Kubernetes, Docker",Large-scale data processing,High,NLP Engineer,0,4,0,1,25
1086,Artificial Intelligence,"Git, JavaScript, Web Development","Git, JavaScript, Web Development","Docker, AWS, Terraform",Advanced SQL,High,Data Analyst,7,3,8,3,24
1087,Computer Engineering,"Machine Learning, Python, Statistics","Git, Machine Learning, Python, Statistics","React, TypeScript, Testing",CI/CD automation,Medium,Cybersecurity Analyst,2,8,9,10,19
1088,Data Science,"Machine Learning, Python, Statistics","Linux, Machine Learning, Python, Statistics","Testing, System Design, Git",Large-scale data processing,Low,AI Engineer,4,4,1,7,2
1089,Data Science,"Machine Learning, Python, Statistics","Machine Learning, Python, SQL, Statistics","PostgreSQL, Cloud Databases, Docker",Kubernetes and orchestration,Medium,Data Analyst,10,5,5,8,11
1090,Artificial Intelligence,"CSS, HTML, JavaScript","CSS, HTML","Next.js, React, CI/CD",Advanced SQL,Medium,ML Engineer,1,5,3,8,32
1091,Cybersecurity,"Algorithms, C++, DSA","Algorithms, C++, DSA","CI/CD, Next.js, React",Kubernetes and orchestration,High,MLOps Engineer,4,10,10,0,18
1092,Information Technology,"CSS, HTML, JavaScript","CSS, JavaScript, SQL","Databricks, Spark, Airflow",Scalable API development,High,Backend Developer,1,1,1,11,29
1093,Cybersecurity,"NumPy, Pandas, Python","NumPy, Python","Docker, Jenkins, Kubernetes",ML lifecycle management,Medium,Backend Developer,6,10,5,3,2
1094,Data Science,"Git, JavaScript, Web Development","Git, JavaScript, Web Development","Kubernetes, CI/CD, Docker",Large-scale data processing,High,Cloud Engineer,1,7,8,6,35
1095,Computer Engineering,"Git, JavaScript, Web Development","JavaScript, Web Development","Docker, AWS, Terraform",Docker and containerization,High,NLP Engineer,6,1,8,2,33
1096,Computer Science,"CSS, HTML, JavaScript","CSS, HTML, JavaScript, Linux","Kubernetes, Jenkins, Docker",Cloud security,Medium,AI Engineer,0,9,10,3,25
1097,Artificial Intelligence,"Deep Learning, NLP, Python","Deep Learning, Git, Python","MLflow, DVC, Kubernetes",Production testing,Low,Data Analyst,5,0,9,2,26
1098,Information Technology,"Algorithms, C++, DSA","Algorithms, C++, DSA","React, CI/CD, Next.js",Infrastructure as Code,Medium,DevOps Engineer,4,5,5,6,4
1099,Computer Science,"Machine Learning, Python, Statistics","Cloud Computing, Machine Learning, Python, Statistics","Airflow, Spark, Databricks",Generative AI application development,Medium,DevOps Engineer,10,0,5,3,31
1100,Data Science,"Cybersecurity, Linux, Networking","Cybersecurity, Linux, Networking","IAM, SIEM, Cloud Security",Cloud deployment,Medium,Backend Developer,0,0,3,0,33
1101,Information Technology,"JavaScript, MongoDB, Node.js","JavaScript, Node.js","IAM, SIEM, Cloud Security",Monitoring and observability,High,Backend Developer,2,3,4,5,22
1102,Computer Science,"Git, JavaScript, Web Development","Git, JavaScript, Python, Web Development","Cloud Security, SIEM, IAM",Reproducible ML pipelines,Low,Cybersecurity Analyst,8,4,4,11,2
1103,Computer Science,"CSS, HTML, JavaScript","CSS, JavaScript","MLflow, Docker, FastAPI",Cloud security,High,Data Engineer,6,0,3,3,23
1104,Cybersecurity,"Git, Linux, Shell Scripting","Cloud Computing, Git, Linux, Shell Scripting","AWS, Docker, Spring Boot",Kubernetes and orchestration,High,Software Engineer,4,4,9,2,1
1105,Computer Engineering,"NumPy, Pandas, Python","NumPy, Pandas, Python","FastAPI, Docker, MLflow",Modern frontend development,Medium,Cloud Engineer,8,10,9,12,29
1106,Computer Science,"Data Mining, Python, SQL","Data Mining, JavaScript, Python, SQL","AWS, Terraform, Docker",Production testing,Medium,Cybersecurity Analyst,4,0,8,4,36
1107,Cybersecurity,"Machine Learning, Python, Statistics","Machine Learning, Python, Statistics","Next.js, React, CI/CD",Production testing,Low,NLP Engineer,6,9,8,0,26
1108,Cybersecurity,"Git, Linux, Shell Scripting","Git, Linux, Shell Scripting","Kubernetes, Docker, CI/CD",System design,Medium,Backend Developer,2,3,4,8,14
1109,Cybersecurity,"Deep Learning, NLP, Python","Cloud Computing, Deep Learning, NLP, Python","React, Testing, TypeScript",Large-scale data processing,Medium,Full Stack Developer,0,5,6,10,7
1110,Information Technology,"Data Mining, Python, SQL","Data Mining, Linux, Python, SQL","Docker, Kubernetes, Jenkins",Infrastructure as Code,Medium,NLP Engineer,6,10,4,1,35
1111,Data Science,"Deep Learning, NLP, Python","Cloud Computing, Deep Learning, Python","SIEM, Cloud Security, IAM",Infrastructure as Code,High,Backend Developer,1,4,3,12,17
1112,Data Science,"Cloud Computing, Linux, Networking","Cloud Computing, Linux, Networking, SQL","System Design, Testing, Git",Docker and containerization,Medium,Software Engineer,0,0,10,8,27
1113,Cybersecurity,"Cybersecurity, Linux, Networking","Cybersecurity, Networking","Databricks, Spark, Airflow",Scalable API development,High,NLP Engineer,1,10,3,9,21
1114,Computer Science,"Git, Python, SQL","Git, Python, SQL","AWS, Docker, Spring Boot",CI/CD automation,Medium,Data Analyst,7,6,2,10,33
1115,Information Technology,"Git, JavaScript, Web Development","Git, JavaScript, Web Development","PyTorch, Docker, Kubernetes",Data pipeline engineering,Medium,Software Engineer,0,7,7,7,18
1116,Data Science,"Algorithms, C++, DSA","Algorithms, C++, DSA","CI/CD, Docker, Kubernetes",Modern frontend development,Low,ML Engineer,5,0,8,12,5
1117,Computer Engineering,"Git, JavaScript, Web Development","Git, JavaScript, Web Development","Python, Power BI, Advanced SQL",Model deployment,High,Software Engineer,0,6,8,10,34
1118,Artificial Intelligence,"Java, OOP, SQL","Linux, OOP, SQL","TypeScript, Testing, React",ML lifecycle management,High,Frontend Developer,7,8,1,7,0
1119,Information Technology,"Git, JavaScript, Web Development","Git, JavaScript, Web Development","Airflow, Spark, Databricks",Docker and containerization,Low,Frontend Developer,6,3,8,10,20
1120,Information Technology,"NumPy, Pandas, Python","NumPy, Pandas, Python, SQL","Python, Advanced SQL, Power BI",CI/CD automation,Low,MLOps Engineer,4,9,0,11,10
1121,Cybersecurity,"JavaScript, MongoDB, Node.js","JavaScript, Linux, MongoDB, Node.js","Kubernetes, CI/CD, Docker",Modern frontend development,Low,Backend Developer,3,7,3,10,16
1122,Computer Science,"Cybersecurity, Linux, Networking","Cybersecurity, Linux, Networking, Python","Power BI, Python, Advanced SQL",Large-scale data processing,High,MLOps Engineer,0,2,10,1,31
1123,Cybersecurity,"Cloud Computing, Linux, Networking","Cloud Computing, Linux","React, Next.js, CI/CD",System design,High,MLOps Engineer,8,3,1,8,11
1124,Cybersecurity,"DBMS, MySQL, SQL","DBMS, MySQL, SQL","AWS, Docker, TypeScript",Generative AI application development,Medium,AI Engineer,10,1,7,7,3
1125,Data Science,"Git, JavaScript, Web Development","Git, JavaScript, Linux, Web Development","Advanced SQL, Power BI, Python",Docker and containerization,High,NLP Engineer,8,2,1,10,10
1126,Information Technology,"CSS, HTML, JavaScript","CSS, Cloud Computing, JavaScript","Cloud Databases, PostgreSQL, Docker",Generative AI application development,Low,Data Engineer,6,9,2,11,4
1127,Cybersecurity,"DBMS, MySQL, SQL","DBMS, MySQL","Kubernetes, MLflow, DVC",System design,Medium,ML Engineer,3,6,9,9,34
1128,Artificial Intelligence,"Machine Learning, Python, Statistics","Machine Learning, Python, Statistics","AWS, Docker, Terraform",Monitoring and observability,Low,Software Engineer,9,4,8,4,8
1129,Artificial Intelligence,"Data Mining, Python, SQL","Cloud Computing, Data Mining, Python, SQL","Docker, Kubernetes, PyTorch",CI/CD automation,Medium,Backend Developer,10,8,8,7,2
1130,Computer Engineering,"DBMS, MySQL, SQL","MySQL, Python, SQL","Power BI, Advanced SQL, Python",Model deployment,Medium,DevOps Engineer,6,1,9,1,29
1131,Data Science,"Deep Learning, NLP, Python","Deep Learning, JavaScript, NLP","Terraform, AWS, Docker",Infrastructure as Code,High,Frontend Developer,0,10,8,5,33
1132,Computer Science,"Cybersecurity, Linux, Networking","Cloud Computing, Cybersecurity, Linux, Networking","PostgreSQL, Cloud Databases, Docker",Advanced SQL,Medium,AI Engineer,6,9,5,10,29
1133,Cybersecurity,"Git, Python, SQL","Git, Python","Kubernetes, CI/CD, Docker",Data pipeline engineering,High,Data Engineer,8,6,7,9,25
1134,Information Technology,"Algorithms, C++, DSA","Algorithms, C++, DSA","AWS, Docker, TypeScript",Infrastructure as Code,Low,Full Stack Developer,3,3,8,9,6
1135,Artificial Intelligence,"Cybersecurity, Linux, Networking","Cloud Computing, Cybersecurity, Linux, Networking","Git, Testing, System Design",Monitoring and observability,Medium,DevOps Engineer,5,6,2,9,10
1136,Data Science,"Deep Learning, NLP, Python","Deep Learning, NLP","Testing, TypeScript, React",Cloud deployment,Low,DevOps Engineer,5,0,10,7,33
1137,Artificial Intelligence,"Cybersecurity, Linux, Networking","Cybersecurity, Git, Linux, Networking","Next.js, React, CI/CD",Cloud security,High,NLP Engineer,3,4,10,9,7
1138,Computer Engineering,"Data Mining, Python, SQL","Data Mining, Python","AWS, Terraform, Docker",Kubernetes and orchestration,Medium,Frontend Developer,4,0,1,5,13
1139,Data Science,"Machine Learning, Python, Statistics","Linux, Machine Learning, Python","AWS, Spring Boot, Docker",Data pipeline engineering,Medium,Frontend Developer,7,8,1,3,27
1140,Data Science,"Git, JavaScript, Web Development","Git, JavaScript, Web Development","Docker, TypeScript, AWS",Cloud deployment,High,AI Engineer,5,2,7,6,33
1141,Computer Science,"Git, Linux, Shell Scripting","Git, JavaScript, Linux","Kubernetes, Docker, PyTorch",Production testing,Medium,Frontend Developer,2,2,5,8,27
1142,Data Science,"Git, Python, SQL","Git, Python, SQL","AWS, Docker, TypeScript",System design,Medium,NLP Engineer,4,2,2,7,21
1143,Cybersecurity,"JavaScript, MongoDB, Node.js","JavaScript, MongoDB, Node.js","Docker, Kubernetes, Jenkins",Modern frontend development,Medium,AI Engineer,2,8,2,4,7
1144,Computer Science,"Machine Learning, Python, Statistics","Machine Learning, Python, SQL","Kubernetes, Jenkins, Docker",Data pipeline engineering,Low,Data Analyst,1,3,2,10,7
1145,Artificial Intelligence,"Git, JavaScript, Web Development","Git, JavaScript, Web Development","AWS, Docker, TypeScript",ML lifecycle management,Medium,DevOps Engineer,10,1,4,4,18
1146,Cybersecurity,"Cloud Computing, Linux, Networking","Cloud Computing, JavaScript, Linux, Networking","Kubernetes, PyTorch, Docker",Reproducible ML pipelines,High,Frontend Developer,7,10,7,11,18
1147,Computer Engineering,"Cybersecurity, Linux, Networking","Cybersecurity, Networking","System Design, Git, Testing",ML lifecycle management,High,Data Analyst,8,1,2,3,4
1148,Information Technology,"CSS, HTML, JavaScript","Cloud Computing, HTML, JavaScript","PyTorch, Kubernetes, Docker",Docker and containerization,Low,AI Engineer,4,7,2,3,35
1149,Data Science,"JavaScript, MongoDB, Node.js","JavaScript, Linux, MongoDB, Node.js","Docker, CI/CD, Kubernetes",System design,High,Cybersecurity Analyst,7,7,5,4,23
1150,Cybersecurity,"DBMS, MySQL, SQL","DBMS, Linux, SQL","Docker, MLflow, FastAPI",System design,Medium,DevOps Engineer,6,0,8,2,28
1151,Computer Science,"DBMS, MySQL, SQL","DBMS, Linux, MySQL, SQL","Python, Power BI, Advanced SQL",ML lifecycle management,Low,NLP Engineer,5,2,2,2,36
1152,Cybersecurity,"Data Mining, Python, SQL","Data Mining, Linux, Python, SQL","Docker, PyTorch, Kubernetes",Modern frontend development,High,AI Engineer,3,8,8,2,15
1153,Information Technology,"JavaScript, MongoDB, Node.js","JavaScript, MongoDB, Node.js, Python","Cloud Databases, Docker, PostgreSQL",ML lifecycle management,High,DevOps Engineer,6,1,7,11,29
1154,Computer Engineering,"Git, Linux, Shell Scripting","Git, Linux, Python, Shell Scripting","Airflow, Databricks, Spark",Monitoring and observability,Medium,Software Engineer,9,1,2,7,28
1155,Computer Science,"Algorithms, C++, DSA","Algorithms, C++, DSA","PyTorch, Docker, Kubernetes",Cloud deployment,High,MLOps Engineer,2,9,8,8,15
1156,Information Technology,"Algorithms, C++, DSA","Algorithms, C++, DSA","Kubernetes, Docker, CI/CD",Data pipeline engineering,Low,NLP Engineer,2,0,0,4,35
1157,Data Science,"Deep Learning, NLP, Python","Deep Learning, NLP, Python","DVC, MLflow, Kubernetes",System design,Medium,DevOps Engineer,10,8,5,2,15
1158,Computer Engineering,"Cloud Computing, Linux, Networking","Cloud Computing, Linux, Networking","SIEM, IAM, Cloud Security",Kubernetes and orchestration,High,NLP Engineer,4,3,6,10,5
1159,Cybersecurity,"Git, JavaScript, Web Development","Git, JavaScript, Web Development","Kubernetes, MLflow, DVC",ML lifecycle management,Medium,Frontend Developer,2,10,9,2,22
1160,Computer Engineering,"Git, Python, SQL","Git, Linux, Python, SQL","Spring Boot, AWS, Docker",ML lifecycle management,High,DevOps Engineer,9,6,7,1,13
1161,Computer Engineering,"Deep Learning, NLP, Python","Git, NLP, Python","Power BI, Python, Advanced SQL",ML lifecycle management,High,Backend Developer,6,7,10,2,3
1162,Computer Science,"Deep Learning, NLP, Python","Deep Learning, Python","MLflow, Kubernetes, DVC",Model deployment,Medium,Frontend Developer,7,2,5,10,33
1163,Data Science,"Data Mining, Python, SQL","Data Mining, JavaScript, Python, SQL","TypeScript, Testing, React",ML lifecycle management,Medium,Data Analyst,3,8,0,10,11
1164,Data Science,"DBMS, MySQL, SQL","DBMS, MySQL, SQL","Spark, Databricks, Airflow",Cloud security,Medium,Frontend Developer,4,0,8,10,25
1165,Computer Engineering,"Cloud Computing, Linux, Networking","Cloud Computing, Linux, Networking","System Design, Testing, Git",Infrastructure as Code,Medium,Data Engineer,2,0,9,3,23
1166,Artificial Intelligence,"Git, Linux, Shell Scripting","Git, Shell Scripting","SIEM, Cloud Security, IAM",Data pipeline engineering,High,Full Stack Developer,1,3,7,1,9
1167,Artificial Intelligence,"CSS, HTML, JavaScript","CSS, HTML, JavaScript","SIEM, IAM, Cloud Security",Cloud security,Medium,ML Engineer,4,1,2,0,9
1168,Data Science,"Data Mining, Python, SQL","Data Mining, Python, SQL","Kubernetes, Docker, CI/CD",Reproducible ML pipelines,Medium,DevOps Engineer,9,9,0,7,5
1169,Data Science,"Cybersecurity, Linux, Networking","Linux, Networking","CI/CD, React, Next.js",Model deployment,Medium,Data Analyst,4,0,3,0,7
1170,Computer Science,"Deep Learning, NLP, Python","Deep Learning, NLP, Python","Docker, AWS, TypeScript",System design,Medium,NLP Engineer,9,1,5,7,22
1171,Artificial Intelligence,"Machine Learning, Python, Statistics","Machine Learning, Python, Statistics","Cloud Security, IAM, SIEM",Infrastructure as Code,Medium,Backend Developer,0,1,0,8,3
1172,Computer Science,"Machine Learning, Python, Statistics","Git, Machine Learning, Python","MLflow, DVC, Kubernetes",Advanced SQL,Low,ML Engineer,6,8,0,8,0
1173,Cybersecurity,"Java, OOP, SQL","Java, OOP, SQL","Kubernetes, MLflow, DVC",Docker and containerization,Low,Cloud Engineer,0,7,1,3,32
1174,Computer Science,"Cybersecurity, Linux, Networking","Cybersecurity, Git, Linux, Networking","Advanced SQL, Python, Power BI",Kubernetes and orchestration,Medium,Backend Developer,7,4,3,12,25
1175,Information Technology,"Java, OOP, SQL","Git, Java, OOP, SQL","Kubernetes, Docker, Jenkins",Large-scale data processing,Low,DevOps Engineer,6,6,9,4,31
1176,Computer Science,"CSS, HTML, JavaScript","CSS, JavaScript, SQL","Docker, AWS, Spring Boot",System design,Low,NLP Engineer,6,2,1,5,4
1177,Cybersecurity,"CSS, HTML, JavaScript","CSS, HTML, JavaScript","Next.js, React, CI/CD",Cloud security,Medium,Backend Developer,1,0,7,9,31
1178,Computer Engineering,"NumPy, Pandas, Python","NumPy, Pandas","Spring Boot, Docker, AWS",Generative AI application development,Medium,DevOps Engineer,5,3,10,11,4
1179,Artificial Intelligence,"Machine Learning, Python, Statistics","JavaScript, Machine Learning, Python, Statistics","Git, Testing, System Design",Cloud security,Low,Cloud Engineer,9,8,7,10,14
1180,Computer Engineering,"Java, OOP, SQL","Java, Linux, OOP, SQL","Testing, TypeScript, React",Generative AI application development,High,ML Engineer,6,6,1,2,13
1181,Data Science,"Machine Learning, Python, Statistics","JavaScript, Machine Learning, Python, Statistics","Kubernetes, Docker, CI/CD",Monitoring and observability,Medium,Frontend Developer,8,10,9,9,18
1182,Cybersecurity,"Deep Learning, NLP, Python","Deep Learning, JavaScript, NLP, Python","Spark, Airflow, Databricks",Advanced SQL,Low,AI Engineer,0,3,7,0,32
1183,Data Science,"Git, JavaScript, Web Development","JavaScript, Python, Web Development","Databricks, Airflow, Spark",Docker and containerization,High,Cybersecurity Analyst,8,1,3,5,36
1184,Cybersecurity,"Deep Learning, NLP, Python","Deep Learning, NLP, Python","AWS, Terraform, Docker",Cloud deployment,Medium,Frontend Developer,8,8,10,9,18
1185,Computer Engineering,"Cloud Computing, Linux, Networking","Cloud Computing, Linux, Networking","Kubernetes, Docker, CI/CD",Advanced SQL,High,ML Engineer,1,7,5,8,32
1186,Computer Engineering,"Data Mining, Python, SQL","Data Mining, Linux, Python, SQL","React, Testing, TypeScript",Generative AI application development,Medium,Software Engineer,4,8,0,6,30
1187,Artificial Intelligence,"NumPy, Pandas, Python","NumPy, Pandas, Python","Docker, Cloud Databases, PostgreSQL",Cloud security,Medium,Backend Developer,10,10,1,2,32
1188,Data Science,"DBMS, MySQL, SQL","DBMS, MySQL, Python, SQL","Next.js, CI/CD, React",Infrastructure as Code,Medium,DevOps Engineer,10,10,0,4,2
1189,Cybersecurity,"JavaScript, MongoDB, Node.js","JavaScript, MongoDB, Node.js","React, TypeScript, Testing",Modern frontend development,High,NLP Engineer,0,7,8,10,15
1190,Information Technology,"NumPy, Pandas, Python","NumPy, Pandas, Python","FastAPI, Docker, MLflow",Monitoring and observability,Medium,Full Stack Developer,1,7,9,12,25
1191,Information Technology,"Machine Learning, Python, Statistics","JavaScript, Machine Learning, Python, Statistics","Cloud Databases, PostgreSQL, Docker",Scalable API development,High,Data Analyst,9,6,0,4,28
1192,Cybersecurity,"Machine Learning, Python, Statistics","Machine Learning, Python, Statistics","Git, Testing, System Design",Production testing,Low,Data Engineer,8,8,2,0,32
1193,Cybersecurity,"Machine Learning, Python, Statistics","JavaScript, Machine Learning, Python, Statistics","DVC, MLflow, Kubernetes",Kubernetes and orchestration,High,Full Stack Developer,6,7,2,12,33
1194,Data Science,"Deep Learning, NLP, Python","Deep Learning, Git, NLP, Python","PyTorch, Kubernetes, Docker",CI/CD automation,Low,Data Analyst,5,10,9,10,10
1195,Information Technology,"Git, Linux, Shell Scripting","Git, Linux, Python, Shell Scripting","SIEM, IAM, Cloud Security",Monitoring and observability,Medium,Software Engineer,4,5,8,8,6
1196,Data Science,"JavaScript, MongoDB, Node.js","JavaScript, Node.js","DVC, MLflow, Kubernetes",Cloud security,High,Data Analyst,1,9,1,6,20
1197,Computer Engineering,"Git, Python, SQL","Git, Python, SQL","React, Next.js, CI/CD",Scalable API development,High,ML Engineer,1,8,2,11,16
1198,Cybersecurity,"Cloud Computing, Linux, Networking","Cloud Computing, Linux, Networking","Docker, Kubernetes, PyTorch",Docker and containerization,Medium,AI Engineer,1,4,1,7,17
1199,Data Science,"Cloud Computing, Linux, Networking","Cloud Computing, Linux, Networking","Next.js, CI/CD, React",Model deployment,High,Cloud Engineer,8,6,9,10,34
1200,Cybersecurity,"Machine Learning, Python, Statistics","JavaScript, Machine Learning, Python, Statistics","Databricks, Airflow, Spark",Cloud security,Medium,MLOps Engineer,1,5,5,9,16
1201,Artificial Intelligence,"Machine Learning, Python, Statistics","Git, Machine Learning, Python, Statistics","PostgreSQL, Cloud Databases, Docker",Model deployment,High,Cybersecurity Analyst,3,6,0,5,7
1202,Computer Science,"NumPy, Pandas, Python","Cloud Computing, Pandas, Python","Spring Boot, Docker, AWS",Infrastructure as Code,Medium,ML Engineer,5,9,0,6,31
1203,Computer Science,"Git, Python, SQL","Cloud Computing, Git, Python, SQL","CI/CD, Kubernetes, Docker",Large-scale data processing,High,Data Analyst,0,4,6,6,17
1204,Computer Engineering,"Git, JavaScript, Web Development","Git, JavaScript, Linux, Web Development","Terraform, AWS, Docker",Modern frontend development,Low,NLP Engineer,4,5,6,5,31
1205,Data Science,"JavaScript, MongoDB, Node.js","JavaScript, MongoDB, Node.js","AWS, Docker, Terraform",Monitoring and observability,High,Data Analyst,6,2,3,12,23
1206,Artificial Intelligence,"Machine Learning, Python, Statistics","Machine Learning, Python, Statistics","Cloud Security, IAM, SIEM",Modern frontend development,High,Frontend Developer,1,6,10,5,22
1207,Information Technology,"Data Mining, Python, SQL","Cloud Computing, Data Mining, Python, SQL","Docker, Kubernetes, CI/CD",Model deployment,High,Backend Developer,7,6,7,11,30
1208,Artificial Intelligence,"Cybersecurity, Linux, Networking","Cybersecurity, Linux, Networking","System Design, Testing, Git",CI/CD automation,Medium,Backend Developer,1,5,8,4,34
1209,Cybersecurity,"DBMS, MySQL, SQL","DBMS, MySQL","Cloud Security, IAM, SIEM",Large-scale data processing,Low,Cloud Engineer,8,2,3,1,11
1210,Cybersecurity,"Deep Learning, NLP, Python","Deep Learning, NLP, Python","Airflow, Spark, Databricks",Advanced SQL,High,Software Engineer,4,2,10,12,27
1211,Computer Science,"Algorithms, C++, DSA","Algorithms, C++, DSA","Kubernetes, Docker, Jenkins",Data pipeline engineering,Medium,ML Engineer,7,8,5,10,10
1212,Artificial Intelligence,"Machine Learning, Python, Statistics","Machine Learning, Python, Statistics","AWS, Docker, Terraform",Advanced SQL,High,Data Engineer,4,4,10,5,18
1213,Computer Engineering,"NumPy, Pandas, Python","NumPy, Pandas, Python","TypeScript, AWS, Docker",Cloud deployment,High,Backend Developer,7,4,8,9,31
1214,Computer Engineering,"Deep Learning, NLP, Python","Deep Learning, NLP","Kubernetes, Jenkins, Docker",Cloud security,High,Full Stack Developer,2,0,3,8,34
1215,Data Science,"DBMS, MySQL, SQL","DBMS, MySQL, SQL","System Design, Git, Testing",Generative AI application development,Medium,Software Engineer,3,0,4,5,12
1216,Computer Science,"Cybersecurity, Linux, Networking","Cybersecurity, Linux, Networking","PyTorch, Docker, Kubernetes",Large-scale data processing,Medium,DevOps Engineer,5,3,4,0,2
1217,Computer Engineering,"Machine Learning, Python, Statistics","Machine Learning, Python, Statistics","Cloud Databases, Docker, PostgreSQL",System design,High,ML Engineer,6,5,2,4,16
1218,Artificial Intelligence,"Data Mining, Python, SQL","Data Mining, Python, SQL","Docker, Cloud Databases, PostgreSQL",ML lifecycle management,Medium,DevOps Engineer,7,9,9,3,28
1219,Computer Engineering,"Machine Learning, Python, Statistics","Cloud Computing, Machine Learning, Python, Statistics","AWS, Docker, Terraform",Monitoring and observability,High,NLP Engineer,8,7,8,8,16
1220,Cybersecurity,"Git, Linux, Shell Scripting","Git, Linux, Shell Scripting","IAM, SIEM, Cloud Security",Large-scale data processing,Medium,Cloud Engineer,4,5,7,9,8
1221,Data Science,"Java, OOP, SQL","Java, OOP, SQL","MLflow, Docker, FastAPI",Kubernetes and orchestration,Medium,Full Stack Developer,2,4,2,3,35
1222,Computer Engineering,"CSS, HTML, JavaScript","HTML, JavaScript","Docker, PyTorch, Kubernetes",Generative AI application development,High,Cybersecurity Analyst,2,9,3,2,33
1223,Cybersecurity,"Data Mining, Python, SQL","Data Mining, Python, SQL","Docker, CI/CD, Kubernetes",Cloud deployment,Medium,Frontend Developer,2,3,2,0,1
1224,Computer Science,"Git, Linux, Shell Scripting","Git, Linux, Shell Scripting","Docker, Terraform, AWS",Large-scale data processing,Low,Software Engineer,1,0,8,1,18
1225,Information Technology,"JavaScript, MongoDB, Node.js","JavaScript, MongoDB, Node.js","Cloud Security, IAM, SIEM",Generative AI application development,High,Full Stack Developer,10,1,9,8,3
1226,Data Science,"Machine Learning, Python, Statistics","Machine Learning, Python, Statistics","Cloud Security, IAM, SIEM",ML lifecycle management,Medium,Frontend Developer,9,5,10,12,6
1227,Computer Science,"Git, Python, SQL","Git, Python, SQL","React, Testing, TypeScript",Scalable API development,Medium,NLP Engineer,4,5,9,6,28
1228,Computer Science,"JavaScript, MongoDB, Node.js","MongoDB, Node.js","Docker, Kubernetes, CI/CD",CI/CD automation,Medium,Backend Developer,4,1,1,11,14
1229,Artificial Intelligence,"Git, Python, SQL","Git, SQL","DVC, MLflow, Kubernetes",Docker and containerization,Low,Cloud Engineer,6,8,3,4,35
1230,Information Technology,"Cybersecurity, Linux, Networking","Cybersecurity, Linux, Networking","AWS, Docker, Terraform",System design,Medium,ML Engineer,8,8,8,10,36
1231,Computer Science,"NumPy, Pandas, Python","NumPy, Pandas, Python","Terraform, AWS, Docker",CI/CD automation,Medium,Cloud Engineer,9,6,2,5,29
1232,Computer Science,"Deep Learning, NLP, Python","NLP, Python","Advanced SQL, Python, Power BI",Infrastructure as Code,Low,Backend Developer,10,8,9,8,11
1233,Data Science,"Git, Python, SQL","Git, Python, SQL","MLflow, FastAPI, Docker",Data pipeline engineering,Low,Cloud Engineer,5,5,8,5,7
1234,Data Science,"NumPy, Pandas, Python","Git, NumPy, Pandas, Python","Python, Power BI, Advanced SQL",Scalable API development,Low,Data Analyst,1,8,10,12,35
1235,Information Technology,"Machine Learning, Python, Statistics","JavaScript, Machine Learning, Python, Statistics","Spring Boot, AWS, Docker",Model deployment,Low,Data Analyst,5,8,9,1,28
1236,Computer Science,"Machine Learning, Python, Statistics","Machine Learning, Python, Statistics","Docker, Jenkins, Kubernetes",Data pipeline engineering,Medium,AI Engineer,8,5,10,4,23
1237,Data Science,"Git, JavaScript, Web Development","Git, JavaScript, Linux, Web Development","React, Next.js, CI/CD",Infrastructure as Code,Low,Cloud Engineer,0,9,0,11,3
1238,Computer Science,"DBMS, MySQL, SQL","Cloud Computing, DBMS, MySQL, SQL","SIEM, IAM, Cloud Security",System design,Medium,Software Engineer,4,7,2,8,10
1239,Cybersecurity,"Deep Learning, NLP, Python","Deep Learning, NLP, Python","Docker, TypeScript, AWS",CI/CD automation,Medium,Software Engineer,4,7,3,1,8
1240,Data Science,"Java, OOP, SQL","Java, OOP, SQL","SIEM, Cloud Security, IAM",Data pipeline engineering,High,NLP Engineer,0,5,8,10,3
1241,Computer Science,"Java, OOP, SQL","Git, Java, OOP, SQL","Kubernetes, PyTorch, Docker",Cloud deployment,High,NLP Engineer,2,6,1,11,2
1242,Computer Engineering,"JavaScript, MongoDB, Node.js","JavaScript, MongoDB, Node.js","React, Testing, TypeScript",Infrastructure as Code,Medium,Cloud Engineer,7,1,6,9,20
1243,Computer Engineering,"Git, Python, SQL","Git, Python, SQL","CI/CD, Kubernetes, Docker",CI/CD automation,High,Cybersecurity Analyst,4,3,10,2,36
1244,Cybersecurity,"NumPy, Pandas, Python","JavaScript, Pandas, Python","SIEM, Cloud Security, IAM",Reproducible ML pipelines,Medium,Data Analyst,9,8,2,7,12
1245,Artificial Intelligence,"Machine Learning, Python, Statistics","Cloud Computing, Machine Learning, Python, Statistics","AWS, Terraform, Docker",Kubernetes and orchestration,Low,Data Engineer,3,10,2,1,29
1246,Artificial Intelligence,"CSS, HTML, JavaScript","CSS, HTML, JavaScript","Airflow, Spark, Databricks",Production testing,Medium,DevOps Engineer,8,0,6,4,34
1247,Data Science,"Git, Python, SQL","Git, Python, SQL","Docker, Jenkins, Kubernetes",Advanced SQL,Medium,AI Engineer,2,5,3,6,19
1248,Data Science,"Data Mining, Python, SQL","Data Mining, Python, SQL","Git, System Design, Testing",Advanced SQL,Medium,MLOps Engineer,5,7,9,5,22
1249,Computer Science,"JavaScript, MongoDB, Node.js","JavaScript, MongoDB","SIEM, IAM, Cloud Security",Monitoring and observability,Medium,Data Engineer,10,4,0,10,6
1250,Information Technology,"Java, OOP, SQL","Java, OOP, SQL","AWS, Spring Boot, Docker",Cloud deployment,Medium,ML Engineer,5,4,7,10,24
1251,Computer Science,"DBMS, MySQL, SQL","DBMS, MySQL, SQL","Kubernetes, Jenkins, Docker",CI/CD automation,High,Data Analyst,1,10,2,2,28
1252,Artificial Intelligence,"Machine Learning, Python, Statistics","Machine Learning, Python, Statistics","DVC, MLflow, Kubernetes",Model deployment,High,Software Engineer,5,1,5,3,11
1253,Artificial Intelligence,"Machine Learning, Python, Statistics","Machine Learning, Python, Statistics","PostgreSQL, Cloud Databases, Docker",Monitoring and observability,Medium,Cloud Engineer,0,7,1,12,28
1254,Computer Engineering,"CSS, HTML, JavaScript","CSS, HTML, JavaScript","CI/CD, React, Next.js",Data pipeline engineering,High,AI Engineer,10,1,0,0,25
1255,Artificial Intelligence,"DBMS, MySQL, SQL","DBMS, MySQL, SQL","PyTorch, Docker, Kubernetes",Cloud deployment,Low,AI Engineer,2,0,3,6,2
1256,Cybersecurity,"Deep Learning, NLP, Python","Deep Learning, NLP, Python","Jenkins, Docker, Kubernetes",Cloud deployment,Low,Data Analyst,8,5,5,12,15
1257,Artificial Intelligence,"DBMS, MySQL, SQL","DBMS, Git, MySQL, SQL","Docker, PyTorch, Kubernetes",Modern frontend development,Low,Software Engineer,6,9,6,8,3
1258,Computer Science,"Cloud Computing, Linux, Networking","Cloud Computing, Linux, Networking","Cloud Security, IAM, SIEM",Production testing,Low,AI Engineer,3,10,3,9,18
1259,Artificial Intelligence,"Deep Learning, NLP, Python","Deep Learning, NLP, Python","Docker, Kubernetes, Jenkins",Scalable API development,Medium,Software Engineer,2,5,5,0,13
1260,Information Technology,"DBMS, MySQL, SQL","DBMS, SQL","TypeScript, Docker, AWS",Scalable API development,Medium,Frontend Developer,7,8,4,2,3
1261,Computer Engineering,"Algorithms, C++, DSA","Algorithms, C++, DSA","Cloud Databases, Docker, PostgreSQL",Production testing,Low,NLP Engineer,1,0,0,9,2
1262,Computer Engineering,"Data Mining, Python, SQL","Cloud Computing, Data Mining, Python","Spark, Databricks, Airflow",Docker and containerization,Medium,Full Stack Developer,6,6,7,3,8
1263,Cybersecurity,"Data Mining, Python, SQL","Cloud Computing, Data Mining, Python, SQL","CI/CD, Kubernetes, Docker",Monitoring and observability,High,MLOps Engineer,9,2,1,2,27
1264,Artificial Intelligence,"Algorithms, C++, DSA","Algorithms, C++, DSA, Python","IAM, SIEM, Cloud Security",Docker and containerization,High,Frontend Developer,5,5,8,2,4
1265,Artificial Intelligence,"NumPy, Pandas, Python","NumPy, Pandas, Python","Power BI, Advanced SQL, Python",Cloud deployment,Low,MLOps Engineer,3,8,0,2,12
1266,Data Science,"Git, Linux, Shell Scripting","Git, JavaScript, Linux, Shell Scripting","System Design, Testing, Git",Large-scale data processing,Low,Data Engineer,10,5,9,1,27
1267,Computer Science,"Machine Learning, Python, Statistics","Machine Learning, Python, Statistics","AWS, Docker, Spring Boot",CI/CD automation,Medium,DevOps Engineer,7,2,1,6,35
1268,Cybersecurity,"Git, Python, SQL","Git, Python, SQL","Jenkins, Docker, Kubernetes",ML lifecycle management,Medium,NLP Engineer,8,9,7,2,32
1269,Artificial Intelligence,"JavaScript, MongoDB, Node.js","Git, JavaScript, MongoDB, Node.js","Databricks, Airflow, Spark",Model deployment,High,Frontend Developer,0,0,2,8,13
1270,Cybersecurity,"Machine Learning, Python, Statistics","Python, Statistics","Terraform, AWS, Docker",Reproducible ML pipelines,Low,Data Analyst,8,1,1,6,23
1271,Cybersecurity,"Deep Learning, NLP, Python","Deep Learning, Git, NLP, Python","Jenkins, Kubernetes, Docker",Docker and containerization,High,AI Engineer,0,4,2,3,8
1272,Information Technology,"Git, Linux, Shell Scripting","Git, Linux, Python, Shell Scripting","Power BI, Python, Advanced SQL",ML lifecycle management,Low,Data Engineer,6,5,0,6,16
1273,Data Science,"CSS, HTML, JavaScript","CSS, HTML, JavaScript","Kubernetes, CI/CD, Docker",Production testing,Medium,NLP Engineer,5,6,9,1,34
1274,Information Technology,"Algorithms, C++, DSA","Algorithms, C++, DSA, Git","Kubernetes, MLflow, DVC",Modern frontend development,High,Backend Developer,4,6,9,0,10
1275,Cybersecurity,"Git, Linux, Shell Scripting","Git, Linux, Shell Scripting","Terraform, AWS, Docker",Generative AI application development,High,AI Engineer,6,2,2,9,5
1276,Information Technology,"Java, OOP, SQL","JavaScript, OOP, SQL","Cloud Security, SIEM, IAM",Scalable API development,High,ML Engineer,3,6,2,1,36
1277,Cybersecurity,"Machine Learning, Python, Statistics","Git, Machine Learning, Python, Statistics","Cloud Security, SIEM, IAM",Advanced SQL,Medium,NLP Engineer,6,6,3,10,19
1278,Cybersecurity,"Machine Learning, Python, Statistics","Machine Learning, Python, Statistics","React, TypeScript, Testing",Scalable API development,Medium,Data Analyst,2,2,6,2,27
1279,Computer Science,"Java, OOP, SQL","Java, OOP, SQL","FastAPI, Docker, MLflow",Infrastructure as Code,High,Cybersecurity Analyst,4,10,2,1,32
1280,Cybersecurity,"DBMS, MySQL, SQL","DBMS, MySQL, SQL","Databricks, Airflow, Spark",Cloud deployment,Medium,Cloud Engineer,10,3,4,11,5
1281,Computer Engineering,"Deep Learning, NLP, Python","Deep Learning, NLP, Python","PyTorch, Docker, Kubernetes",Production testing,Medium,Data Engineer,2,5,10,0,23
1282,Cybersecurity,"CSS, HTML, JavaScript","CSS, HTML, JavaScript, Python","React, Testing, TypeScript",Production testing,Low,AI Engineer,10,8,7,6,1
1283,Artificial Intelligence,"Git, Linux, Shell Scripting","Git, Linux, Shell Scripting","Docker, FastAPI, MLflow",Advanced SQL,Medium,AI Engineer,6,9,4,11,21
1284,Information Technology,"JavaScript, MongoDB, Node.js","JavaScript, MongoDB, Node.js","Testing, TypeScript, React",Scalable API development,High,ML Engineer,6,3,4,2,5
1285,Information Technology,"JavaScript, MongoDB, Node.js","JavaScript, MongoDB, Node.js","FastAPI, MLflow, Docker",Cloud security,Low,Data Engineer,2,6,9,2,20
1286,Artificial Intelligence,"Deep Learning, NLP, Python","Deep Learning, Linux, Python","SIEM, Cloud Security, IAM",Infrastructure as Code,High,Data Analyst,4,2,6,1,18
1287,Computer Science,"DBMS, MySQL, SQL","DBMS, MySQL, SQL","MLflow, Docker, FastAPI",Modern frontend development,Medium,Frontend Developer,4,3,0,7,36
1288,Data Science,"CSS, HTML, JavaScript","HTML, JavaScript","Cloud Databases, Docker, PostgreSQL",Cloud deployment,Low,Cybersecurity Analyst,2,1,1,5,35
1289,Data Science,"Java, OOP, SQL","Java, OOP, SQL","Databricks, Spark, Airflow",Advanced SQL,Low,Data Engineer,8,7,4,4,31
1290,Computer Science,"Java, OOP, SQL","Java, OOP, Python, SQL","Python, Advanced SQL, Power BI",Docker and containerization,High,Cybersecurity Analyst,2,3,7,7,28
1291,Information Technology,"Deep Learning, NLP, Python","Deep Learning, NLP, Python, SQL","Cloud Security, SIEM, IAM",Cloud deployment,Low,Software Engineer,10,5,2,7,34
1292,Computer Science,"Git, Python, SQL","Git, Python, SQL","Spark, Databricks, Airflow",Kubernetes and orchestration,Medium,Software Engineer,10,2,2,1,19
1293,Information Technology,"JavaScript, MongoDB, Node.js","JavaScript, MongoDB, Node.js","Power BI, Python, Advanced SQL",Cloud security,Low,Software Engineer,6,8,10,11,5
1294,Data Science,"Algorithms, C++, DSA","Algorithms, C++, DSA","Databricks, Spark, Airflow",Model deployment,Medium,ML Engineer,9,10,7,12,15
1295,Artificial Intelligence,"Algorithms, C++, DSA","Algorithms, C++, DSA, JavaScript","Jenkins, Kubernetes, Docker",ML lifecycle management,High,Cybersecurity Analyst,2,10,7,3,12
1296,Cybersecurity,"Deep Learning, NLP, Python","Deep Learning, NLP, Python, SQL","Docker, PyTorch, Kubernetes",Production testing,Medium,AI Engineer,3,6,6,1,32
1297,Artificial Intelligence,"Git, Python, SQL","Git, Python, SQL","Advanced SQL, Python, Power BI",Model deployment,Medium,DevOps Engineer,8,2,3,6,2
1298,Computer Science,"Git, Python, SQL","Git, Python, SQL","Python, Advanced SQL, Power BI",Modern frontend development,High,MLOps Engineer,6,7,3,5,28
1299,Artificial Intelligence,"Algorithms, C++, DSA","Algorithms, C++, DSA, Python","Git, System Design, Testing",Model deployment,High,Frontend Developer,9,4,4,2,22
1300,Cybersecurity,"DBMS, MySQL, SQL","DBMS, MySQL","React, Next.js, CI/CD",Scalable API development,Low,Data Engineer,9,5,3,5,3
1301,Data Science,"CSS, HTML, JavaScript","CSS, HTML, JavaScript","React, CI/CD, Next.js",Production testing,Medium,NLP Engineer,4,6,10,12,31
1302,Artificial Intelligence,"Java, OOP, SQL","Java, Linux, OOP, SQL","React, Next.js, CI/CD",Cloud security,Medium,DevOps Engineer,0,10,1,3,24
1303,Information Technology,"Cybersecurity, Linux, Networking","Cybersecurity, Linux, Networking, SQL","Docker, Cloud Databases, PostgreSQL",Reproducible ML pipelines,Medium,AI Engineer,1,5,4,12,30
1304,Computer Science,"JavaScript, MongoDB, Node.js","Git, JavaScript, MongoDB, Node.js","Docker, TypeScript, AWS",CI/CD automation,High,Cybersecurity Analyst,4,1,1,9,21
1305,Artificial Intelligence,"Cybersecurity, Linux, Networking","Cloud Computing, Cybersecurity, Networking","Docker, FastAPI, MLflow",Generative AI application development,Medium,MLOps Engineer,0,7,0,12,8
1306,Computer Science,"Machine Learning, Python, Statistics","Machine Learning, Python, Statistics","System Design, Git, Testing",Reproducible ML pipelines,Low,Cybersecurity Analyst,2,4,1,3,36
1307,Information Technology,"Machine Learning, Python, Statistics","JavaScript, Machine Learning, Python, Statistics","Docker, Jenkins, Kubernetes",System design,Medium,Cybersecurity Analyst,3,1,2,6,31
1308,Data Science,"CSS, HTML, JavaScript","CSS, HTML, JavaScript","AWS, Spring Boot, Docker",Scalable API development,Low,MLOps Engineer,5,9,8,8,30
1309,Computer Engineering,"Cloud Computing, Linux, Networking","Cloud Computing, Linux, Networking","SIEM, IAM, Cloud Security",Cloud security,High,Cybersecurity Analyst,10,6,5,4,12
1310,Computer Science,"Cloud Computing, Linux, Networking","Cloud Computing, Linux, Networking","PostgreSQL, Docker, Cloud Databases",Cloud deployment,Medium,Full Stack Developer,1,9,1,5,1
1311,Artificial Intelligence,"NumPy, Pandas, Python","NumPy, Pandas, Python, SQL","MLflow, Kubernetes, DVC",Reproducible ML pipelines,Medium,Data Analyst,2,6,8,7,25
1312,Artificial Intelligence,"Machine Learning, Python, Statistics","Machine Learning, Python, Statistics","Docker, Terraform, AWS",System design,Medium,Cloud Engineer,1,6,3,6,22
1313,Data Science,"Git, Linux, Shell Scripting","Git, Linux, SQL","Docker, CI/CD, Kubernetes",Reproducible ML pipelines,Medium,Full Stack Developer,4,9,6,9,11
1314,Data Science,"NumPy, Pandas, Python","Cloud Computing, NumPy, Pandas, Python","Spring Boot, Docker, AWS",Scalable API development,Medium,Cloud Engineer,0,5,9,7,0
1315,Information Technology,"JavaScript, MongoDB, Node.js","JavaScript, MongoDB","Docker, AWS, TypeScript",CI/CD automation,Medium,Full Stack Developer,9,6,5,4,26
1316,Computer Engineering,"Cybersecurity, Linux, Networking","Cybersecurity, Linux, Networking, SQL","TypeScript, Testing, React",Production testing,High,Data Analyst,4,9,1,6,36
1317,Cybersecurity,"Deep Learning, NLP, Python","Deep Learning, NLP","React, TypeScript, Testing",Cloud security,Medium,MLOps Engineer,4,0,8,12,35
1318,Information Technology,"Algorithms, C++, DSA","Algorithms, C++, DSA, SQL","Testing, React, TypeScript",Reproducible ML pipelines,Low,AI Engineer,1,3,2,1,0
1319,Cybersecurity,"NumPy, Pandas, Python","Pandas, Python","System Design, Testing, Git",Data pipeline engineering,Medium,DevOps Engineer,5,5,7,12,8
1320,Information Technology,"Git, Python, SQL","Git, Python, SQL","React, Testing, TypeScript",Scalable API development,Medium,Data Analyst,9,0,0,2,22
1321,Computer Science,"Algorithms, C++, DSA","Algorithms, C++, Cloud Computing, DSA","Kubernetes, DVC, MLflow",Data pipeline engineering,Medium,ML Engineer,5,9,5,10,30
1322,Computer Science,"Cloud Computing, Linux, Networking","Cloud Computing, Networking","IAM, Cloud Security, SIEM",Data pipeline engineering,High,Data Analyst,4,5,6,6,14
1323,Computer Science,"Java, OOP, SQL","Java, OOP, SQL","React, Testing, TypeScript",Cloud security,Low,Full Stack Developer,2,10,2,0,15
1324,Information Technology,"Machine Learning, Python, Statistics","Machine Learning, Python, SQL, Statistics","Power BI, Advanced SQL, Python",Cloud security,High,Software Engineer,8,10,10,6,34
1325,Computer Science,"Git, Python, SQL","Git, Python, SQL","Docker, Terraform, AWS",Infrastructure as Code,High,AI Engineer,9,0,2,12,5
1326,Computer Engineering,"DBMS, MySQL, SQL","DBMS, MySQL, SQL","Power BI, Python, Advanced SQL",Kubernetes and orchestration,Medium,Data Engineer,0,2,2,8,17
1327,Data Science,"Cybersecurity, Linux, Networking","Cybersecurity, Linux, Networking, SQL","TypeScript, AWS, Docker",Model deployment,High,NLP Engineer,8,2,9,12,14
1328,Computer Science,"Algorithms, C++, DSA","Algorithms, C++, DSA, Linux","Docker, CI/CD, Kubernetes",Docker and containerization,Low,Full Stack Developer,3,4,6,7,28
1329,Computer Science,"Git, Linux, Shell Scripting","Git, Linux, Shell Scripting","Docker, Jenkins, Kubernetes",System design,Medium,Software Engineer,9,9,5,12,20
1330,Information Technology,"Data Mining, Python, SQL","Data Mining, Python, SQL","Jenkins, Docker, Kubernetes",Model deployment,Medium,Backend Developer,2,3,0,3,17
1331,Computer Engineering,"Data Mining, Python, SQL","Data Mining, Python, SQL","MLflow, DVC, Kubernetes",Docker and containerization,Medium,NLP Engineer,2,10,2,4,3
1332,Artificial Intelligence,"Git, Python, SQL","Git, Python, SQL","Advanced SQL, Power BI, Python",Generative AI application development,High,Data Analyst,10,10,7,5,16
1333,Data Science,"Java, OOP, SQL","Java, OOP, SQL","Docker, Kubernetes, PyTorch",Kubernetes and orchestration,High,Data Analyst,8,7,2,12,30
1334,Computer Engineering,"Algorithms, C++, DSA","Algorithms, C++, Git","Docker, AWS, TypeScript",Monitoring and observability,High,Cloud Engineer,4,8,2,3,31
1335,Information Technology,"DBMS, MySQL, SQL","DBMS, Git, MySQL, SQL","React, Testing, TypeScript",CI/CD automation,Low,Backend Developer,8,0,3,11,22
1336,Computer Engineering,"Cloud Computing, Linux, Networking","Cloud Computing, Linux, Networking","SIEM, Cloud Security, IAM",System design,Low,Backend Developer,0,10,3,9,9
1337,Artificial Intelligence,"Java, OOP, SQL","Java, OOP, SQL","Kubernetes, PyTorch, Docker",Monitoring and observability,High,Frontend Developer,1,2,2,2,31
1338,Data Science,"Git, Linux, Shell Scripting","Git, JavaScript, Linux, Shell Scripting","MLflow, FastAPI, Docker",Cloud security,Low,Data Engineer,6,2,6,10,20
1339,Computer Engineering,"Machine Learning, Python, Statistics","Cloud Computing, Machine Learning, Python, Statistics","FastAPI, MLflow, Docker",Docker and containerization,High,Full Stack Developer,4,4,4,7,1
1340,Artificial Intelligence,"Cloud Computing, Linux, Networking","Cloud Computing, JavaScript, Linux, Networking","Next.js, React, CI/CD",Advanced SQL,High,Software Engineer,0,5,9,10,24
1341,Cybersecurity,"DBMS, MySQL, SQL","MySQL, SQL","Docker, TypeScript, AWS",Scalable API development,Medium,Frontend Developer,9,5,6,3,17
1342,Information Technology,"NumPy, Pandas, Python","NumPy, Pandas, Python, SQL","Spark, Airflow, Databricks",Infrastructure as Code,Low,Data Engineer,6,5,8,1,9
1343,Cybersecurity,"Algorithms, C++, DSA","Algorithms, C++, DSA","Docker, CI/CD, Kubernetes",Cloud security,High,Frontend Developer,6,3,0,2,20
1344,Artificial Intelligence,"Machine Learning, Python, Statistics","Machine Learning, Python, Statistics","Docker, Cloud Databases, PostgreSQL",Infrastructure as Code,Medium,MLOps Engineer,9,4,10,12,11
1345,Computer Science,"Cybersecurity, Linux, Networking","Cloud Computing, Cybersecurity, Linux, Networking","Cloud Security, SIEM, IAM",Generative AI application development,Medium,Cybersecurity Analyst,3,1,3,10,34
1346,Computer Science,"Git, Python, SQL","Git, Python, SQL","MLflow, FastAPI, Docker",CI/CD automation,Low,Cybersecurity Analyst,2,1,5,11,18
1347,Cybersecurity,"DBMS, MySQL, SQL","DBMS, MySQL, SQL","Airflow, Databricks, Spark",Generative AI application development,Medium,ML Engineer,4,0,1,12,7
1348,Cybersecurity,"JavaScript, MongoDB, Node.js","Git, JavaScript, MongoDB, Node.js","FastAPI, MLflow, Docker",Infrastructure as Code,High,NLP Engineer,6,2,9,8,31
1349,Data Science,"DBMS, MySQL, SQL","DBMS, MySQL, SQL","Terraform, Docker, AWS",Scalable API development,High,ML Engineer,1,9,6,11,8
1350,Information Technology,"Machine Learning, Python, Statistics","JavaScript, Machine Learning, Python","Cloud Databases, PostgreSQL, Docker",Docker and containerization,Low,Frontend Developer,4,2,9,4,34
1351,Information Technology,"Machine Learning, Python, Statistics","Linux, Machine Learning, Python, Statistics","Spring Boot, Docker, AWS",Cloud deployment,High,Cloud Engineer,2,6,9,9,17
1352,Cybersecurity,"Git, Linux, Shell Scripting","Git, Linux, Python, Shell Scripting","AWS, Docker, Terraform",Generative AI application development,Low,AI Engineer,6,6,6,0,10
1353,Computer Engineering,"Git, Python, SQL","Git, Python, SQL","Kubernetes, Docker, CI/CD",Generative AI application development,Medium,Full Stack Developer,0,5,10,0,20
1354,Information Technology,"Machine Learning, Python, Statistics","Machine Learning, Python, Statistics","Testing, React, TypeScript",Data pipeline engineering,Medium,Software Engineer,9,2,10,12,36
1355,Cybersecurity,"Git, Python, SQL","Git, JavaScript, Python, SQL","Docker, CI/CD, Kubernetes",Modern frontend development,Low,MLOps Engineer,8,3,8,9,24
1356,Computer Engineering,"Machine Learning, Python, Statistics","Python, Statistics","Airflow, Spark, Databricks",Large-scale data processing,High,Backend Developer,2,6,7,1,15
1357,Data Science,"Cloud Computing, Linux, Networking","Cloud Computing, Networking","MLflow, FastAPI, Docker",Model deployment,Low,DevOps Engineer,1,10,8,8,14
1358,Artificial Intelligence,"Data Mining, Python, SQL","Data Mining, JavaScript, Python, SQL","Git, System Design, Testing",Monitoring and observability,Low,MLOps Engineer,7,7,6,1,2
1359,Data Science,"Machine Learning, Python, Statistics","Machine Learning, Python, Statistics","Docker, PostgreSQL, Cloud Databases",Generative AI application development,Low,Cybersecurity Analyst,3,1,9,2,29
1360,Cybersecurity,"NumPy, Pandas, Python","JavaScript, NumPy, Pandas, Python","IAM, SIEM, Cloud Security",Modern frontend development,Medium,Cloud Engineer,5,10,7,2,1
1361,Computer Engineering,"Git, JavaScript, Web Development","Git, JavaScript, Linux, Web Development","Docker, Jenkins, Kubernetes",Generative AI application development,High,ML Engineer,9,1,2,5,28
1362,Information Technology,"Machine Learning, Python, Statistics","JavaScript, Machine Learning, Python, Statistics","Kubernetes, Docker, PyTorch",Production testing,Low,Data Engineer,10,10,0,12,28
1363,Computer Engineering,"Machine Learning, Python, Statistics","JavaScript, Machine Learning, Statistics","Airflow, Databricks, Spark",Modern frontend development,Low,Cloud Engineer,7,9,9,6,31
1364,Computer Science,"Cloud Computing, Linux, Networking","Cloud Computing, JavaScript, Linux, Networking","CI/CD, Kubernetes, Docker",Advanced SQL,High,MLOps Engineer,6,4,1,8,12
1365,Cybersecurity,"Machine Learning, Python, Statistics","Machine Learning, Statistics","Docker, Terraform, AWS",Large-scale data processing,Medium,MLOps Engineer,6,9,8,12,34
1366,Computer Science,"Cybersecurity, Linux, Networking","Cybersecurity, Linux, Networking","FastAPI, MLflow, Docker",Docker and containerization,Medium,Data Engineer,0,5,2,1,2
1367,Information Technology,"Cybersecurity, Linux, Networking","Cybersecurity, Linux","Git, System Design, Testing",Docker and containerization,Medium,Software Engineer,8,4,5,8,6
1368,Information Technology,"Git, Python, SQL","Git, Python, SQL","Terraform, Docker, AWS",Kubernetes and orchestration,Low,Cybersecurity Analyst,10,8,8,3,30
1369,Artificial Intelligence,"Git, JavaScript, Web Development","Git, JavaScript","React, Next.js, CI/CD",Docker and containerization,High,Full Stack Developer,0,0,0,3,2
1370,Computer Engineering,"JavaScript, MongoDB, Node.js","Cloud Computing, JavaScript, MongoDB, Node.js","Kubernetes, Jenkins, Docker",Data pipeline engineering,Medium,NLP Engineer,5,6,4,1,35
1371,Artificial Intelligence,"Machine Learning, Python, Statistics","Linux, Machine Learning, Python, Statistics","Docker, PyTorch, Kubernetes",Modern frontend development,High,Data Analyst,0,10,1,8,30
1372,Information Technology,"Cybersecurity, Linux, Networking","Cybersecurity, Git, Linux","Spark, Airflow, Databricks",Kubernetes and orchestration,High,Backend Developer,4,4,2,9,2
1373,Data Science,"NumPy, Pandas, Python","NumPy, Pandas, Python","MLflow, Docker, FastAPI",Data pipeline engineering,Medium,ML Engineer,6,2,2,1,20
1374,Artificial Intelligence,"Deep Learning, NLP, Python","Linux, NLP, Python","Kubernetes, PyTorch, Docker",Cloud deployment,High,Frontend Developer,3,3,10,10,18
1375,Data Science,"Machine Learning, Python, Statistics","Machine Learning, Python, SQL, Statistics","CI/CD, Kubernetes, Docker",Cloud security,Medium,DevOps Engineer,9,3,9,6,20
1376,Information Technology,"Java, OOP, SQL","Java, OOP","Next.js, CI/CD, React",Infrastructure as Code,Low,Backend Developer,3,1,2,11,3
1377,Computer Science,"Git, Linux, Shell Scripting","Cloud Computing, Git, Linux","Testing, TypeScript, React",Infrastructure as Code,Medium,NLP Engineer,2,6,4,8,34
1378,Computer Engineering,"CSS, HTML, JavaScript","CSS, HTML, JavaScript, SQL","PyTorch, Docker, Kubernetes",Model deployment,Medium,Data Engineer,10,5,2,11,20
1379,Computer Science,"Cybersecurity, Linux, Networking","Cybersecurity, Linux, Networking","Spring Boot, AWS, Docker",System design,Medium,Backend Developer,0,8,10,0,23
1380,Artificial Intelligence,"Deep Learning, NLP, Python","Deep Learning, Linux, NLP, Python","AWS, Spring Boot, Docker",Data pipeline engineering,Medium,NLP Engineer,2,4,7,8,18
1381,Computer Science,"Git, JavaScript, Web Development","Git, JavaScript","MLflow, DVC, Kubernetes",System design,High,Cloud Engineer,9,3,0,5,14
1382,Data Science,"Cloud Computing, Linux, Networking","Cloud Computing, Linux, Python","AWS, Docker, Terraform",ML lifecycle management,High,Backend Developer,0,8,7,8,34
1383,Information Technology,"Machine Learning, Python, Statistics","Machine Learning, Python, SQL, Statistics","Spark, Airflow, Databricks",ML lifecycle management,Medium,MLOps Engineer,2,5,10,1,20
1384,Information Technology,"Java, OOP, SQL","Java, OOP, SQL","Python, Power BI, Advanced SQL",Monitoring and observability,High,Full Stack Developer,8,0,1,8,36
1385,Computer Science,"JavaScript, MongoDB, Node.js","MongoDB, Node.js","Cloud Security, IAM, SIEM",Reproducible ML pipelines,Medium,AI Engineer,9,6,9,1,19
1386,Information Technology,"CSS, HTML, JavaScript","CSS, HTML, JavaScript","Next.js, CI/CD, React",Modern frontend development,Medium,ML Engineer,9,9,9,9,1
1387,Computer Engineering,"Git, Python, SQL","Git, JavaScript, Python, SQL","AWS, Spring Boot, Docker",Docker and containerization,Medium,Cloud Engineer,2,1,1,8,26
1388,Computer Engineering,"Cloud Computing, Linux, Networking","Linux, Networking","Docker, FastAPI, MLflow",Large-scale data processing,Medium,DevOps Engineer,7,2,8,5,31
1389,Artificial Intelligence,"DBMS, MySQL, SQL","DBMS, JavaScript, MySQL","Kubernetes, Docker, Jenkins",System design,Low,Backend Developer,2,4,8,8,12
1390,Computer Engineering,"Deep Learning, NLP, Python","Deep Learning, NLP, Python","Airflow, Databricks, Spark",Large-scale data processing,Medium,Data Engineer,1,4,3,6,31
1391,Information Technology,"Cloud Computing, Linux, Networking","Cloud Computing, Networking","IAM, Cloud Security, SIEM",Large-scale data processing,Medium,Full Stack Developer,8,1,1,9,15
1392,Cybersecurity,"NumPy, Pandas, Python","NumPy, Pandas, Python, SQL","CI/CD, React, Next.js",Docker and containerization,Medium,Software Engineer,7,7,9,0,23
1393,Artificial Intelligence,"Algorithms, C++, DSA","Algorithms, C++, DSA","AWS, Terraform, Docker",Data pipeline engineering,Medium,Full Stack Developer,7,0,10,5,12
1394,Information Technology,"DBMS, MySQL, SQL","DBMS, MySQL, SQL","IAM, Cloud Security, SIEM",Infrastructure as Code,Low,DevOps Engineer,2,10,5,5,7
1395,Information Technology,"Git, Linux, Shell Scripting","Git, Linux, Shell Scripting","IAM, SIEM, Cloud Security",Cloud deployment,Medium,DevOps Engineer,4,5,0,2,19
1396,Information Technology,"Git, Linux, Shell Scripting","Git, Linux, Shell Scripting","Advanced SQL, Power BI, Python",Large-scale data processing,High,NLP Engineer,6,2,7,1,13
1397,Computer Engineering,"JavaScript, MongoDB, Node.js","JavaScript, MongoDB, Node.js","Docker, AWS, Terraform",Production testing,Medium,Data Engineer,10,5,8,5,27
1398,Computer Science,"JavaScript, MongoDB, Node.js","JavaScript, MongoDB, Node.js","Cloud Databases, Docker, PostgreSQL",Monitoring and observability,Medium,Cybersecurity Analyst,9,7,9,2,22
1399,Artificial Intelligence,"Machine Learning, Python, Statistics","Linux, Machine Learning, Python, Statistics","Databricks, Spark, Airflow",Kubernetes and orchestration,Medium,Cybersecurity Analyst,7,7,2,7,1
1400,Information Technology,"Cloud Computing, Linux, Networking","Cloud Computing, Linux, Networking","PyTorch, Kubernetes, Docker",Cloud security,Low,Full Stack Developer,4,4,1,11,26
1401,Computer Science,"Git, Python, SQL","Cloud Computing, Git, Python, SQL","Airflow, Databricks, Spark",ML lifecycle management,High,Cybersecurity Analyst,4,0,5,1,2
1402,Information Technology,"DBMS, MySQL, SQL","DBMS, MySQL, Python, SQL","Terraform, Docker, AWS",Infrastructure as Code,Medium,Data Analyst,6,2,8,1,16
1403,Computer Engineering,"Machine Learning, Python, Statistics","Git, Machine Learning, Python, Statistics","PostgreSQL, Docker, Cloud Databases",Monitoring and observability,Medium,Cloud Engineer,9,0,6,7,25
1404,Artificial Intelligence,"Git, Linux, Shell Scripting","Git, Linux, Shell Scripting","Kubernetes, MLflow, DVC",Docker and containerization,Medium,AI Engineer,8,8,4,9,32
1405,Data Science,"Machine Learning, Python, Statistics","Machine Learning, Python, Statistics","Docker, FastAPI, MLflow",Production testing,Medium,AI Engineer,7,1,7,4,12
1406,Computer Science,"DBMS, MySQL, SQL","DBMS, MySQL, SQL","Cloud Security, IAM, SIEM",Cloud deployment,High,NLP Engineer,3,4,3,9,32
1407,Cybersecurity,"Data Mining, Python, SQL","Data Mining, Python, SQL","AWS, Spring Boot, Docker",Data pipeline engineering,Medium,AI Engineer,3,6,4,12,30
1408,Data Science,"Git, Python, SQL","Git, Python, SQL","Next.js, React, CI/CD",Cloud deployment,Medium,Cloud Engineer,0,2,8,2,25
1409,Information Technology,"JavaScript, MongoDB, Node.js","JavaScript, MongoDB, Node.js","MLflow, FastAPI, Docker",Model deployment,High,Backend Developer,10,5,7,7,8
1410,Computer Science,"Machine Learning, Python, Statistics","Git, Machine Learning, Statistics","DVC, Kubernetes, MLflow",Model deployment,Low,Full Stack Developer,8,10,1,0,30
1411,Computer Engineering,"Deep Learning, NLP, Python","Cloud Computing, Deep Learning, NLP, Python","Docker, MLflow, FastAPI",Generative AI application development,Low,Data Analyst,2,6,4,9,26
1412,Information Technology,"Algorithms, C++, DSA","Algorithms, C++, DSA, Linux","System Design, Testing, Git",Cloud security,High,Frontend Developer,2,6,1,1,34
1413,Cybersecurity,"Git, Python, SQL","Git, Linux, Python, SQL","Docker, Kubernetes, CI/CD",ML lifecycle management,Low,ML Engineer,2,8,6,7,10
1414,Computer Science,"Data Mining, Python, SQL","Data Mining, Python, SQL","Spark, Airflow, Databricks",Infrastructure as Code,High,ML Engineer,6,8,9,0,0
1415,Artificial Intelligence,"NumPy, Pandas, Python","Git, NumPy, Python","Power BI, Advanced SQL, Python",Docker and containerization,Medium,NLP Engineer,9,7,1,3,2
1416,Computer Engineering,"NumPy, Pandas, Python","Git, NumPy, Python","Git, Testing, System Design",CI/CD automation,High,MLOps Engineer,2,2,1,0,16
1417,Artificial Intelligence,"Git, JavaScript, Web Development","Git, JavaScript, Web Development","Spark, Databricks, Airflow",Reproducible ML pipelines,Medium,Backend Developer,7,0,7,4,19
1418,Information Technology,"Cybersecurity, Linux, Networking","Linux, Networking","Docker, Kubernetes, CI/CD",Infrastructure as Code,Medium,NLP Engineer,1,10,6,0,9
1419,Artificial Intelligence,"Algorithms, C++, DSA","Algorithms, C++, DSA","Testing, TypeScript, React",Docker and containerization,Low,AI Engineer,7,7,2,6,1
1420,Information Technology,"DBMS, MySQL, SQL","Cloud Computing, DBMS, MySQL, SQL","Testing, System Design, Git",Reproducible ML pipelines,Low,Frontend Developer,9,4,8,0,8
1421,Artificial Intelligence,"JavaScript, MongoDB, Node.js","JavaScript, MongoDB, Node.js","React, CI/CD, Next.js",Kubernetes and orchestration,Medium,ML Engineer,9,10,1,5,34
1422,Cybersecurity,"Data Mining, Python, SQL","Data Mining, Linux, Python, SQL","CI/CD, Next.js, React",Cloud security,Medium,NLP Engineer,7,8,6,12,32
1423,Computer Engineering,"Cybersecurity, Linux, Networking","Cybersecurity, Linux, Networking","Testing, Git, System Design",Large-scale data processing,High,DevOps Engineer,4,0,8,11,14
1424,Data Science,"Git, JavaScript, Web Development","Git, JavaScript, Web Development","Cloud Databases, PostgreSQL, Docker",Reproducible ML pipelines,Low,Software Engineer,6,4,0,0,25
1425,Cybersecurity,"Git, Linux, Shell Scripting","Git, Linux, Shell Scripting","Kubernetes, Jenkins, Docker",Scalable API development,High,Full Stack Developer,5,3,4,8,17
1426,Cybersecurity,"Cybersecurity, Linux, Networking","Cybersecurity, Git, Linux, Networking","Docker, FastAPI, MLflow",Large-scale data processing,Low,Cloud Engineer,6,2,2,11,0
1427,Information Technology,"Java, OOP, SQL","Cloud Computing, Java, OOP, SQL","Testing, Git, System Design",Docker and containerization,High,Frontend Developer,3,3,0,0,1
1428,Computer Science,"Cloud Computing, Linux, Networking","Cloud Computing, Linux, Networking, SQL","Docker, AWS, Terraform",Production testing,High,MLOps Engineer,0,8,8,9,36
1429,Computer Science,"Java, OOP, SQL","Git, Java, OOP","MLflow, Docker, FastAPI",Reproducible ML pipelines,High,Frontend Developer,9,0,6,0,34
1430,Computer Engineering,"JavaScript, MongoDB, Node.js","Git, JavaScript, MongoDB, Node.js","Docker, FastAPI, MLflow",Modern frontend development,High,DevOps Engineer,3,0,0,0,32
1431,Artificial Intelligence,"DBMS, MySQL, SQL","DBMS, Git, MySQL, SQL","React, Testing, TypeScript",System design,High,Full Stack Developer,5,1,10,9,35
1432,Computer Engineering,"JavaScript, MongoDB, Node.js","JavaScript, MongoDB","Jenkins, Docker, Kubernetes",Docker and containerization,Low,Data Analyst,5,3,4,6,26
1433,Computer Science,"NumPy, Pandas, Python","JavaScript, NumPy, Pandas, Python","Docker, AWS, TypeScript",Advanced SQL,Medium,Cloud Engineer,2,0,1,0,35
1434,Information Technology,"Machine Learning, Python, Statistics","Git, Machine Learning, Python, Statistics","Databricks, Spark, Airflow",CI/CD automation,High,DevOps Engineer,10,3,8,7,18
1435,Computer Science,"Algorithms, C++, DSA","Algorithms, C++, DSA, Git","Airflow, Databricks, Spark",Reproducible ML pipelines,Medium,Backend Developer,7,3,5,10,12
1436,Data Science,"Machine Learning, Python, Statistics","Python, Statistics","Git, System Design, Testing",Model deployment,Low,Backend Developer,8,5,1,8,7
1437,Computer Engineering,"Cybersecurity, Linux, Networking","Cloud Computing, Cybersecurity, Linux, Networking","AWS, Docker, Spring Boot",Cloud security,Medium,Software Engineer,0,0,7,9,11
1438,Information Technology,"Git, Python, SQL","Git, Python, SQL","MLflow, FastAPI, Docker",CI/CD automation,Medium,MLOps Engineer,3,2,9,11,27
1439,Computer Science,"JavaScript, MongoDB, Node.js","Cloud Computing, JavaScript, MongoDB, Node.js","Spring Boot, Docker, AWS",Data pipeline engineering,High,AI Engineer,6,5,3,12,16
1440,Artificial Intelligence,"Cybersecurity, Linux, Networking","Cybersecurity, Linux, Networking, SQL","Jenkins, Docker, Kubernetes",Modern frontend development,High,MLOps Engineer,0,1,9,1,21
1441,Information Technology,"Git, Python, SQL","Cloud Computing, Git, Python, SQL","Docker, TypeScript, AWS",Cloud security,High,AI Engineer,3,5,8,6,5
1442,Data Science,"Cybersecurity, Linux, Networking","Cybersecurity, Linux, Networking, SQL","Docker, AWS, Terraform",System design,High,Frontend Developer,7,0,8,6,26
1443,Computer Engineering,"Machine Learning, Python, Statistics","Machine Learning, Python, Statistics","Cloud Security, SIEM, IAM",Infrastructure as Code,High,Frontend Developer,6,8,7,8,17
1444,Cybersecurity,"Machine Learning, Python, Statistics","Git, Machine Learning, Python, Statistics","Advanced SQL, Power BI, Python",ML lifecycle management,Medium,Cybersecurity Analyst,6,1,8,4,32
1445,Cybersecurity,"NumPy, Pandas, Python","NumPy, Pandas","Docker, FastAPI, MLflow",Kubernetes and orchestration,High,Data Analyst,8,2,1,2,5
1446,Artificial Intelligence,"Machine Learning, Python, Statistics","Machine Learning, Python, SQL, Statistics","Cloud Databases, PostgreSQL, Docker",Data pipeline engineering,High,Frontend Developer,6,10,4,12,18
1447,Computer Engineering,"Git, JavaScript, Web Development","Git, JavaScript","Spring Boot, AWS, Docker",Generative AI application development,High,DevOps Engineer,3,0,10,6,14
1448,Artificial Intelligence,"CSS, HTML, JavaScript","CSS, HTML, JavaScript","AWS, TypeScript, Docker",Model deployment,Medium,DevOps Engineer,9,6,8,0,25
1449,Data Science,"Machine Learning, Python, Statistics","Machine Learning, Python, Statistics","React, CI/CD, Next.js",Kubernetes and orchestration,Low,Backend Developer,5,4,3,10,17
1450,Computer Science,"Machine Learning, Python, Statistics","Git, Machine Learning, Statistics","Jenkins, Kubernetes, Docker",Modern frontend development,Medium,DevOps Engineer,2,1,10,8,24
1451,Computer Science,"Git, Python, SQL","Cloud Computing, Git, Python","React, Testing, TypeScript",Advanced SQL,Low,NLP Engineer,4,7,1,3,6
1452,Computer Engineering,"NumPy, Pandas, Python","Linux, NumPy, Pandas, Python","Kubernetes, Docker, Jenkins",Cloud deployment,Medium,Software Engineer,5,10,9,12,3
1453,Computer Engineering,"Cloud Computing, Linux, Networking","Cloud Computing, Linux, Networking","Docker, FastAPI, MLflow",Large-scale data processing,High,MLOps Engineer,10,1,1,3,28
1454,Artificial Intelligence,"CSS, HTML, JavaScript","CSS, Cloud Computing, HTML","TypeScript, Docker, AWS",Reproducible ML pipelines,Medium,Software Engineer,3,7,1,6,6
1455,Data Science,"Git, Python, SQL","Git, SQL","AWS, Terraform, Docker",Infrastructure as Code,High,Frontend Developer,7,7,1,8,12
1456,Data Science,"JavaScript, MongoDB, Node.js","JavaScript, Linux, MongoDB, Node.js","React, Next.js, CI/CD",Docker and containerization,Medium,Backend Developer,10,8,5,12,22
1457,Data Science,"Git, JavaScript, Web Development","Git, JavaScript, Python, Web Development","AWS, Docker, Terraform",ML lifecycle management,High,Data Analyst,2,2,1,6,2
1458,Data Science,"Deep Learning, NLP, Python","Deep Learning, NLP, Python","Docker, Cloud Databases, PostgreSQL",Scalable API development,High,Data Analyst,6,7,10,10,22
1459,Computer Science,"Cybersecurity, Linux, Networking","Linux, Networking","Docker, Kubernetes, PyTorch",Cloud deployment,Low,Software Engineer,6,1,0,7,0
1460,Information Technology,"CSS, HTML, JavaScript","CSS, Cloud Computing, HTML, JavaScript","Docker, TypeScript, AWS",Model deployment,Medium,NLP Engineer,9,8,3,9,8
1461,Artificial Intelligence,"Cloud Computing, Linux, Networking","Cloud Computing, Git, Linux","React, Next.js, CI/CD",CI/CD automation,High,Cloud Engineer,0,2,1,5,4
1462,Data Science,"NumPy, Pandas, Python","Cloud Computing, NumPy, Pandas, Python","Kubernetes, Jenkins, Docker",Scalable API development,Medium,Data Analyst,10,9,5,3,19
1463,Cybersecurity,"Java, OOP, SQL","Git, Java, OOP, SQL","Docker, AWS, Spring Boot",Reproducible ML pipelines,High,Data Analyst,7,8,9,12,27
1464,Computer Science,"JavaScript, MongoDB, Node.js","JavaScript, MongoDB, Node.js, SQL","Python, Power BI, Advanced SQL",Infrastructure as Code,High,Backend Developer,7,5,1,2,14
1465,Cybersecurity,"JavaScript, MongoDB, Node.js","JavaScript, MongoDB, Node.js","Kubernetes, DVC, MLflow",Kubernetes and orchestration,Medium,Cybersecurity Analyst,3,6,0,2,18
1466,Artificial Intelligence,"Cybersecurity, Linux, Networking","Cybersecurity, Linux, Networking","DVC, MLflow, Kubernetes",System design,High,ML Engineer,5,1,7,1,1
1467,Data Science,"CSS, HTML, JavaScript","CSS, HTML, JavaScript","CI/CD, Kubernetes, Docker",Advanced SQL,Medium,NLP Engineer,7,10,0,3,6
1468,Data Science,"JavaScript, MongoDB, Node.js","JavaScript, MongoDB, Node.js","MLflow, Docker, FastAPI",Cloud security,High,MLOps Engineer,7,10,2,6,3
1469,Information Technology,"Deep Learning, NLP, Python","Deep Learning, Linux, NLP, Python","System Design, Testing, Git",System design,Medium,Frontend Developer,7,6,6,4,8
1470,Computer Science,"NumPy, Pandas, Python","NumPy, Pandas, Python","Cloud Databases, PostgreSQL, Docker",ML lifecycle management,Low,Backend Developer,7,6,2,5,8
1471,Information Technology,"Data Mining, Python, SQL","Data Mining, JavaScript, Python, SQL","Terraform, Docker, AWS",Docker and containerization,Medium,ML Engineer,2,0,5,12,23
1472,Information Technology,"Machine Learning, Python, Statistics","Git, Machine Learning, Python, Statistics","Kubernetes, Docker, CI/CD",Infrastructure as Code,High,Cloud Engineer,1,5,9,7,27
1473,Artificial Intelligence,"Machine Learning, Python, Statistics","Cloud Computing, Machine Learning, Python, Statistics","CI/CD, Kubernetes, Docker",Kubernetes and orchestration,Medium,MLOps Engineer,7,5,5,4,10
1474,Data Science,"Git, JavaScript, Web Development","Git, JavaScript, Web Development","Docker, Spring Boot, AWS",Infrastructure as Code,Medium,ML Engineer,0,2,2,10,9
1475,Data Science,"Java, OOP, SQL","Java, OOP, SQL","Docker, Spring Boot, AWS",Reproducible ML pipelines,High,Cybersecurity Analyst,1,6,2,0,18
1476,Information Technology,"Deep Learning, NLP, Python","Deep Learning, Git, NLP, Python","Spark, Databricks, Airflow",Generative AI application development,High,ML Engineer,2,1,6,9,0
1477,Information Technology,"Deep Learning, NLP, Python","Deep Learning, Python","React, CI/CD, Next.js",Generative AI application development,High,Cloud Engineer,2,10,6,4,31
1478,Computer Science,"Git, Python, SQL","Git, Python, SQL","SIEM, IAM, Cloud Security",Docker and containerization,High,NLP Engineer,3,7,0,5,0
1479,Computer Science,"Machine Learning, Python, Statistics","Machine Learning, Python, Statistics","Docker, PyTorch, Kubernetes",Advanced SQL,Medium,Data Analyst,7,2,9,4,28
1480,Data Science,"CSS, HTML, JavaScript","CSS, HTML, JavaScript","Spark, Databricks, Airflow",Advanced SQL,High,Data Engineer,9,9,8,5,6
1481,Computer Engineering,"Deep Learning, NLP, Python","Deep Learning, Python","Testing, React, TypeScript",Model deployment,High,MLOps Engineer,9,1,6,3,22
1482,Computer Engineering,"Git, Python, SQL","Git, Python, SQL","FastAPI, Docker, MLflow",Modern frontend development,Medium,Frontend Developer,6,10,5,2,29
1483,Information Technology,"Cloud Computing, Linux, Networking","Cloud Computing, Linux, Networking, Python","PostgreSQL, Cloud Databases, Docker",Data pipeline engineering,Medium,AI Engineer,8,8,6,4,0
1484,Data Science,"Git, Linux, Shell Scripting","Git, Linux, Shell Scripting","Power BI, Python, Advanced SQL",Model deployment,High,Software Engineer,9,2,9,0,10
1485,Information Technology,"Machine Learning, Python, Statistics","Machine Learning, Python, Statistics","Docker, AWS, Spring Boot",Kubernetes and orchestration,High,Full Stack Developer,9,3,2,2,22
1486,Information Technology,"CSS, HTML, JavaScript","HTML, JavaScript, Python","TypeScript, React, Testing",Monitoring and observability,High,Cybersecurity Analyst,9,3,5,4,21
1487,Computer Engineering,"DBMS, MySQL, SQL","DBMS, Linux, MySQL, SQL","Airflow, Spark, Databricks",Generative AI application development,High,NLP Engineer,3,3,2,4,15
1488,Data Science,"Data Mining, Python, SQL","Data Mining, Python","Testing, System Design, Git",Advanced SQL,Low,NLP Engineer,9,0,7,12,21
1489,Cybersecurity,"Cybersecurity, Linux, Networking","Cybersecurity, Linux, Networking","TypeScript, AWS, Docker",Cloud deployment,Medium,Software Engineer,6,3,1,7,29
1490,Artificial Intelligence,"Deep Learning, NLP, Python","Deep Learning, Git, NLP, Python","AWS, TypeScript, Docker",Advanced SQL,Medium,Cloud Engineer,7,5,9,12,6
1491,Cybersecurity,"Algorithms, C++, DSA","Algorithms, C++, DSA, Git","Git, Testing, System Design",Production testing,Low,Data Engineer,6,4,7,5,9
1492,Computer Engineering,"Git, JavaScript, Web Development","Git, JavaScript, Linux, Web Development","Docker, Terraform, AWS",Docker and containerization,Low,Frontend Developer,7,3,0,0,36
1493,Cybersecurity,"Algorithms, C++, DSA","Algorithms, C++, DSA","PostgreSQL, Docker, Cloud Databases",Advanced SQL,Medium,Frontend Developer,1,1,5,11,14
1494,Artificial Intelligence,"JavaScript, MongoDB, Node.js","JavaScript, MongoDB, Node.js","CI/CD, Kubernetes, Docker",Kubernetes and orchestration,Medium,Cybersecurity Analyst,9,7,10,2,16
1495,Data Science,"Deep Learning, NLP, Python","Cloud Computing, Deep Learning, NLP, Python","Git, System Design, Testing",Large-scale data processing,Low,Backend Developer,10,10,5,11,34
1496,Computer Science,"Deep Learning, NLP, Python","Deep Learning, NLP, Python","Testing, System Design, Git",Reproducible ML pipelines,Medium,DevOps Engineer,7,10,6,9,12
1497,Information Technology,"Data Mining, Python, SQL","Data Mining, Python, SQL","React, TypeScript, Testing",Data pipeline engineering,High,ML Engineer,2,5,7,11,34
1498,Computer Engineering,"Machine Learning, Python, Statistics","JavaScript, Machine Learning, Python, Statistics","IAM, SIEM, Cloud Security",Data pipeline engineering,Medium,NLP Engineer,5,6,7,2,25
1499,Information Technology,"Git, Python, SQL","Git, Linux, Python, SQL","Docker, Kubernetes, Jenkins",Model deployment,High,NLP Engineer,10,5,5,1,25
1500,Information Technology,"Cloud Computing, Linux, Networking","Cloud Computing, Networking, SQL","System Design, Testing, Git",Scalable API development,Medium,NLP Engineer,2,8,6,3,16
1501,Information Technology,"DBMS, MySQL, SQL","DBMS, MySQL, Python, SQL","Kubernetes, Docker, CI/CD",CI/CD automation,Medium,Data Analyst,0,9,10,6,25
1502,Information Technology,"Git, JavaScript, Web Development","Git, JavaScript, Python, Web Development","Kubernetes, Docker, Jenkins",Kubernetes and orchestration,Low,Data Engineer,3,2,1,7,18
1503,Computer Engineering,"Git, Python, SQL","Git, Python, SQL","CI/CD, Docker, Kubernetes",CI/CD automation,Low,NLP Engineer,5,3,8,9,11
1504,Information Technology,"Algorithms, C++, DSA","Algorithms, C++","Docker, MLflow, FastAPI",Kubernetes and orchestration,Medium,Software Engineer,7,7,10,0,20
1505,Data Science,"Machine Learning, Python, Statistics","Cloud Computing, Machine Learning, Python, Statistics","Cloud Security, SIEM, IAM",Reproducible ML pipelines,High,Software Engineer,4,3,8,11,22
1506,Computer Science,"Git, Python, SQL","Git, Python, SQL","PyTorch, Kubernetes, Docker",Infrastructure as Code,Medium,ML Engineer,3,6,1,0,16
1507,Artificial Intelligence,"Git, Linux, Shell Scripting","Git, Linux, Shell Scripting","Docker, AWS, Spring Boot",Cloud deployment,High,AI Engineer,4,1,3,7,11
1508,Data Science,"NumPy, Pandas, Python","NumPy, Pandas, Python","Cloud Databases, PostgreSQL, Docker",Kubernetes and orchestration,Medium,ML Engineer,9,4,2,9,2
1509,Artificial Intelligence,"Data Mining, Python, SQL","Data Mining, Python, SQL","IAM, Cloud Security, SIEM",Large-scale data processing,High,Backend Developer,1,7,9,9,36
1510,Information Technology,"Algorithms, C++, DSA","C++, DSA","Docker, FastAPI, MLflow",Cloud security,Medium,MLOps Engineer,7,2,3,4,22
1511,Data Science,"Machine Learning, Python, Statistics","Machine Learning, Python, Statistics","AWS, TypeScript, Docker",System design,Medium,Data Analyst,5,4,8,5,14
1512,Data Science,"Git, JavaScript, Web Development","Git, JavaScript, Web Development","MLflow, DVC, Kubernetes",Model deployment,Medium,MLOps Engineer,1,10,0,0,21
1513,Information Technology,"Cloud Computing, Linux, Networking","Cloud Computing, Linux, Networking, SQL","Next.js, CI/CD, React",CI/CD automation,High,Frontend Developer,5,9,9,0,2
1514,Cybersecurity,"Machine Learning, Python, Statistics","Git, Machine Learning, Python, Statistics","Testing, TypeScript, React",Reproducible ML pipelines,Medium,Data Analyst,4,3,7,8,33
1515,Artificial Intelligence,"Machine Learning, Python, Statistics","Linux, Machine Learning, Python, Statistics","Testing, TypeScript, React",System design,Low,NLP Engineer,4,6,7,2,24
1516,Information Technology,"Cybersecurity, Linux, Networking","Cybersecurity, Linux, Networking","Docker, AWS, Terraform",Cloud security,High,Data Engineer,8,9,9,0,3
1517,Information Technology,"NumPy, Pandas, Python","NumPy, Python","Power BI, Advanced SQL, Python",Monitoring and observability,High,Data Analyst,0,4,3,5,26
1518,Data Science,"Git, Python, SQL","Python, SQL","TypeScript, AWS, Docker",Large-scale data processing,Medium,ML Engineer,6,7,10,7,13
1519,Computer Science,"Git, JavaScript, Web Development","Git, JavaScript, Web Development","Cloud Security, IAM, SIEM",Model deployment,Low,AI Engineer,9,10,4,12,5
1520,Cybersecurity,"Git, Python, SQL","Git, JavaScript, Python, SQL","DVC, MLflow, Kubernetes",Large-scale data processing,Medium,Full Stack Developer,7,3,9,6,13
1521,Artificial Intelligence,"DBMS, MySQL, SQL","DBMS, JavaScript, MySQL, SQL","Next.js, React, CI/CD",Reproducible ML pipelines,High,DevOps Engineer,10,5,0,10,19
1522,Cybersecurity,"Algorithms, C++, DSA","Algorithms, C++, DSA","Testing, System Design, Git",Generative AI application development,Low,Cybersecurity Analyst,10,7,0,6,25
1523,Information Technology,"Algorithms, C++, DSA","Algorithms, C++, DSA, Git","Next.js, React, CI/CD",Docker and containerization,Low,Cybersecurity Analyst,8,9,1,10,36
1524,Cybersecurity,"Data Mining, Python, SQL","Data Mining, JavaScript, SQL","Git, Testing, System Design",Docker and containerization,Medium,MLOps Engineer,9,4,2,6,18
1525,Information Technology,"Git, Python, SQL","Git, Python, SQL","React, Testing, TypeScript",Production testing,High,Cybersecurity Analyst,4,10,10,9,1
1526,Computer Science,"Machine Learning, Python, Statistics","Machine Learning, Python, Statistics","AWS, TypeScript, Docker",Scalable API development,Medium,Software Engineer,9,5,8,7,12
1527,Computer Science,"JavaScript, MongoDB, Node.js","JavaScript, MongoDB, Node.js","FastAPI, Docker, MLflow",Production testing,High,Data Analyst,0,2,10,11,4
1528,Data Science,"Git, Linux, Shell Scripting","Git, Linux, Shell Scripting","Docker, Terraform, AWS",Scalable API development,High,ML Engineer,10,1,5,10,33
1529,Cybersecurity,"Git, JavaScript, Web Development","Git, JavaScript, Web Development","Kubernetes, MLflow, DVC",Advanced SQL,Low,Cybersecurity Analyst,5,0,3,7,2
1530,Computer Science,"NumPy, Pandas, Python","NumPy, Pandas, Python","Kubernetes, Docker, CI/CD",Kubernetes and orchestration,Medium,Data Analyst,0,8,10,8,2
1531,Cybersecurity,"DBMS, MySQL, SQL","DBMS, MySQL, SQL","Databricks, Spark, Airflow",Infrastructure as Code,Medium,ML Engineer,8,2,10,12,18
1532,Artificial Intelligence,"Git, JavaScript, Web Development","Git, JavaScript, Web Development","Docker, Terraform, AWS",Large-scale data processing,Low,Frontend Developer,10,10,7,10,17
1533,Computer Science,"Java, OOP, SQL","Java, Linux, OOP, SQL","SIEM, IAM, Cloud Security",Scalable API development,High,AI Engineer,6,6,2,0,35
1534,Computer Science,"Cloud Computing, Linux, Networking","Cloud Computing, Linux","Testing, System Design, Git",Model deployment,Low,NLP Engineer,4,4,3,5,24
1535,Computer Engineering,"DBMS, MySQL, SQL","DBMS, MySQL, SQL","System Design, Git, Testing",Docker and containerization,High,MLOps Engineer,4,10,10,2,19
1536,Information Technology,"DBMS, MySQL, SQL","DBMS, Linux, MySQL, SQL","Airflow, Databricks, Spark",Production testing,Medium,Frontend Developer,0,2,8,4,36
1537,Data Science,"Cybersecurity, Linux, Networking","Cybersecurity, Linux, Networking","React, CI/CD, Next.js",System design,Medium,ML Engineer,3,6,5,2,19
1538,Computer Science,"JavaScript, MongoDB, Node.js","JavaScript, Linux, MongoDB, Node.js","Docker, AWS, TypeScript",Generative AI application development,High,AI Engineer,10,0,3,6,17
1539,Cybersecurity,"Cloud Computing, Linux, Networking","Cloud Computing, Linux, Networking","Testing, Git, System Design",Large-scale data processing,High,Full Stack Developer,6,2,3,2,14
1540,Data Science,"Git, Python, SQL","Git, Linux, Python, SQL","Cloud Security, SIEM, IAM",Modern frontend development,Medium,DevOps Engineer,5,9,4,9,31
1541,Computer Engineering,"Data Mining, Python, SQL","Data Mining, Git, Python, SQL","System Design, Git, Testing",Scalable API development,Low,DevOps Engineer,9,9,2,0,24
1542,Data Science,"Cybersecurity, Linux, Networking","Cybersecurity, Linux, Networking","Spring Boot, Docker, AWS",Model deployment,Medium,ML Engineer,9,9,9,10,9
1543,Cybersecurity,"Data Mining, Python, SQL","Cloud Computing, Data Mining, Python, SQL","Kubernetes, Docker, Jenkins",Generative AI application development,Medium,NLP Engineer,8,8,7,11,31
1544,Data Science,"Deep Learning, NLP, Python","Deep Learning, Linux, Python","Testing, System Design, Git",Large-scale data processing,Medium,Software Engineer,5,3,9,8,12
1545,Cybersecurity,"Java, OOP, SQL","Java, OOP, SQL","Testing, System Design, Git",Cloud security,Low,Backend Developer,6,2,9,11,4
1546,Artificial Intelligence,"Git, Linux, Shell Scripting","Git, Linux, Shell Scripting","PostgreSQL, Cloud Databases, Docker",CI/CD automation,High,AI Engineer,0,3,8,12,36
1547,Data Science,"JavaScript, MongoDB, Node.js","JavaScript, MongoDB, Node.js","Testing, Git, System Design",Generative AI application development,Medium,Software Engineer,4,2,10,11,8
1548,Artificial Intelligence,"Data Mining, Python, SQL","Cloud Computing, Data Mining, Python, SQL","Kubernetes, Docker, CI/CD",Production testing,Low,Frontend Developer,9,7,6,6,6
1549,Cybersecurity,"Machine Learning, Python, Statistics","Machine Learning, Python, Statistics","AWS, Terraform, Docker",Generative AI application development,High,Cloud Engineer,8,2,0,1,30
1550,Computer Engineering,"JavaScript, MongoDB, Node.js","Git, JavaScript, MongoDB, Node.js","TypeScript, Testing, React",Large-scale data processing,Medium,Backend Developer,2,10,10,12,18
1551,Computer Science,"Machine Learning, Python, Statistics","Machine Learning, Python, Statistics","TypeScript, React, Testing",Model deployment,Medium,AI Engineer,10,3,7,10,20
1552,Data Science,"Java, OOP, SQL","Java, Linux, OOP, SQL","Kubernetes, Docker, CI/CD",Reproducible ML pipelines,Medium,Backend Developer,6,1,9,12,11
1553,Computer Science,"Algorithms, C++, DSA","Algorithms, C++, DSA, JavaScript","Kubernetes, Jenkins, Docker",CI/CD automation,Medium,AI Engineer,3,3,7,0,12
1554,Artificial Intelligence,"Git, Linux, Shell Scripting","Git, Linux, Shell Scripting","Git, System Design, Testing",Cloud security,Medium,MLOps Engineer,7,6,0,7,34
1555,Data Science,"Git, JavaScript, Web Development","Git, JavaScript, Web Development","Testing, Git, System Design",Reproducible ML pipelines,Low,Software Engineer,9,1,7,10,2
1556,Computer Engineering,"Cloud Computing, Linux, Networking","Cloud Computing, Linux, Networking","CI/CD, Next.js, React",Model deployment,Medium,Full Stack Developer,4,5,6,3,16
1557,Computer Science,"Deep Learning, NLP, Python","Deep Learning, NLP, Python, SQL","CI/CD, React, Next.js",CI/CD automation,Medium,DevOps Engineer,7,4,4,11,25
1558,Computer Engineering,"JavaScript, MongoDB, Node.js","Git, JavaScript, MongoDB, Node.js","React, Testing, TypeScript",Reproducible ML pipelines,Low,MLOps Engineer,0,9,3,12,0
1559,Computer Engineering,"Machine Learning, Python, Statistics","Python, Statistics","TypeScript, AWS, Docker",Generative AI application development,High,Full Stack Developer,8,0,10,3,24
1560,Data Science,"Machine Learning, Python, Statistics","Machine Learning, Python, Statistics","Git, Testing, System Design",Data pipeline engineering,Low,DevOps Engineer,10,0,10,7,34
1561,Cybersecurity,"Git, Python, SQL","Git, Python, SQL","Git, Testing, System Design",Cloud security,Medium,ML Engineer,3,3,5,11,26
1562,Information Technology,"CSS, HTML, JavaScript","CSS, HTML, JavaScript","CI/CD, Docker, Kubernetes",Docker and containerization,Medium,Data Analyst,7,0,8,11,35
1563,Data Science,"Git, Python, SQL","Cloud Computing, Git, Python, SQL","Kubernetes, Docker, PyTorch",CI/CD automation,Medium,Cloud Engineer,1,1,3,10,9
1564,Data Science,"Cybersecurity, Linux, Networking","Cybersecurity, JavaScript, Linux, Networking","Spring Boot, Docker, AWS",Monitoring and observability,Medium,Software Engineer,2,10,1,1,25
1565,Computer Science,"Machine Learning, Python, Statistics","Machine Learning, Python, Statistics","Power BI, Advanced SQL, Python",Monitoring and observability,Low,Software Engineer,7,7,4,5,17
1566,Artificial Intelligence,"NumPy, Pandas, Python","NumPy, Pandas, Python","Kubernetes, Jenkins, Docker",Infrastructure as Code,High,Cybersecurity Analyst,7,1,4,6,4
1567,Cybersecurity,"Deep Learning, NLP, Python","Deep Learning, NLP, Python","Docker, AWS, TypeScript",Reproducible ML pipelines,Medium,NLP Engineer,6,2,3,5,36
1568,Data Science,"Data Mining, Python, SQL","Data Mining, Git, Python","CI/CD, Kubernetes, Docker",Reproducible ML pipelines,Low,Data Engineer,3,6,8,6,3
1569,Artificial Intelligence,"Data Mining, Python, SQL","Data Mining, Python","React, CI/CD, Next.js",Kubernetes and orchestration,High,Data Engineer,4,0,9,8,7
1570,Computer Science,"Git, JavaScript, Web Development","Git, JavaScript, Web Development","React, Testing, TypeScript",Data pipeline engineering,Medium,Frontend Developer,5,2,3,12,29
1571,Artificial Intelligence,"Deep Learning, NLP, Python","Deep Learning, NLP, Python","Advanced SQL, Power BI, Python",Model deployment,High,Cloud Engineer,9,8,6,0,8
1572,Data Science,"JavaScript, MongoDB, Node.js","JavaScript, MongoDB, Node.js","Airflow, Spark, Databricks",Advanced SQL,Medium,Data Engineer,5,4,8,9,18
1573,Computer Engineering,"Machine Learning, Python, Statistics","JavaScript, Machine Learning, Python","Airflow, Databricks, Spark",Scalable API development,High,Cloud Engineer,4,4,5,6,25
1574,Information Technology,"Git, JavaScript, Web Development","Cloud Computing, Git, JavaScript, Web Development","System Design, Testing, Git",Reproducible ML pipelines,Low,Cloud Engineer,6,0,3,12,26
1575,Computer Science,"Machine Learning, Python, Statistics","Machine Learning, Python, Statistics","Cloud Security, IAM, SIEM",Docker and containerization,Medium,MLOps Engineer,6,6,0,2,12
1576,Artificial Intelligence,"Machine Learning, Python, Statistics","Machine Learning, Python, SQL","Docker, AWS, Spring Boot",CI/CD automation,Low,Full Stack Developer,5,6,0,5,33
1577,Data Science,"Deep Learning, NLP, Python","Deep Learning, NLP, Python","Kubernetes, CI/CD, Docker",Monitoring and observability,Low,Full Stack Developer,0,6,4,11,23
1578,Information Technology,"Java, OOP, SQL","Java, OOP, SQL","Cloud Databases, Docker, PostgreSQL",Kubernetes and orchestration,High,MLOps Engineer,9,1,10,8,36
1579,Cybersecurity,"Cybersecurity, Linux, Networking","Cybersecurity, Linux, Networking","Cloud Security, IAM, SIEM",ML lifecycle management,High,ML Engineer,1,8,3,3,20
1580,Computer Engineering,"Deep Learning, NLP, Python","Cloud Computing, Deep Learning, NLP, Python","Python, Advanced SQL, Power BI",Data pipeline engineering,Medium,Software Engineer,2,3,7,7,5
1581,Cybersecurity,"Machine Learning, Python, Statistics","Machine Learning, Python, Statistics","React, TypeScript, Testing",Model deployment,Low,Frontend Developer,7,3,3,3,9
1582,Computer Engineering,"Git, Linux, Shell Scripting","Git, Shell Scripting","Docker, PyTorch, Kubernetes",Cloud security,Medium,ML Engineer,8,2,5,3,10
1583,Data Science,"Data Mining, Python, SQL","Data Mining, Python, SQL","DVC, MLflow, Kubernetes",Model deployment,Medium,Cloud Engineer,7,3,9,11,10
1584,Information Technology,"Git, Linux, Shell Scripting","Git, Linux, Shell Scripting","AWS, Docker, Terraform",Model deployment,Low,Full Stack Developer,0,1,6,9,12
1585,Information Technology,"Machine Learning, Python, Statistics","Machine Learning, Python, SQL, Statistics","Kubernetes, MLflow, DVC",Reproducible ML pipelines,Medium,Data Analyst,9,0,10,7,21
1586,Artificial Intelligence,"Git, JavaScript, Web Development","Git, JavaScript, SQL, Web Development","Docker, AWS, Spring Boot",Kubernetes and orchestration,Low,ML Engineer,9,9,9,1,12
1587,Cybersecurity,"CSS, HTML, JavaScript","CSS, Cloud Computing, HTML, JavaScript","AWS, Spring Boot, Docker",ML lifecycle management,High,Full Stack Developer,6,10,2,2,31
1588,Data Science,"NumPy, Pandas, Python","Git, NumPy, Pandas, Python","Advanced SQL, Python, Power BI",Kubernetes and orchestration,High,AI Engineer,7,0,7,0,13
1589,Cybersecurity,"JavaScript, MongoDB, Node.js","Git, JavaScript, MongoDB, Node.js","Kubernetes, Docker, CI/CD",Large-scale data processing,Medium,Cloud Engineer,1,0,10,7,19
1590,Computer Engineering,"Git, Python, SQL","Git, Python, SQL","Testing, System Design, Git",Reproducible ML pipelines,High,ML Engineer,7,6,2,5,36
1591,Computer Science,"Git, JavaScript, Web Development","Git, Python, Web Development","Databricks, Airflow, Spark",Data pipeline engineering,Low,DevOps Engineer,6,1,4,9,28
1592,Artificial Intelligence,"JavaScript, MongoDB, Node.js","JavaScript, MongoDB, Node.js","Kubernetes, PyTorch, Docker",Advanced SQL,High,DevOps Engineer,9,8,6,0,20
1593,Artificial Intelligence,"Git, Python, SQL","Cloud Computing, Git, Python, SQL","Next.js, React, CI/CD",Modern frontend development,Medium,ML Engineer,2,3,9,4,24
1594,Computer Science,"Algorithms, C++, DSA","Algorithms, C++, DSA, JavaScript","AWS, Spring Boot, Docker",CI/CD automation,High,DevOps Engineer,9,4,8,5,14
1595,Artificial Intelligence,"Git, Python, SQL","Git, SQL","Docker, Kubernetes, CI/CD",Infrastructure as Code,High,Frontend Developer,4,2,10,2,21
1596,Data Science,"Git, Linux, Shell Scripting","Git, Linux, Shell Scripting","Python, Power BI, Advanced SQL",Large-scale data processing,Low,DevOps Engineer,3,7,8,10,34
1597,Computer Engineering,"NumPy, Pandas, Python","JavaScript, NumPy, Pandas, Python","Docker, Kubernetes, CI/CD",Large-scale data processing,Medium,ML Engineer,3,4,9,10,23
1598,Data Science,"Machine Learning, Python, Statistics","Machine Learning, Python, Statistics","Power BI, Advanced SQL, Python",Scalable API development,Medium,Data Analyst,10,7,9,4,36
1599,Data Science,"CSS, HTML, JavaScript","CSS, HTML","Spark, Databricks, Airflow",Cloud deployment,Low,ML Engineer,6,1,6,6,8
1600,Computer Science,"Java, OOP, SQL","Java, OOP, SQL","Cloud Security, IAM, SIEM",Advanced SQL,High,ML Engineer,5,5,5,7,22
1601,Computer Science,"Algorithms, C++, DSA","Algorithms, C++, DSA","FastAPI, MLflow, Docker",Modern frontend development,Medium,NLP Engineer,10,0,5,1,26
1602,Data Science,"JavaScript, MongoDB, Node.js","MongoDB, Node.js, Python","Docker, MLflow, FastAPI",Reproducible ML pipelines,Low,DevOps Engineer,3,3,8,6,34
1603,Data Science,"Git, Python, SQL","Git, Python, SQL","Terraform, AWS, Docker",CI/CD automation,High,Software Engineer,6,3,0,9,19
1604,Artificial Intelligence,"Algorithms, C++, DSA","Algorithms, C++, Cloud Computing, DSA","Databricks, Spark, Airflow",Monitoring and observability,Low,NLP Engineer,0,9,4,11,4
1605,Information Technology,"Machine Learning, Python, Statistics","JavaScript, Machine Learning, Python, Statistics","Docker, Cloud Databases, PostgreSQL",Reproducible ML pipelines,Medium,Cloud Engineer,2,4,5,2,35
1606,Artificial Intelligence,"Java, OOP, SQL","Java, JavaScript, OOP, SQL","TypeScript, React, Testing",Kubernetes and orchestration,Low,Data Engineer,6,7,4,8,0
1607,Cybersecurity,"JavaScript, MongoDB, Node.js","JavaScript, MongoDB, Node.js, Python","Power BI, Python, Advanced SQL",Generative AI application development,High,Data Engineer,0,2,9,4,17
1608,Information Technology,"DBMS, MySQL, SQL","DBMS, MySQL","Next.js, CI/CD, React",Infrastructure as Code,Medium,DevOps Engineer,7,3,4,2,2
1609,Information Technology,"Java, OOP, SQL","Java, OOP, SQL","Docker, Kubernetes, PyTorch",Modern frontend development,Medium,DevOps Engineer,1,10,4,1,32
1610,Data Science,"Git, Linux, Shell Scripting","Git, Linux, Shell Scripting","FastAPI, MLflow, Docker",Docker and containerization,High,Full Stack Developer,10,8,6,11,32
1611,Artificial Intelligence,"Java, OOP, SQL","Java, OOP, Python, SQL","Kubernetes, Docker, PyTorch",Docker and containerization,Medium,ML Engineer,9,4,2,7,26
1612,Data Science,"Machine Learning, Python, Statistics","Git, Machine Learning, Python, Statistics","Airflow, Databricks, Spark",Docker and containerization,Medium,AI Engineer,9,3,10,10,5
1613,Artificial Intelligence,"Java, OOP, SQL","Git, Java, OOP, SQL","DVC, Kubernetes, MLflow",Infrastructure as Code,Medium,Data Analyst,9,4,6,9,35
1614,Cybersecurity,"Git, JavaScript, Web Development","Git, JavaScript, Web Development","Docker, Kubernetes, CI/CD",Infrastructure as Code,Medium,MLOps Engineer,7,9,8,9,1
1615,Information Technology,"Data Mining, Python, SQL","Cloud Computing, Data Mining, Python, SQL","Testing, Git, System Design",Modern frontend development,Low,AI Engineer,0,10,8,4,29
1616,Data Science,"Deep Learning, NLP, Python","Deep Learning, NLP","AWS, TypeScript, Docker",ML lifecycle management,Medium,Data Engineer,7,3,7,8,4
1617,Artificial Intelligence,"Deep Learning, NLP, Python","Deep Learning, JavaScript, NLP","AWS, Docker, Spring Boot",ML lifecycle management,Low,DevOps Engineer,6,3,8,0,9
1618,Computer Science,"DBMS, MySQL, SQL","DBMS, MySQL, Python","Python, Advanced SQL, Power BI",Docker and containerization,Low,Cybersecurity Analyst,8,8,1,2,36
1619,Computer Engineering,"Machine Learning, Python, Statistics","Linux, Machine Learning, Python, Statistics","AWS, Docker, Terraform",Large-scale data processing,High,Backend Developer,0,6,6,11,2
1620,Computer Science,"Git, Python, SQL","Git, Python, SQL","Advanced SQL, Power BI, Python",Infrastructure as Code,Low,DevOps Engineer,4,8,10,6,19
1621,Cybersecurity,"Data Mining, Python, SQL","Data Mining, Python","Python, Advanced SQL, Power BI",System design,Medium,Data Engineer,3,5,5,11,28
1622,Computer Science,"Machine Learning, Python, Statistics","Machine Learning, Python, Statistics","Python, Power BI, Advanced SQL",Monitoring and observability,Low,Data Engineer,7,10,0,5,8
1623,Computer Engineering,"Java, OOP, SQL","Java, JavaScript, OOP, SQL","Docker, Terraform, AWS",Advanced SQL,High,DevOps Engineer,0,4,5,8,34
1624,Information Technology,"Java, OOP, SQL","Java, OOP, SQL","Spring Boot, AWS, Docker",Cloud deployment,High,Cybersecurity Analyst,0,3,6,8,28
1625,Computer Science,"JavaScript, MongoDB, Node.js","JavaScript, MongoDB, Node.js","Docker, PostgreSQL, Cloud Databases",CI/CD automation,High,Cloud Engineer,7,9,7,8,3
1626,Information Technology,"CSS, HTML, JavaScript","CSS, HTML, JavaScript","Docker, Cloud Databases, PostgreSQL",Modern frontend development,Medium,Data Engineer,6,7,9,12,18
1627,Computer Science,"Data Mining, Python, SQL","Data Mining, Python, SQL","MLflow, Kubernetes, DVC",Cloud security,Medium,ML Engineer,3,2,9,5,30
1628,Information Technology,"Machine Learning, Python, Statistics","Machine Learning, Python, Statistics","Advanced SQL, Power BI, Python",Data pipeline engineering,Medium,MLOps Engineer,10,7,3,1,32
1629,Data Science,"Cloud Computing, Linux, Networking","Cloud Computing, Linux, Networking","Kubernetes, DVC, MLflow",Monitoring and observability,Low,Backend Developer,10,2,3,3,11
1630,Artificial Intelligence,"Java, OOP, SQL","Java, OOP, SQL","IAM, SIEM, Cloud Security",Advanced SQL,Low,Data Engineer,6,0,7,3,19
1631,Artificial Intelligence,"Machine Learning, Python, Statistics","Machine Learning, Python, Statistics","Cloud Security, IAM, SIEM",Cloud deployment,Medium,AI Engineer,10,1,10,7,17
1632,Computer Engineering,"Data Mining, Python, SQL","Data Mining, Python","Spark, Databricks, Airflow",Model deployment,Low,Software Engineer,6,9,8,1,18
1633,Computer Science,"CSS, HTML, JavaScript","CSS, HTML, JavaScript","Kubernetes, DVC, MLflow",Kubernetes and orchestration,High,ML Engineer,7,7,4,0,8
1634,Cybersecurity,"Machine Learning, Python, Statistics","Machine Learning, Python, Statistics","Jenkins, Kubernetes, Docker",Production testing,Medium,Cybersecurity Analyst,6,10,5,11,1
1635,Cybersecurity,"Git, Linux, Shell Scripting","Cloud Computing, Git, Linux, Shell Scripting","Cloud Databases, Docker, PostgreSQL",Modern frontend development,Low,Full Stack Developer,1,9,6,6,26
1636,Data Science,"Java, OOP, SQL","Java, OOP, SQL","Docker, CI/CD, Kubernetes",Model deployment,High,Data Analyst,2,10,3,4,34
1637,Computer Science,"Java, OOP, SQL","Java, OOP, SQL","Airflow, Databricks, Spark",Production testing,High,DevOps Engineer,9,0,1,7,28
1638,Cybersecurity,"Java, OOP, SQL","Java, OOP, SQL","TypeScript, AWS, Docker",Cloud security,Medium,Data Analyst,3,5,1,7,19
1639,Data Science,"Data Mining, Python, SQL","Data Mining, SQL","TypeScript, Docker, AWS",Reproducible ML pipelines,Medium,Full Stack Developer,1,9,9,12,22
1640,Computer Engineering,"Data Mining, Python, SQL","Data Mining, JavaScript, Python, SQL","Docker, PostgreSQL, Cloud Databases",Model deployment,Medium,NLP Engineer,10,7,6,4,5
1641,Artificial Intelligence,"Deep Learning, NLP, Python","Deep Learning, JavaScript, NLP, Python","Kubernetes, Docker, CI/CD",Monitoring and observability,High,AI Engineer,4,4,10,4,35
1642,Data Science,"NumPy, Pandas, Python","NumPy, Pandas, Python","Testing, Git, System Design",CI/CD automation,High,Full Stack Developer,6,1,5,10,30
1643,Artificial Intelligence,"Deep Learning, NLP, Python","Deep Learning, NLP, SQL","React, CI/CD, Next.js",Monitoring and observability,Medium,MLOps Engineer,0,4,0,9,20
1644,Artificial Intelligence,"CSS, HTML, JavaScript","CSS, HTML, JavaScript, Linux","Advanced SQL, Power BI, Python",Large-scale data processing,Medium,Software Engineer,1,8,7,3,5
1645,Artificial Intelligence,"CSS, HTML, JavaScript","CSS, Git, HTML, JavaScript","Kubernetes, Docker, PyTorch",Reproducible ML pipelines,Medium,ML Engineer,10,1,0,7,35
1646,Computer Science,"Cloud Computing, Linux, Networking","Cloud Computing, JavaScript, Linux, Networking","Advanced SQL, Power BI, Python",Modern frontend development,Medium,Data Engineer,7,0,6,10,35
1647,Computer Engineering,"Git, JavaScript, Web Development","Git, JavaScript, Linux, Web Development","Kubernetes, CI/CD, Docker",CI/CD automation,High,Full Stack Developer,3,0,6,0,3
1648,Information Technology,"CSS, HTML, JavaScript","CSS, HTML, JavaScript","CI/CD, Docker, Kubernetes",Monitoring and observability,Medium,Cybersecurity Analyst,2,2,4,11,6
1649,Computer Science,"Machine Learning, Python, Statistics","Linux, Machine Learning, Python, Statistics","DVC, Kubernetes, MLflow",CI/CD automation,Low,Data Engineer,0,1,6,6,15
1650,Information Technology,"Git, JavaScript, Web Development","Git, Python, Web Development","Kubernetes, Jenkins, Docker",Production testing,Low,Data Engineer,10,2,0,5,24
1651,Information Technology,"DBMS, MySQL, SQL","Cloud Computing, DBMS, MySQL, SQL","Docker, Kubernetes, CI/CD",Cloud deployment,High,Backend Developer,3,3,9,1,12
1652,Information Technology,"DBMS, MySQL, SQL","DBMS, JavaScript, MySQL, SQL","System Design, Git, Testing",ML lifecycle management,High,NLP Engineer,5,6,10,4,21
1653,Information Technology,"CSS, HTML, JavaScript","CSS, HTML, JavaScript, Linux","Docker, MLflow, FastAPI",System design,High,Cloud Engineer,4,9,8,6,27
1654,Information Technology,"Machine Learning, Python, Statistics","Machine Learning, Python, Statistics","Testing, Git, System Design",Production testing,Medium,Data Engineer,10,3,4,10,36
1655,Cybersecurity,"DBMS, MySQL, SQL","DBMS, JavaScript, MySQL, SQL","Cloud Databases, PostgreSQL, Docker",CI/CD automation,Medium,ML Engineer,6,5,5,9,4
1656,Artificial Intelligence,"NumPy, Pandas, Python","NumPy, Pandas, Python","MLflow, DVC, Kubernetes",Large-scale data processing,Medium,Full Stack Developer,4,1,4,7,23
1657,Information Technology,"CSS, HTML, JavaScript","CSS, HTML, JavaScript","Cloud Security, IAM, SIEM",Advanced SQL,Low,MLOps Engineer,10,3,5,3,35
1658,Cybersecurity,"Git, Linux, Shell Scripting","Git, Linux, Shell Scripting","Docker, Jenkins, Kubernetes",Generative AI application development,High,NLP Engineer,4,3,6,7,9
1659,Artificial Intelligence,"Java, OOP, SQL","Java, OOP, Python, SQL","TypeScript, AWS, Docker",Modern frontend development,High,AI Engineer,4,3,10,4,26
1660,Cybersecurity,"JavaScript, MongoDB, Node.js","JavaScript, MongoDB","Docker, AWS, Terraform",Scalable API development,Medium,Backend Developer,9,7,9,10,15
1661,Cybersecurity,"Deep Learning, NLP, Python","Deep Learning, NLP, Python","DVC, MLflow, Kubernetes",Cloud deployment,High,ML Engineer,1,6,8,10,12
1662,Computer Engineering,"NumPy, Pandas, Python","Git, NumPy, Pandas, Python","Spring Boot, Docker, AWS",Scalable API development,Medium,Frontend Developer,0,1,4,8,27
1663,Data Science,"Cloud Computing, Linux, Networking","Cloud Computing, Linux, Networking","Databricks, Spark, Airflow",Advanced SQL,Low,AI Engineer,2,1,4,6,12
1664,Cybersecurity,"Machine Learning, Python, Statistics","Machine Learning, Python, Statistics","MLflow, FastAPI, Docker",Advanced SQL,Low,Cybersecurity Analyst,4,5,6,3,12
1665,Cybersecurity,"Java, OOP, SQL","Java, JavaScript, OOP, SQL","Power BI, Advanced SQL, Python",Docker and containerization,Medium,Data Analyst,8,10,1,10,7
1666,Information Technology,"DBMS, MySQL, SQL","DBMS, MySQL, SQL","IAM, Cloud Security, SIEM",CI/CD automation,Medium,MLOps Engineer,10,0,6,10,35
1667,Information Technology,"CSS, HTML, JavaScript","Git, HTML, JavaScript","TypeScript, Docker, AWS",Docker and containerization,Medium,NLP Engineer,9,9,4,11,2
1668,Computer Science,"CSS, HTML, JavaScript","CSS, HTML, SQL","React, TypeScript, Testing",Generative AI application development,High,Data Analyst,9,8,4,1,3
1669,Computer Science,"Git, JavaScript, Web Development","JavaScript, Python, Web Development","IAM, SIEM, Cloud Security",Cloud security,Low,Software Engineer,0,4,10,2,2
1670,Information Technology,"Cloud Computing, Linux, Networking","Cloud Computing, Linux, Networking","Docker, AWS, Terraform",Scalable API development,Medium,Backend Developer,9,9,0,3,18
1671,Information Technology,"Java, OOP, SQL","Java, OOP, SQL","CI/CD, Next.js, React",Cloud security,High,Data Engineer,0,3,5,3,4
1672,Data Science,"Git, Python, SQL","Cloud Computing, Python, SQL","Jenkins, Kubernetes, Docker",Reproducible ML pipelines,Low,Data Engineer,1,3,2,12,6
1673,Cybersecurity,"DBMS, MySQL, SQL","DBMS, MySQL, SQL","FastAPI, MLflow, Docker",System design,High,Data Analyst,8,8,10,1,18
1674,Computer Science,"Java, OOP, SQL","Java, OOP, SQL","Testing, System Design, Git",Infrastructure as Code,Medium,Data Engineer,6,7,8,5,31
1675,Data Science,"Machine Learning, Python, Statistics","JavaScript, Python, Statistics","React, Next.js, CI/CD",Scalable API development,Medium,Backend Developer,3,10,2,1,22
1676,Artificial Intelligence,"Data Mining, Python, SQL","Data Mining, Python, SQL","CI/CD, Docker, Kubernetes",Modern frontend development,Low,Cloud Engineer,1,6,8,4,22
1677,Artificial Intelligence,"Algorithms, C++, DSA","Algorithms, C++, Cloud Computing, DSA","TypeScript, Docker, AWS",Docker and containerization,Medium,Backend Developer,7,1,7,9,34
1678,Cybersecurity,"Git, Linux, Shell Scripting","Git, JavaScript, Linux, Shell Scripting","Kubernetes, PyTorch, Docker",Cloud security,Medium,ML Engineer,0,5,1,9,21
1679,Data Science,"NumPy, Pandas, Python","NumPy, Pandas, Python","Docker, TypeScript, AWS",Large-scale data processing,Medium,Data Engineer,7,10,1,7,9
1680,Data Science,"Cybersecurity, Linux, Networking","Cybersecurity, Linux, Networking","System Design, Testing, Git",Scalable API development,Medium,Data Analyst,10,0,1,4,17
1681,Computer Science,"Git, JavaScript, Web Development","Git, JavaScript, Linux, Web Development","TypeScript, React, Testing",Model deployment,High,ML Engineer,1,0,0,10,26
1682,Data Science,"Cloud Computing, Linux, Networking","Cloud Computing, Linux, Networking, SQL","PyTorch, Kubernetes, Docker",Reproducible ML pipelines,High,Backend Developer,7,6,2,3,32
1683,Computer Engineering,"Java, OOP, SQL","Java, OOP, SQL","Docker, Spring Boot, AWS",Infrastructure as Code,Low,DevOps Engineer,7,5,2,8,12
1684,Artificial Intelligence,"Deep Learning, NLP, Python","Deep Learning, Git, Python","PyTorch, Docker, Kubernetes",Cloud deployment,Medium,NLP Engineer,1,3,5,10,1
1685,Artificial Intelligence,"CSS, HTML, JavaScript","CSS, HTML, JavaScript","AWS, TypeScript, Docker",Large-scale data processing,High,Frontend Developer,6,4,1,10,23
1686,Data Science,"Cloud Computing, Linux, Networking","Cloud Computing, Linux, Networking","Docker, CI/CD, Kubernetes",Docker and containerization,Low,DevOps Engineer,1,9,4,11,21
1687,Information Technology,"Machine Learning, Python, Statistics","Machine Learning, Python, Statistics","Docker, AWS, Spring Boot",Advanced SQL,Medium,Backend Developer,7,4,10,2,35
1688,Computer Science,"Algorithms, C++, DSA","Algorithms, C++, Cloud Computing, DSA","Spring Boot, Docker, AWS",Scalable API development,Medium,Software Engineer,8,10,0,10,14
1689,Data Science,"Cloud Computing, Linux, Networking","Cloud Computing, Linux, Networking","Docker, PyTorch, Kubernetes",System design,Low,Cybersecurity Analyst,9,9,0,5,21
1690,Cybersecurity,"JavaScript, MongoDB, Node.js","JavaScript, MongoDB, Node.js","AWS, Docker, TypeScript",Docker and containerization,Medium,Data Analyst,9,0,6,9,27
1691,Cybersecurity,"DBMS, MySQL, SQL","DBMS, MySQL, SQL","Kubernetes, Docker, CI/CD",Generative AI application development,Low,Cloud Engineer,1,0,6,5,26
1692,Data Science,"CSS, HTML, JavaScript","CSS, HTML, JavaScript, SQL","TypeScript, React, Testing",Scalable API development,High,Backend Developer,6,1,3,6,35
1693,Computer Science,"Machine Learning, Python, Statistics","Python, Statistics","PyTorch, Docker, Kubernetes",Advanced SQL,Medium,DevOps Engineer,9,9,2,10,25
1694,Artificial Intelligence,"Machine Learning, Python, Statistics","Linux, Machine Learning, Python, Statistics","FastAPI, Docker, MLflow",Docker and containerization,Low,NLP Engineer,3,2,4,2,13
1695,Artificial Intelligence,"Cloud Computing, Linux, Networking","Cloud Computing, Linux, Networking","Docker, Kubernetes, CI/CD",Cloud security,Medium,Frontend Developer,3,6,9,1,20
1696,Cybersecurity,"JavaScript, MongoDB, Node.js","JavaScript, MongoDB, Node.js","TypeScript, AWS, Docker",Scalable API development,Medium,MLOps Engineer,2,5,7,0,15
1697,Information Technology,"CSS, HTML, JavaScript","CSS, HTML, JavaScript, SQL","PostgreSQL, Cloud Databases, Docker",Production testing,Medium,Frontend Developer,8,6,3,0,17
1698,Computer Science,"Data Mining, Python, SQL","Data Mining, Linux, Python, SQL","Next.js, React, CI/CD",CI/CD automation,High,AI Engineer,7,4,2,9,8
1699,Information Technology,"Git, Python, SQL","Git, Linux, Python, SQL","FastAPI, MLflow, Docker",Data pipeline engineering,High,Backend Developer,6,6,9,3,30
1700,Computer Science,"Cybersecurity, Linux, Networking","Cybersecurity, Linux, Networking","React, Testing, TypeScript",Cloud deployment,High,Full Stack Developer,4,8,5,0,11
1701,Information Technology,"Git, Python, SQL","Git, Python, SQL","Cloud Security, IAM, SIEM",Production testing,Medium,Cloud Engineer,9,0,0,0,1
1702,Information Technology,"Git, Linux, Shell Scripting","Git, Linux","Kubernetes, Docker, PyTorch",Advanced SQL,Medium,AI Engineer,8,5,5,9,19
1703,Computer Science,"Git, Linux, Shell Scripting","Git, JavaScript, Linux, Shell Scripting","Advanced SQL, Power BI, Python",Cloud security,Low,Software Engineer,3,1,6,10,29
1704,Data Science,"Data Mining, Python, SQL","Data Mining, Git, Python, SQL","MLflow, DVC, Kubernetes",Cloud security,Medium,MLOps Engineer,1,9,4,12,22
1705,Information Technology,"DBMS, MySQL, SQL","DBMS, SQL","Kubernetes, Docker, PyTorch",Modern frontend development,High,ML Engineer,0,5,2,10,30
1706,Computer Engineering,"Data Mining, Python, SQL","Data Mining, Python, SQL","DVC, MLflow, Kubernetes",Monitoring and observability,High,Cybersecurity Analyst,10,1,9,0,9
1707,Information Technology,"CSS, HTML, JavaScript","CSS, HTML, JavaScript","Spring Boot, Docker, AWS",System design,Medium,Cybersecurity Analyst,10,6,3,5,15
1708,Information Technology,"Algorithms, C++, DSA","C++, DSA","Testing, TypeScript, React",Scalable API development,Low,Frontend Developer,6,3,7,1,5
1709,Artificial Intelligence,"Git, JavaScript, Web Development","JavaScript, Python, Web Development","Git, System Design, Testing",Production testing,Medium,Data Engineer,1,3,2,4,27
1710,Artificial Intelligence,"Deep Learning, NLP, Python","Deep Learning, Linux, NLP, Python","Docker, Cloud Databases, PostgreSQL",Generative AI application development,Medium,MLOps Engineer,7,10,8,3,31
1711,Data Science,"JavaScript, MongoDB, Node.js","JavaScript, MongoDB, Node.js, SQL","PyTorch, Kubernetes, Docker",Kubernetes and orchestration,High,Frontend Developer,10,0,6,12,22
1712,Information Technology,"Git, Linux, Shell Scripting","Git, Linux, Python, Shell Scripting","SIEM, IAM, Cloud Security",Data pipeline engineering,High,Full Stack Developer,2,4,5,5,14
1713,Information Technology,"NumPy, Pandas, Python","Linux, NumPy, Pandas, Python","Next.js, CI/CD, React",Reproducible ML pipelines,High,Cloud Engineer,8,4,9,6,10
1714,Information Technology,"Machine Learning, Python, Statistics","Machine Learning, Python, Statistics","Next.js, CI/CD, React",Docker and containerization,Medium,Backend Developer,5,0,6,9,8
1715,Cybersecurity,"Cybersecurity, Linux, Networking","Cybersecurity, Linux, Networking, SQL","Docker, TypeScript, AWS",Kubernetes and orchestration,Low,Cybersecurity Analyst,6,7,2,9,14
1716,Computer Engineering,"JavaScript, MongoDB, Node.js","JavaScript, Linux, MongoDB, Node.js","Jenkins, Kubernetes, Docker",Advanced SQL,Medium,Cybersecurity Analyst,9,1,4,6,23
1717,Computer Science,"Algorithms, C++, DSA","Algorithms, C++, DSA","Testing, Git, System Design",Docker and containerization,Medium,DevOps Engineer,9,7,2,5,7
1718,Cybersecurity,"Machine Learning, Python, Statistics","Machine Learning, Python, Statistics","Jenkins, Kubernetes, Docker",Large-scale data processing,Medium,Cybersecurity Analyst,7,8,10,2,15
1719,Information Technology,"NumPy, Pandas, Python","Pandas, Python","Cloud Databases, Docker, PostgreSQL",Scalable API development,Medium,AI Engineer,0,6,3,6,14
1720,Computer Engineering,"Algorithms, C++, DSA","Algorithms, C++, DSA","React, CI/CD, Next.js",Docker and containerization,Medium,Full Stack Developer,2,0,0,11,33
1721,Artificial Intelligence,"Cloud Computing, Linux, Networking","Cloud Computing, Linux, Networking","Spark, Databricks, Airflow",ML lifecycle management,High,DevOps Engineer,7,10,9,6,1
1722,Cybersecurity,"Algorithms, C++, DSA","Algorithms, C++, DSA, Linux","Docker, Jenkins, Kubernetes",ML lifecycle management,High,Backend Developer,10,10,4,9,18
1723,Data Science,"Data Mining, Python, SQL","Data Mining, Git, Python, SQL","Databricks, Spark, Airflow",Advanced SQL,Medium,ML Engineer,3,2,4,9,23
1724,Computer Science,"Data Mining, Python, SQL","Data Mining, Python, SQL","PyTorch, Docker, Kubernetes",CI/CD automation,High,Software Engineer,6,1,7,5,33
1725,Computer Engineering,"Git, Linux, Shell Scripting","Git, Shell Scripting","Databricks, Spark, Airflow",Large-scale data processing,High,AI Engineer,4,10,1,0,18
1726,Computer Science,"Machine Learning, Python, Statistics","Linux, Machine Learning, Python, Statistics","TypeScript, React, Testing",ML lifecycle management,Medium,Backend Developer,4,8,10,3,30
1727,Artificial Intelligence,"NumPy, Pandas, Python","Git, Pandas, Python","Docker, AWS, TypeScript",Scalable API development,Medium,Data Engineer,7,7,8,4,2
1728,Computer Science,"Data Mining, Python, SQL","Data Mining, Linux, Python, SQL","Kubernetes, PyTorch, Docker",Large-scale data processing,High,ML Engineer,1,6,1,1,23
1729,Cybersecurity,"Data Mining, Python, SQL","Data Mining, JavaScript, Python, SQL","Cloud Security, IAM, SIEM",Reproducible ML pipelines,Low,Cloud Engineer,9,8,3,10,12
1730,Information Technology,"Cybersecurity, Linux, Networking","Cybersecurity, Git, Linux, Networking","Spring Boot, Docker, AWS",Generative AI application development,High,Data Engineer,4,5,10,8,4
1731,Cybersecurity,"JavaScript, MongoDB, Node.js","JavaScript, MongoDB, Node.js","SIEM, Cloud Security, IAM",Large-scale data processing,High,Full Stack Developer,6,6,10,2,6
1732,Data Science,"Data Mining, Python, SQL","Data Mining, Python, SQL","Kubernetes, DVC, MLflow",Monitoring and observability,Low,Cybersecurity Analyst,6,8,7,9,13
1733,Computer Science,"Git, JavaScript, Web Development","Git, JavaScript","Next.js, CI/CD, React",Model deployment,Medium,MLOps Engineer,9,8,10,3,16
1734,Artificial Intelligence,"Java, OOP, SQL","Cloud Computing, Java, OOP, SQL","Cloud Databases, Docker, PostgreSQL",Large-scale data processing,Low,Frontend Developer,1,3,0,12,34
1735,Data Science,"Git, JavaScript, Web Development","Git, JavaScript","Testing, TypeScript, React",Docker and containerization,Low,AI Engineer,8,2,7,12,30
1736,Data Science,"NumPy, Pandas, Python","NumPy, Pandas, Python","Airflow, Spark, Databricks",Large-scale data processing,Low,NLP Engineer,2,7,10,8,24
1737,Information Technology,"Git, Python, SQL","Git, Python, SQL","MLflow, DVC, Kubernetes",Kubernetes and orchestration,Low,Backend Developer,3,4,10,4,31
1738,Information Technology,"Data Mining, Python, SQL","Data Mining, Python, SQL","Cloud Databases, PostgreSQL, Docker",System design,High,AI Engineer,1,10,9,9,30
1739,Computer Science,"Cybersecurity, Linux, Networking","Cybersecurity, Linux, Networking","Docker, AWS, TypeScript",System design,High,ML Engineer,9,9,10,6,33
1740,Information Technology,"CSS, HTML, JavaScript","CSS, JavaScript","FastAPI, Docker, MLflow",Infrastructure as Code,Low,Data Analyst,3,7,9,3,11
1741,Information Technology,"Git, JavaScript, Web Development","Git, SQL, Web Development","AWS, Spring Boot, Docker",Reproducible ML pipelines,Medium,Data Analyst,0,1,5,7,7
1742,Computer Science,"Data Mining, Python, SQL","Cloud Computing, Data Mining, Python","TypeScript, AWS, Docker",Large-scale data processing,Medium,Software Engineer,5,8,9,11,13
1743,Computer Engineering,"Machine Learning, Python, Statistics","Machine Learning, Python, SQL, Statistics","Next.js, CI/CD, React",Production testing,High,Full Stack Developer,5,7,1,9,11
1744,Computer Science,"Machine Learning, Python, Statistics","Machine Learning, Python, Statistics","Docker, Kubernetes, PyTorch",Large-scale data processing,High,AI Engineer,10,3,2,0,13
1745,Computer Science,"NumPy, Pandas, Python","Cloud Computing, NumPy, Pandas, Python","Jenkins, Docker, Kubernetes",Large-scale data processing,Medium,NLP Engineer,8,5,4,9,10
1746,Computer Engineering,"NumPy, Pandas, Python","Git, NumPy, Python","PostgreSQL, Cloud Databases, Docker",Kubernetes and orchestration,Low,ML Engineer,0,5,1,9,1
1747,Cybersecurity,"Machine Learning, Python, Statistics","Machine Learning, Python, Statistics","AWS, TypeScript, Docker",ML lifecycle management,Low,Cybersecurity Analyst,3,5,6,10,13
1748,Data Science,"Deep Learning, NLP, Python","Deep Learning, NLP, Python","Jenkins, Kubernetes, Docker",Kubernetes and orchestration,High,Backend Developer,8,9,9,3,4
1749,Cybersecurity,"NumPy, Pandas, Python","Git, NumPy, Pandas, Python","AWS, Docker, Terraform",Kubernetes and orchestration,Medium,DevOps Engineer,4,1,5,8,11
1750,Cybersecurity,"DBMS, MySQL, SQL","DBMS, MySQL, Python","Docker, CI/CD, Kubernetes",Modern frontend development,Medium,ML Engineer,6,2,8,10,1
1751,Cybersecurity,"Machine Learning, Python, Statistics","Machine Learning, Python, Statistics","Kubernetes, DVC, MLflow",Data pipeline engineering,Medium,Backend Developer,4,7,0,5,14
1752,Computer Science,"Git, JavaScript, Web Development","Git, Web Development","React, Next.js, CI/CD",Production testing,High,AI Engineer,3,9,7,9,32
1753,Artificial Intelligence,"Algorithms, C++, DSA","Algorithms, C++, DSA, Git","Docker, AWS, Spring Boot",Production testing,Low,ML Engineer,10,0,1,6,31
1754,Data Science,"NumPy, Pandas, Python","NumPy, Pandas, Python","Kubernetes, Jenkins, Docker",Large-scale data processing,Medium,Frontend Developer,3,6,8,8,22
1755,Computer Science,"Java, OOP, SQL","Java, OOP, SQL","Docker, Jenkins, Kubernetes",System design,High,Frontend Developer,2,6,6,6,28
1756,Cybersecurity,"Git, JavaScript, Web Development","Git, JavaScript, Web Development","Jenkins, Docker, Kubernetes",Scalable API development,Low,Cybersecurity Analyst,2,2,8,10,34
1757,Cybersecurity,"Git, Python, SQL","Git, JavaScript, Python","Advanced SQL, Python, Power BI",Reproducible ML pipelines,Low,Data Engineer,6,5,9,7,24
1758,Artificial Intelligence,"Git, Python, SQL","Git, Python, SQL","AWS, Terraform, Docker",Generative AI application development,Medium,AI Engineer,1,4,1,12,28
1759,Computer Science,"Data Mining, Python, SQL","Data Mining, Linux, Python, SQL","Kubernetes, DVC, MLflow",Infrastructure as Code,Low,Backend Developer,5,1,8,8,28
1760,Computer Science,"DBMS, MySQL, SQL","DBMS, MySQL, SQL","Spring Boot, AWS, Docker",Data pipeline engineering,Medium,Software Engineer,4,4,9,11,11
1761,Cybersecurity,"NumPy, Pandas, Python","NumPy, Pandas, Python","Docker, AWS, Terraform",Production testing,Medium,Software Engineer,9,3,0,1,6
1762,Computer Engineering,"Data Mining, Python, SQL","Data Mining, Git, SQL","Testing, Git, System Design",Docker and containerization,Medium,Frontend Developer,2,2,3,3,26
1763,Cybersecurity,"CSS, HTML, JavaScript","CSS, HTML, JavaScript","React, CI/CD, Next.js",ML lifecycle management,High,MLOps Engineer,2,6,10,11,27
1764,Information Technology,"Machine Learning, Python, Statistics","Machine Learning, Python, Statistics","Jenkins, Docker, Kubernetes",Cloud security,Medium,NLP Engineer,1,10,4,4,25
1765,Computer Engineering,"Deep Learning, NLP, Python","Deep Learning, NLP, Python","AWS, Docker, TypeScript",Kubernetes and orchestration,High,Data Analyst,3,5,10,4,16
1766,Artificial Intelligence,"CSS, HTML, JavaScript","CSS, Git, HTML, JavaScript","FastAPI, Docker, MLflow",Generative AI application development,High,DevOps Engineer,8,3,10,11,17
1767,Cybersecurity,"CSS, HTML, JavaScript","CSS, Cloud Computing, HTML, JavaScript","DVC, MLflow, Kubernetes",Generative AI application development,High,Data Engineer,7,3,6,6,19
1768,Cybersecurity,"JavaScript, MongoDB, Node.js","Cloud Computing, JavaScript, MongoDB, Node.js","React, TypeScript, Testing",Reproducible ML pipelines,Medium,DevOps Engineer,2,10,6,12,35
1769,Information Technology,"DBMS, MySQL, SQL","MySQL, SQL","React, Next.js, CI/CD",Data pipeline engineering,High,Software Engineer,0,5,0,9,11
1770,Cybersecurity,"Machine Learning, Python, Statistics","Cloud Computing, Machine Learning, Python, Statistics","SIEM, IAM, Cloud Security",Advanced SQL,Low,Full Stack Developer,7,7,3,11,31
1771,Information Technology,"Git, JavaScript, Web Development","Cloud Computing, Git, JavaScript, Web Development","PyTorch, Kubernetes, Docker",Docker and containerization,Medium,Cybersecurity Analyst,6,2,5,8,22
1772,Computer Science,"JavaScript, MongoDB, Node.js","JavaScript, MongoDB, Node.js","Docker, CI/CD, Kubernetes",Monitoring and observability,Medium,Data Analyst,4,3,5,3,4
1773,Information Technology,"Data Mining, Python, SQL","Cloud Computing, Data Mining, Python, SQL","Python, Advanced SQL, Power BI",Reproducible ML pipelines,High,Full Stack Developer,1,1,1,2,15
1774,Computer Engineering,"JavaScript, MongoDB, Node.js","JavaScript, MongoDB, Node.js, Python","PyTorch, Docker, Kubernetes",Advanced SQL,Low,MLOps Engineer,2,10,5,1,3
1775,Cybersecurity,"JavaScript, MongoDB, Node.js","JavaScript, MongoDB, Node.js, Python","Advanced SQL, Power BI, Python",Cloud security,High,Data Engineer,10,6,0,12,5
1776,Cybersecurity,"CSS, HTML, JavaScript","CSS, HTML, JavaScript, Linux","Docker, TypeScript, AWS",Data pipeline engineering,High,Data Engineer,0,6,2,7,11
1777,Cybersecurity,"Git, JavaScript, Web Development","Git, JavaScript, Web Development","AWS, Docker, Spring Boot",CI/CD automation,High,Frontend Developer,5,6,2,12,27
1778,Artificial Intelligence,"Data Mining, Python, SQL","Data Mining, Linux, SQL","Docker, Spring Boot, AWS",System design,Medium,NLP Engineer,9,9,0,6,36
1779,Information Technology,"Java, OOP, SQL","Java, OOP","PyTorch, Docker, Kubernetes",Reproducible ML pipelines,High,ML Engineer,0,5,9,9,34
1780,Information Technology,"Data Mining, Python, SQL","Cloud Computing, Data Mining, Python, SQL","React, CI/CD, Next.js",Cloud deployment,Medium,Full Stack Developer,3,8,8,8,2
1781,Artificial Intelligence,"Cloud Computing, Linux, Networking","Cloud Computing, Linux","Docker, AWS, TypeScript",Production testing,Low,Data Engineer,0,10,2,8,11
1782,Computer Engineering,"CSS, HTML, JavaScript","CSS, HTML, JavaScript, Python","Docker, Spring Boot, AWS",Scalable API development,High,MLOps Engineer,1,5,4,9,1
1783,Computer Engineering,"Machine Learning, Python, Statistics","Git, Machine Learning, Python, Statistics","PostgreSQL, Cloud Databases, Docker",Cloud security,High,Cybersecurity Analyst,3,1,0,10,10
1784,Computer Engineering,"Deep Learning, NLP, Python","Cloud Computing, Deep Learning, NLP, Python","Python, Power BI, Advanced SQL",Infrastructure as Code,Medium,ML Engineer,9,2,6,12,21
1785,Computer Science,"Data Mining, Python, SQL","Data Mining, Python, SQL","Python, Power BI, Advanced SQL",CI/CD automation,High,Frontend Developer,3,9,2,2,6
1786,Cybersecurity,"Cloud Computing, Linux, Networking","Cloud Computing, Git, Linux, Networking","TypeScript, Testing, React",System design,Medium,Cybersecurity Analyst,0,5,2,9,32
1787,Computer Engineering,"NumPy, Pandas, Python","Cloud Computing, NumPy, Pandas, Python","Advanced SQL, Power BI, Python",CI/CD automation,High,AI Engineer,4,4,5,0,0
1788,Information Technology,"Git, Python, SQL","Git, Python, SQL","Testing, System Design, Git",Generative AI application development,High,Full Stack Developer,4,10,5,0,10
1789,Cybersecurity,"JavaScript, MongoDB, Node.js","JavaScript, Linux, Node.js","Terraform, Docker, AWS",ML lifecycle management,Medium,AI Engineer,10,5,4,10,4
1790,Cybersecurity,"Git, Linux, Shell Scripting","Git, Linux, Shell Scripting","Kubernetes, Jenkins, Docker",Production testing,Low,Backend Developer,2,1,0,12,20
1791,Computer Science,"CSS, HTML, JavaScript","Git, HTML, JavaScript","Testing, React, TypeScript",Generative AI application development,Low,Full Stack Developer,3,2,0,12,35
1792,Computer Engineering,"CSS, HTML, JavaScript","CSS, HTML, JavaScript","Docker, Cloud Databases, PostgreSQL",Cloud deployment,High,DevOps Engineer,6,0,3,8,36
1793,Computer Engineering,"DBMS, MySQL, SQL","Cloud Computing, DBMS, MySQL, SQL","Cloud Databases, Docker, PostgreSQL",Docker and containerization,Medium,ML Engineer,6,7,2,0,2
1794,Computer Science,"JavaScript, MongoDB, Node.js","Cloud Computing, JavaScript, MongoDB, Node.js","Testing, System Design, Git",Docker and containerization,High,MLOps Engineer,3,4,8,5,1
1795,Computer Engineering,"DBMS, MySQL, SQL","DBMS, MySQL, SQL","Docker, Terraform, AWS",Docker and containerization,Low,MLOps Engineer,1,9,1,9,16
1796,Computer Engineering,"Machine Learning, Python, Statistics","Machine Learning, Python, SQL, Statistics","Docker, AWS, TypeScript",Scalable API development,Medium,Cloud Engineer,1,9,2,7,27
1797,Data Science,"Java, OOP, SQL","Cloud Computing, Java, OOP, SQL","Testing, TypeScript, React",Large-scale data processing,Low,NLP Engineer,6,3,9,5,25
1798,Computer Science,"Algorithms, C++, DSA","Algorithms, C++, DSA, Linux","Docker, Kubernetes, Jenkins",Docker and containerization,Medium,Full Stack Developer,3,7,1,3,34
1799,Cybersecurity,"NumPy, Pandas, Python","Git, Pandas, Python","Docker, Kubernetes, Jenkins",Cloud security,High,Backend Developer,2,7,6,3,13
1800,Computer Science,"Machine Learning, Python, Statistics","Linux, Machine Learning, Python, Statistics","Docker, PostgreSQL, Cloud Databases",Model deployment,Low,Data Analyst,2,4,8,3,7
1801,Cybersecurity,"Cybersecurity, Linux, Networking","Cybersecurity, Linux","Terraform, Docker, AWS",Scalable API development,Medium,Data Analyst,9,8,7,0,13
1802,Data Science,"Cloud Computing, Linux, Networking","Cloud Computing, Linux","Terraform, AWS, Docker",Production testing,Medium,MLOps Engineer,5,9,2,11,9
1803,Computer Engineering,"Deep Learning, NLP, Python","Deep Learning, Python","Spring Boot, AWS, Docker",Advanced SQL,Medium,Full Stack Developer,0,6,10,2,6
1804,Computer Science,"Cloud Computing, Linux, Networking","Cloud Computing, JavaScript, Networking","Advanced SQL, Python, Power BI",Cloud deployment,Low,DevOps Engineer,7,5,10,7,33
1805,Cybersecurity,"Git, Linux, Shell Scripting","Git, Linux, Shell Scripting","DVC, Kubernetes, MLflow",Reproducible ML pipelines,Medium,Cloud Engineer,5,2,2,1,31
1806,Computer Science,"Java, OOP, SQL","Java, Linux, OOP, SQL","FastAPI, MLflow, Docker",Large-scale data processing,High,Data Engineer,0,6,1,7,13
1807,Computer Engineering,"Machine Learning, Python, Statistics","Machine Learning, Python, Statistics","Cloud Databases, PostgreSQL, Docker",Cloud deployment,Medium,Full Stack Developer,2,9,7,5,22
1808,Data Science,"Git, JavaScript, Web Development","Git, JavaScript, Web Development","Git, Testing, System Design",Cloud security,Low,Cloud Engineer,7,8,8,1,5
1809,Cybersecurity,"Git, JavaScript, Web Development","Cloud Computing, Git, JavaScript, Web Development","Airflow, Spark, Databricks",Kubernetes and orchestration,Medium,Cloud Engineer,1,3,10,0,31
1810,Computer Science,"Cybersecurity, Linux, Networking","Cloud Computing, Cybersecurity, Linux, Networking","Advanced SQL, Power BI, Python",ML lifecycle management,Low,Full Stack Developer,1,7,9,8,21
1811,Artificial Intelligence,"Deep Learning, NLP, Python","NLP, Python","CI/CD, Kubernetes, Docker",Model deployment,Medium,Cybersecurity Analyst,5,8,5,8,14
1812,Artificial Intelligence,"Git, Linux, Shell Scripting","Git, Linux, Shell Scripting","SIEM, IAM, Cloud Security",Generative AI application development,Medium,Cloud Engineer,4,3,9,10,9
1813,Information Technology,"Data Mining, Python, SQL","Data Mining, Python, SQL","TypeScript, AWS, Docker",Advanced SQL,Low,NLP Engineer,8,1,10,11,16
1814,Data Science,"Git, JavaScript, Web Development","Git, JavaScript, Web Development","IAM, SIEM, Cloud Security",Model deployment,Low,AI Engineer,0,1,8,6,14
1815,Cybersecurity,"Deep Learning, NLP, Python","Deep Learning, Git, NLP, Python","Docker, MLflow, FastAPI",Advanced SQL,High,DevOps Engineer,5,6,3,12,3
1816,Cybersecurity,"CSS, HTML, JavaScript","CSS, HTML, JavaScript","CI/CD, Docker, Kubernetes",Monitoring and observability,Medium,DevOps Engineer,10,4,5,12,34
1817,Data Science,"Algorithms, C++, DSA","Algorithms, C++, DSA","Cloud Databases, PostgreSQL, Docker",ML lifecycle management,Medium,Cybersecurity Analyst,6,8,1,1,13
1818,Information Technology,"Deep Learning, NLP, Python","Deep Learning, Linux, NLP, Python","Advanced SQL, Power BI, Python",Cloud deployment,Medium,Frontend Developer,0,2,4,2,10
1819,Computer Engineering,"Algorithms, C++, DSA","Algorithms, C++, DSA","Jenkins, Docker, Kubernetes",Production testing,High,DevOps Engineer,2,3,6,5,19
1820,Computer Science,"Java, OOP, SQL","Cloud Computing, Java, OOP, SQL","Databricks, Airflow, Spark",Cloud security,Medium,Frontend Developer,10,10,0,2,17
1821,Information Technology,"Machine Learning, Python, Statistics","Python, Statistics","React, Next.js, CI/CD",CI/CD automation,Medium,Data Engineer,5,6,4,0,36
1822,Artificial Intelligence,"Java, OOP, SQL","Java, OOP, Python, SQL","Docker, MLflow, FastAPI",ML lifecycle management,Medium,Backend Developer,4,10,2,4,20
1823,Computer Science,"DBMS, MySQL, SQL","DBMS, JavaScript, MySQL, SQL","PostgreSQL, Docker, Cloud Databases",CI/CD automation,Low,Backend Developer,6,5,9,4,11
1824,Computer Engineering,"Deep Learning, NLP, Python","NLP, Python","Docker, Kubernetes, PyTorch",Scalable API development,Medium,AI Engineer,2,9,5,3,14
1825,Cybersecurity,"Cybersecurity, Linux, Networking","Cybersecurity, Git, Linux, Networking","AWS, Spring Boot, Docker",ML lifecycle management,Medium,DevOps Engineer,4,2,4,10,9
1826,Artificial Intelligence,"Git, Python, SQL","Git, Python, SQL","SIEM, Cloud Security, IAM",ML lifecycle management,Low,ML Engineer,3,4,3,7,23
1827,Computer Science,"Git, Linux, Shell Scripting","Git, JavaScript, Linux, Shell Scripting","Terraform, AWS, Docker",Data pipeline engineering,Low,ML Engineer,3,8,2,6,8
1828,Cybersecurity,"JavaScript, MongoDB, Node.js","JavaScript, MongoDB, Node.js","AWS, Docker, TypeScript",Generative AI application development,Low,NLP Engineer,7,10,0,3,36
1829,Data Science,"Machine Learning, Python, Statistics","Linux, Machine Learning, Python, Statistics","Airflow, Databricks, Spark",Cloud deployment,Medium,Cloud Engineer,0,4,7,1,35
1830,Cybersecurity,"CSS, HTML, JavaScript","CSS, HTML, JavaScript","CI/CD, Kubernetes, Docker",Generative AI application development,Medium,Frontend Developer,4,4,9,10,25
1831,Computer Engineering,"Cybersecurity, Linux, Networking","Cybersecurity, Linux, Networking","Terraform, AWS, Docker",Advanced SQL,Medium,Cloud Engineer,1,7,10,0,27
1832,Cybersecurity,"Git, Python, SQL","Git, Python, SQL","Spring Boot, Docker, AWS",Docker and containerization,High,Backend Developer,1,5,6,7,22
1833,Data Science,"Cybersecurity, Linux, Networking","Cloud Computing, Cybersecurity, Linux, Networking","Jenkins, Kubernetes, Docker",Modern frontend development,Medium,DevOps Engineer,7,10,4,4,36
1834,Computer Engineering,"DBMS, MySQL, SQL","Cloud Computing, MySQL, SQL","Testing, Git, System Design",Docker and containerization,Medium,Data Engineer,10,5,6,6,36
1835,Information Technology,"NumPy, Pandas, Python","NumPy, Pandas, Python","AWS, Docker, TypeScript",Model deployment,High,Data Analyst,7,8,9,2,21
1836,Data Science,"Java, OOP, SQL","Java, OOP, SQL","FastAPI, Docker, MLflow",Production testing,Medium,Cybersecurity Analyst,6,2,6,4,32
1837,Computer Science,"DBMS, MySQL, SQL","MySQL, SQL","IAM, SIEM, Cloud Security",Modern frontend development,Medium,NLP Engineer,3,5,8,5,14
1838,Computer Science,"Git, Linux, Shell Scripting","Git, Linux, Shell Scripting","CI/CD, Next.js, React",Scalable API development,Low,DevOps Engineer,9,10,3,0,18
1839,Computer Engineering,"Data Mining, Python, SQL","Python, SQL","Terraform, AWS, Docker",Scalable API development,Medium,DevOps Engineer,6,5,6,2,3
1840,Information Technology,"Git, Linux, Shell Scripting","Git, Linux, SQL, Shell Scripting","Cloud Security, IAM, SIEM",Advanced SQL,Medium,Cloud Engineer,3,1,8,1,9
1841,Information Technology,"CSS, HTML, JavaScript","CSS, HTML, Linux","Docker, AWS, TypeScript",Cloud security,High,MLOps Engineer,7,6,2,10,26
1842,Information Technology,"Cybersecurity, Linux, Networking","Cybersecurity, Linux, Networking","Testing, TypeScript, React",Large-scale data processing,Medium,Software Engineer,4,7,5,9,17
1843,Computer Engineering,"Machine Learning, Python, Statistics","Machine Learning, Python, SQL, Statistics","PostgreSQL, Cloud Databases, Docker",Data pipeline engineering,High,Frontend Developer,4,0,3,7,24
1844,Data Science,"Cybersecurity, Linux, Networking","Cybersecurity, Git, Linux, Networking","Terraform, Docker, AWS",Modern frontend development,Low,MLOps Engineer,4,9,7,5,12
1845,Artificial Intelligence,"Java, OOP, SQL","Java, Linux, OOP, SQL","AWS, Spring Boot, Docker",Kubernetes and orchestration,High,Full Stack Developer,10,0,9,4,2
1846,Data Science,"JavaScript, MongoDB, Node.js","JavaScript, MongoDB, Node.js","IAM, Cloud Security, SIEM",Monitoring and observability,Medium,DevOps Engineer,3,5,2,3,8
1847,Data Science,"Cybersecurity, Linux, Networking","Cloud Computing, Cybersecurity, Linux, Networking","Kubernetes, Docker, CI/CD",Advanced SQL,High,Software Engineer,1,0,3,4,23
1848,Data Science,"Java, OOP, SQL","Java, JavaScript, OOP, SQL","Spring Boot, AWS, Docker",Monitoring and observability,Medium,ML Engineer,10,5,8,3,28
1849,Artificial Intelligence,"Cybersecurity, Linux, Networking","Cloud Computing, Cybersecurity, Linux, Networking","IAM, Cloud Security, SIEM",Large-scale data processing,Medium,Backend Developer,10,0,4,11,29
1850,Computer Engineering,"Deep Learning, NLP, Python","Cloud Computing, Deep Learning, NLP, Python","IAM, SIEM, Cloud Security",Infrastructure as Code,High,DevOps Engineer,2,5,6,5,23
1851,Computer Science,"Cloud Computing, Linux, Networking","Cloud Computing, Linux, Networking, SQL","PostgreSQL, Docker, Cloud Databases",Production testing,High,AI Engineer,7,6,4,0,20
1852,Artificial Intelligence,"Git, JavaScript, Web Development","Git, JavaScript, Web Development","Advanced SQL, Power BI, Python",CI/CD automation,Medium,Frontend Developer,1,3,1,8,24
1853,Data Science,"Git, Python, SQL","Git, Linux, Python, SQL","Docker, FastAPI, MLflow",CI/CD automation,Medium,Cloud Engineer,2,4,7,4,19
1854,Information Technology,"Git, Python, SQL","Git, Python, SQL","Testing, React, TypeScript",Model deployment,Low,AI Engineer,10,3,5,1,34
1855,Computer Engineering,"DBMS, MySQL, SQL","DBMS, MySQL, SQL","Docker, Jenkins, Kubernetes",Reproducible ML pipelines,Medium,MLOps Engineer,1,3,5,1,32
1856,Computer Engineering,"CSS, HTML, JavaScript","CSS, HTML, JavaScript","CI/CD, Docker, Kubernetes",Monitoring and observability,Medium,ML Engineer,3,9,8,12,34
1857,Artificial Intelligence,"DBMS, MySQL, SQL","DBMS, MySQL, SQL","Git, Testing, System Design",Kubernetes and orchestration,Medium,Data Engineer,2,8,6,5,23
1858,Cybersecurity,"Git, JavaScript, Web Development","Git, JavaScript","Databricks, Spark, Airflow",ML lifecycle management,High,Frontend Developer,9,3,4,8,36
1859,Computer Science,"Cloud Computing, Linux, Networking","Cloud Computing, Networking","Airflow, Spark, Databricks",Advanced SQL,High,Backend Developer,2,9,2,4,10
1860,Computer Science,"Git, Linux, Shell Scripting","Git, Linux, Shell Scripting","Kubernetes, PyTorch, Docker",Kubernetes and orchestration,High,Full Stack Developer,1,8,5,2,30
1861,Information Technology,"Machine Learning, Python, Statistics","Machine Learning, Python, Statistics","Spring Boot, Docker, AWS",Production testing,Medium,Full Stack Developer,5,3,0,1,20
1862,Information Technology,"Git, Python, SQL","Git, Python, SQL","Testing, React, TypeScript",CI/CD automation,Medium,DevOps Engineer,9,6,5,9,35
1863,Artificial Intelligence,"DBMS, MySQL, SQL","DBMS, Linux, MySQL, SQL","Kubernetes, DVC, MLflow",Production testing,High,ML Engineer,4,1,8,11,11
1864,Cybersecurity,"Deep Learning, NLP, Python","Deep Learning, JavaScript, NLP, Python","Spring Boot, Docker, AWS",Infrastructure as Code,Medium,Data Engineer,10,1,9,11,6
1865,Computer Science,"Cybersecurity, Linux, Networking","Cybersecurity, Linux, Networking","Spring Boot, AWS, Docker",CI/CD automation,High,ML Engineer,2,10,4,2,7
1866,Data Science,"Cloud Computing, Linux, Networking","Cloud Computing, JavaScript, Linux, Networking","Testing, Git, System Design",Reproducible ML pipelines,Low,Backend Developer,10,6,9,9,24
1867,Information Technology,"Git, Python, SQL","Git, Python, SQL","Docker, AWS, Terraform",CI/CD automation,High,AI Engineer,5,9,3,2,22
1868,Data Science,"Algorithms, C++, DSA","Algorithms, C++, Cloud Computing, DSA","MLflow, Kubernetes, DVC",Infrastructure as Code,High,Frontend Developer,4,8,5,9,31
1869,Computer Engineering,"Algorithms, C++, DSA","Algorithms, C++, DSA","MLflow, Docker, FastAPI",Data pipeline engineering,High,Frontend Developer,2,0,5,10,32
1870,Computer Engineering,"Git, Python, SQL","Git, Python, SQL","Docker, Jenkins, Kubernetes",Docker and containerization,High,ML Engineer,8,0,2,12,11
1871,Artificial Intelligence,"Git, Python, SQL","Git, Python, SQL","Cloud Security, IAM, SIEM",System design,High,Data Analyst,9,0,4,1,32
1872,Computer Engineering,"Deep Learning, NLP, Python","Deep Learning, Linux, NLP, Python","Terraform, Docker, AWS",Cloud deployment,Medium,Software Engineer,6,2,3,8,35
1873,Data Science,"Cloud Computing, Linux, Networking","Cloud Computing, Linux, Networking","Docker, AWS, Terraform",Modern frontend development,High,Data Engineer,3,6,10,0,26
1874,Computer Engineering,"Algorithms, C++, DSA","Algorithms, C++, DSA","Databricks, Spark, Airflow",Cloud deployment,Low,Backend Developer,0,4,7,9,17
1875,Computer Engineering,"Machine Learning, Python, Statistics","Machine Learning, Python","Advanced SQL, Power BI, Python",ML lifecycle management,Medium,Software Engineer,8,9,5,11,15
1876,Cybersecurity,"Algorithms, C++, DSA","Algorithms, C++, DSA","Docker, Jenkins, Kubernetes",Kubernetes and orchestration,High,AI Engineer,7,2,8,3,22
1877,Computer Science,"Git, Linux, Shell Scripting","Cloud Computing, Git, Shell Scripting","Cloud Security, SIEM, IAM",Scalable API development,Low,AI Engineer,8,8,6,10,33
1878,Computer Engineering,"Machine Learning, Python, Statistics","Machine Learning, Python, Statistics","Cloud Security, SIEM, IAM",Model deployment,High,Frontend Developer,8,2,8,0,7
1879,Cybersecurity,"CSS, HTML, JavaScript","CSS, JavaScript, Python","Testing, Git, System Design",Reproducible ML pipelines,High,ML Engineer,9,6,4,5,35
1880,Information Technology,"NumPy, Pandas, Python","NumPy, Pandas, Python","MLflow, FastAPI, Docker",Monitoring and observability,High,MLOps Engineer,5,10,3,1,30
1881,Artificial Intelligence,"Data Mining, Python, SQL","Data Mining, Python, SQL","AWS, Docker, TypeScript",Large-scale data processing,Medium,Frontend Developer,8,7,4,1,4
1882,Computer Engineering,"DBMS, MySQL, SQL","DBMS, MySQL, SQL","Docker, FastAPI, MLflow",Modern frontend development,High,Frontend Developer,10,1,9,9,31
1883,Data Science,"Machine Learning, Python, Statistics","JavaScript, Machine Learning, Python, Statistics","AWS, Docker, TypeScript",Data pipeline engineering,High,Backend Developer,1,9,6,7,33
1884,Cybersecurity,"Cybersecurity, Linux, Networking","Cybersecurity, Networking","React, Testing, TypeScript",Model deployment,Medium,DevOps Engineer,3,0,1,12,20
1885,Cybersecurity,"NumPy, Pandas, Python","NumPy, Pandas, Python","Docker, PostgreSQL, Cloud Databases",Advanced SQL,Low,DevOps Engineer,10,9,2,7,24
1886,Data Science,"Cloud Computing, Linux, Networking","Cloud Computing, JavaScript, Linux, Networking","Docker, CI/CD, Kubernetes",Kubernetes and orchestration,Medium,AI Engineer,0,3,3,4,35
1887,Computer Science,"Java, OOP, SQL","Java, OOP, SQL","CI/CD, Next.js, React",Data pipeline engineering,Medium,Full Stack Developer,7,1,5,5,16
1888,Artificial Intelligence,"Cybersecurity, Linux, Networking","Cybersecurity, Linux, Networking, Python","Airflow, Databricks, Spark",Modern frontend development,High,Software Engineer,10,2,7,2,3
1889,Computer Engineering,"JavaScript, MongoDB, Node.js","Cloud Computing, JavaScript, MongoDB, Node.js","Jenkins, Kubernetes, Docker",CI/CD automation,Medium,Cloud Engineer,6,7,10,10,9
1890,Cybersecurity,"JavaScript, MongoDB, Node.js","Git, JavaScript, MongoDB, Node.js","Kubernetes, Jenkins, Docker",ML lifecycle management,High,Data Engineer,10,7,7,5,20
1891,Cybersecurity,"Algorithms, C++, DSA","Algorithms, C++, DSA","Docker, AWS, Spring Boot",Data pipeline engineering,Medium,Full Stack Developer,4,6,0,7,35
1892,Cybersecurity,"Machine Learning, Python, Statistics","Linux, Machine Learning, Python, Statistics","CI/CD, React, Next.js",Cloud deployment,Low,NLP Engineer,7,5,5,1,9
1893,Cybersecurity,"DBMS, MySQL, SQL","DBMS, Git, MySQL, SQL","Jenkins, Kubernetes, Docker",Monitoring and observability,Medium,Frontend Developer,4,9,8,2,33
1894,Computer Engineering,"Machine Learning, Python, Statistics","Cloud Computing, Machine Learning, Python, Statistics","TypeScript, Testing, React",System design,Medium,Data Analyst,6,5,9,0,30
1895,Computer Science,"JavaScript, MongoDB, Node.js","JavaScript, MongoDB, Node.js","TypeScript, Docker, AWS",Cloud security,High,Full Stack Developer,10,7,1,5,26
1896,Cybersecurity,"Algorithms, C++, DSA","Algorithms, C++, DSA","Testing, Git, System Design",Kubernetes and orchestration,Medium,Cloud Engineer,4,1,5,3,23
1897,Cybersecurity,"NumPy, Pandas, Python","Git, NumPy, Pandas, Python","Advanced SQL, Python, Power BI",Advanced SQL,Low,Data Engineer,4,9,4,3,4
1898,Computer Engineering,"Machine Learning, Python, Statistics","Machine Learning, Python, Statistics","Docker, Kubernetes, Jenkins",Production testing,Medium,Backend Developer,4,1,6,8,21
1899,Computer Engineering,"JavaScript, MongoDB, Node.js","Cloud Computing, JavaScript, MongoDB, Node.js","Advanced SQL, Python, Power BI",Generative AI application development,Medium,Frontend Developer,8,0,10,11,22
1900,Data Science,"Git, Linux, Shell Scripting","Git, Linux, Shell Scripting","Docker, PyTorch, Kubernetes",Modern frontend development,Medium,Cybersecurity Analyst,8,4,10,10,7
1901,Information Technology,"Cybersecurity, Linux, Networking","Cloud Computing, Cybersecurity, Linux, Networking","Testing, System Design, Git",Cloud security,High,Cybersecurity Analyst,0,7,1,4,25
1902,Cybersecurity,"NumPy, Pandas, Python","NumPy, Pandas, Python","Docker, PostgreSQL, Cloud Databases",Reproducible ML pipelines,High,Cybersecurity Analyst,1,8,5,11,20
1903,Cybersecurity,"JavaScript, MongoDB, Node.js","JavaScript, MongoDB, Node.js, Python","Docker, CI/CD, Kubernetes",Scalable API development,Medium,AI Engineer,0,3,9,6,6
1904,Computer Science,"Java, OOP, SQL","Cloud Computing, Java, OOP","Python, Advanced SQL, Power BI",System design,High,ML Engineer,7,8,6,11,11
1905,Cybersecurity,"JavaScript, MongoDB, Node.js","JavaScript, MongoDB, Node.js","AWS, TypeScript, Docker",Data pipeline engineering,High,Backend Developer,7,6,10,3,22
1906,Information Technology,"Machine Learning, Python, Statistics","Machine Learning, Python, Statistics","IAM, Cloud Security, SIEM",Large-scale data processing,High,Data Engineer,7,0,7,2,8
1907,Cybersecurity,"Cloud Computing, Linux, Networking","Cloud Computing, Git, Linux, Networking","React, Testing, TypeScript",Cloud deployment,Medium,Data Engineer,4,3,0,9,29
1908,Artificial Intelligence,"Algorithms, C++, DSA","Algorithms, C++, JavaScript","Advanced SQL, Power BI, Python",Modern frontend development,Medium,AI Engineer,8,0,3,11,0
1909,Computer Engineering,"Git, Python, SQL","Cloud Computing, Git, SQL","Airflow, Spark, Databricks",Infrastructure as Code,High,DevOps Engineer,5,2,10,6,15
1910,Computer Engineering,"NumPy, Pandas, Python","NumPy, Pandas, Python, SQL","Kubernetes, DVC, MLflow",Large-scale data processing,High,Frontend Developer,9,1,1,12,8
1911,Computer Engineering,"Algorithms, C++, DSA","C++, DSA","React, Testing, TypeScript",Scalable API development,Medium,Frontend Developer,10,8,9,12,9
1912,Artificial Intelligence,"Machine Learning, Python, Statistics","Machine Learning, Python, Statistics","Docker, Kubernetes, PyTorch",System design,High,Data Engineer,5,3,2,5,20
1913,Artificial Intelligence,"Machine Learning, Python, Statistics","JavaScript, Machine Learning, Python","Databricks, Spark, Airflow",ML lifecycle management,Medium,MLOps Engineer,2,0,3,8,34
1914,Computer Science,"Git, Linux, Shell Scripting","Cloud Computing, Git, Linux, Shell Scripting","Docker, Kubernetes, PyTorch",Generative AI application development,Medium,Backend Developer,4,6,10,2,10
1915,Computer Science,"Java, OOP, SQL","Java, OOP","MLflow, FastAPI, Docker",Cloud deployment,Medium,Software Engineer,2,8,3,6,0
1916,Information Technology,"Git, Python, SQL","Git, Linux, Python, SQL","Docker, AWS, Terraform",Kubernetes and orchestration,Medium,MLOps Engineer,10,10,7,6,6
1917,Cybersecurity,"CSS, HTML, JavaScript","CSS, HTML, JavaScript, Python","Kubernetes, DVC, MLflow",Modern frontend development,Medium,MLOps Engineer,10,6,2,1,31
1918,Information Technology,"Git, Python, SQL","Git, JavaScript, Python, SQL","FastAPI, Docker, MLflow",Cloud deployment,Low,Data Analyst,0,3,10,2,24
1919,Artificial Intelligence,"DBMS, MySQL, SQL","DBMS, MySQL, SQL","AWS, TypeScript, Docker",Cloud deployment,Medium,Data Analyst,0,5,10,12,14
1920,Cybersecurity,"DBMS, MySQL, SQL","DBMS, MySQL, SQL","CI/CD, Docker, Kubernetes",Reproducible ML pipelines,Medium,Cloud Engineer,4,2,5,10,7
1921,Computer Engineering,"Deep Learning, NLP, Python","Deep Learning, Python","Advanced SQL, Power BI, Python",ML lifecycle management,Medium,Backend Developer,7,0,7,4,11
1922,Computer Science,"JavaScript, MongoDB, Node.js","JavaScript, MongoDB","Airflow, Spark, Databricks",Model deployment,High,Data Engineer,2,1,6,9,1
1923,Cybersecurity,"Git, Linux, Shell Scripting","Git, Linux, SQL, Shell Scripting","AWS, Terraform, Docker",Production testing,Low,Cloud Engineer,8,4,3,10,5
1924,Computer Science,"Cybersecurity, Linux, Networking","Cybersecurity, Linux, Networking, SQL","Docker, TypeScript, AWS",Advanced SQL,Medium,Data Engineer,1,0,2,11,5
1925,Artificial Intelligence,"Git, Python, SQL","Git, Python","Airflow, Databricks, Spark",Monitoring and observability,Low,Cloud Engineer,3,5,9,7,6
1926,Data Science,"Data Mining, Python, SQL","Data Mining, Linux, Python, SQL","Python, Advanced SQL, Power BI",Modern frontend development,Low,Data Engineer,9,4,1,2,16
1927,Computer Engineering,"Cybersecurity, Linux, Networking","Cybersecurity, Linux, Networking","CI/CD, Kubernetes, Docker",Generative AI application development,High,NLP Engineer,3,7,6,8,16
1928,Computer Science,"Machine Learning, Python, Statistics","Linux, Machine Learning, Python, Statistics","AWS, Terraform, Docker",Kubernetes and orchestration,High,ML Engineer,3,4,5,10,29
1929,Computer Engineering,"DBMS, MySQL, SQL","DBMS, MySQL, SQL","PostgreSQL, Docker, Cloud Databases",Production testing,Medium,MLOps Engineer,2,4,9,12,26
1930,Computer Engineering,"Git, JavaScript, Web Development","Git, JavaScript, Web Development","Docker, Jenkins, Kubernetes",Advanced SQL,High,MLOps Engineer,4,8,4,8,2
1931,Cybersecurity,"Machine Learning, Python, Statistics","Machine Learning, Python, Statistics","Jenkins, Docker, Kubernetes",Generative AI application development,High,Backend Developer,0,5,4,2,30
1932,Computer Science,"NumPy, Pandas, Python","NumPy, Pandas, Python","Docker, Kubernetes, PyTorch",Cloud security,High,Cloud Engineer,1,1,0,7,36
1933,Data Science,"Cybersecurity, Linux, Networking","Cybersecurity, Linux, Networking","Docker, FastAPI, MLflow",Modern frontend development,High,Data Engineer,8,9,7,2,10
1934,Data Science,"DBMS, MySQL, SQL","DBMS, JavaScript, MySQL, SQL","PyTorch, Kubernetes, Docker",Docker and containerization,High,Cybersecurity Analyst,10,6,8,5,26
1935,Computer Science,"Git, JavaScript, Web Development","Git, JavaScript, Web Development","SIEM, IAM, Cloud Security",Modern frontend development,Low,Cybersecurity Analyst,6,8,7,0,28
1936,Data Science,"Data Mining, Python, SQL","Data Mining, Python, SQL","Power BI, Advanced SQL, Python",Modern frontend development,High,Full Stack Developer,7,7,9,2,28
1937,Computer Science,"DBMS, MySQL, SQL","DBMS, Linux, MySQL, SQL","Kubernetes, DVC, MLflow",Infrastructure as Code,High,Backend Developer,2,10,0,6,34
1938,Computer Engineering,"Data Mining, Python, SQL","Data Mining, Python, SQL","Testing, Git, System Design",Production testing,Medium,Cloud Engineer,0,6,0,6,36
1939,Artificial Intelligence,"Git, Linux, Shell Scripting","Linux, Shell Scripting","TypeScript, Testing, React",Monitoring and observability,High,Full Stack Developer,2,9,4,1,8
1940,Cybersecurity,"JavaScript, MongoDB, Node.js","Git, MongoDB, Node.js","TypeScript, Testing, React",Monitoring and observability,Medium,DevOps Engineer,3,1,1,9,33
1941,Computer Science,"Machine Learning, Python, Statistics","Machine Learning, Python, SQL, Statistics","System Design, Testing, Git",Monitoring and observability,Medium,Software Engineer,4,2,5,5,1
1942,Data Science,"Cloud Computing, Linux, Networking","Cloud Computing, Linux, Networking","Next.js, React, CI/CD",Generative AI application development,Medium,MLOps Engineer,0,3,9,2,10
1943,Computer Science,"CSS, HTML, JavaScript","CSS, HTML, JavaScript","Databricks, Spark, Airflow",ML lifecycle management,Medium,ML Engineer,9,8,7,2,33
1944,Data Science,"CSS, HTML, JavaScript","CSS, HTML","React, CI/CD, Next.js",Modern frontend development,Medium,NLP Engineer,10,9,6,4,19
1945,Computer Science,"Cybersecurity, Linux, Networking","Cybersecurity, Linux, Networking, Python","Docker, Kubernetes, CI/CD",Docker and containerization,Medium,MLOps Engineer,0,2,8,7,19
1946,Artificial Intelligence,"DBMS, MySQL, SQL","DBMS, MySQL, SQL","Docker, AWS, Spring Boot",Data pipeline engineering,Low,MLOps Engineer,1,6,4,8,31
1947,Cybersecurity,"Algorithms, C++, DSA","Algorithms, DSA","Docker, PostgreSQL, Cloud Databases",Monitoring and observability,Medium,MLOps Engineer,5,2,6,10,36
1948,Data Science,"Machine Learning, Python, Statistics","Git, Python, Statistics","Docker, MLflow, FastAPI",Monitoring and observability,Medium,NLP Engineer,0,9,5,8,31
1949,Information Technology,"Data Mining, Python, SQL","Data Mining, SQL","TypeScript, Testing, React",CI/CD automation,Medium,NLP Engineer,9,2,3,2,25
1950,Data Science,"Java, OOP, SQL","Java, OOP, SQL","MLflow, FastAPI, Docker",System design,Medium,Backend Developer,0,1,9,6,31
1951,Cybersecurity,"Git, JavaScript, Web Development","Git, Web Development","Power BI, Python, Advanced SQL",Kubernetes and orchestration,Low,Frontend Developer,2,3,3,11,9
1952,Cybersecurity,"NumPy, Pandas, Python","NumPy, Pandas, Python, SQL","CI/CD, Next.js, React",Reproducible ML pipelines,High,NLP Engineer,9,1,5,8,23
1953,Artificial Intelligence,"Machine Learning, Python, Statistics","Machine Learning, Python, Statistics","AWS, Spring Boot, Docker",Cloud security,Medium,Backend Developer,7,5,7,4,7
1954,Artificial Intelligence,"Data Mining, Python, SQL","Data Mining, Linux, Python, SQL","System Design, Testing, Git",Scalable API development,Medium,Frontend Developer,8,8,3,11,4
1955,Information Technology,"Machine Learning, Python, Statistics","Linux, Machine Learning, Python, Statistics","Docker, Cloud Databases, PostgreSQL",Modern frontend development,Medium,Cybersecurity Analyst,2,4,4,3,19
1956,Information Technology,"DBMS, MySQL, SQL","DBMS, MySQL, SQL","Databricks, Airflow, Spark",Model deployment,Medium,MLOps Engineer,7,1,5,6,19
1957,Information Technology,"Data Mining, Python, SQL","Data Mining, Python, SQL","AWS, Terraform, Docker",Kubernetes and orchestration,High,Cloud Engineer,10,4,2,4,30
1958,Cybersecurity,"Git, JavaScript, Web Development","Git, JavaScript, Web Development","SIEM, IAM, Cloud Security",Cloud security,High,Cloud Engineer,5,7,3,7,26
1959,Information Technology,"Machine Learning, Python, Statistics","Linux, Machine Learning, Python, Statistics","Airflow, Databricks, Spark",Infrastructure as Code,High,Frontend Developer,0,3,6,12,14
1960,Computer Science,"Deep Learning, NLP, Python","Deep Learning, NLP, Python, SQL","Kubernetes, DVC, MLflow",Cloud deployment,Medium,Software Engineer,7,3,1,11,7
1961,Data Science,"Algorithms, C++, DSA","Algorithms, C++, DSA, SQL","CI/CD, React, Next.js",Modern frontend development,Medium,Data Engineer,10,1,8,4,8
1962,Cybersecurity,"Machine Learning, Python, Statistics","Machine Learning, Python, SQL, Statistics","TypeScript, React, Testing",System design,High,Data Analyst,9,8,10,3,20
1963,Cybersecurity,"Cybersecurity, Linux, Networking","Cloud Computing, Cybersecurity, Linux, Networking","PostgreSQL, Docker, Cloud Databases",Data pipeline engineering,Medium,Backend Developer,2,6,2,11,19
1964,Data Science,"Git, Linux, Shell Scripting","Git, Linux, Shell Scripting","DVC, Kubernetes, MLflow",Kubernetes and orchestration,Medium,AI Engineer,6,1,10,4,19
1965,Information Technology,"NumPy, Pandas, Python","Cloud Computing, NumPy, Pandas, Python","Docker, Terraform, AWS",Kubernetes and orchestration,Medium,Cybersecurity Analyst,10,3,1,6,31
1966,Cybersecurity,"Algorithms, C++, DSA","Algorithms, DSA","Kubernetes, Jenkins, Docker",Advanced SQL,High,NLP Engineer,4,3,10,9,25
1967,Cybersecurity,"Git, Python, SQL","Git, Python, SQL","MLflow, Docker, FastAPI",Data pipeline engineering,High,Frontend Developer,5,7,3,3,32
1968,Computer Science,"Data Mining, Python, SQL","Data Mining, Linux, SQL","TypeScript, React, Testing",Modern frontend development,Low,Full Stack Developer,2,4,7,4,1
1969,Computer Engineering,"Deep Learning, NLP, Python","Cloud Computing, Deep Learning, NLP, Python","Terraform, AWS, Docker",Production testing,Low,Full Stack Developer,1,6,0,2,15
1970,Information Technology,"JavaScript, MongoDB, Node.js","JavaScript, MongoDB, Node.js","AWS, Docker, Spring Boot",Monitoring and observability,Low,Data Engineer,9,4,10,11,3
1971,Artificial Intelligence,"Algorithms, C++, DSA","Algorithms, C++, DSA","Testing, System Design, Git",Scalable API development,High,Data Engineer,9,9,2,5,23
1972,Computer Science,"Algorithms, C++, DSA","Algorithms, C++, DSA, Git","TypeScript, Docker, AWS",CI/CD automation,High,Backend Developer,5,3,4,9,16
1973,Computer Science,"Deep Learning, NLP, Python","Deep Learning, NLP","Docker, Jenkins, Kubernetes",Data pipeline engineering,High,Data Engineer,6,3,2,8,8
1974,Artificial Intelligence,"Cybersecurity, Linux, Networking","Cybersecurity, Linux, Networking","Testing, TypeScript, React",Data pipeline engineering,High,DevOps Engineer,5,2,0,12,0
1975,Data Science,"Cybersecurity, Linux, Networking","Cybersecurity, Linux, SQL","AWS, Docker, Spring Boot",Modern frontend development,Medium,Data Engineer,1,4,3,10,13
1976,Computer Engineering,"Cybersecurity, Linux, Networking","Cybersecurity, Linux, Networking","Docker, CI/CD, Kubernetes",Kubernetes and orchestration,High,Cloud Engineer,4,6,1,0,13
1977,Cybersecurity,"Algorithms, C++, DSA","Algorithms, C++, DSA","Power BI, Advanced SQL, Python",ML lifecycle management,Medium,DevOps Engineer,10,1,6,3,35
1978,Cybersecurity,"Java, OOP, SQL","Java, OOP, SQL","IAM, Cloud Security, SIEM",CI/CD automation,Medium,Data Engineer,9,0,5,10,2
1979,Computer Engineering,"Deep Learning, NLP, Python","Deep Learning, Linux, NLP, Python","Cloud Security, SIEM, IAM",Scalable API development,Medium,Frontend Developer,0,7,2,11,31
1980,Information Technology,"Git, JavaScript, Web Development","Git, JavaScript, Web Development","Kubernetes, Docker, CI/CD",Cloud security,Low,Cybersecurity Analyst,7,3,5,6,18
1981,Computer Science,"NumPy, Pandas, Python","Cloud Computing, NumPy, Pandas, Python","AWS, Terraform, Docker",Production testing,Low,DevOps Engineer,8,9,9,10,36
1982,Artificial Intelligence,"Java, OOP, SQL","Java, OOP, SQL","Cloud Databases, Docker, PostgreSQL",CI/CD automation,Medium,MLOps Engineer,4,9,0,6,24
1983,Cybersecurity,"Cloud Computing, Linux, Networking","Cloud Computing, Linux, Networking","Docker, Jenkins, Kubernetes",Data pipeline engineering,Low,Data Analyst,10,9,5,6,13
1984,Artificial Intelligence,"CSS, HTML, JavaScript","CSS, HTML, JavaScript","Spark, Databricks, Airflow",System design,High,Cybersecurity Analyst,0,2,5,8,22
1985,Data Science,"JavaScript, MongoDB, Node.js","MongoDB, Node.js","Kubernetes, MLflow, DVC",Docker and containerization,Medium,Full Stack Developer,6,7,8,7,6
1986,Cybersecurity,"Machine Learning, Python, Statistics","Python, Statistics","System Design, Testing, Git",Cloud deployment,High,Software Engineer,2,5,4,5,20
1987,Computer Science,"DBMS, MySQL, SQL","DBMS, MySQL, SQL","CI/CD, Docker, Kubernetes",Kubernetes and orchestration,High,DevOps Engineer,6,10,7,3,33
1988,Cybersecurity,"NumPy, Pandas, Python","Git, NumPy, Pandas, Python","System Design, Git, Testing",Cloud security,Low,NLP Engineer,0,0,9,1,18
1989,Information Technology,"JavaScript, MongoDB, Node.js","JavaScript, MongoDB, Node.js","System Design, Testing, Git",Advanced SQL,High,MLOps Engineer,5,4,6,12,24
1990,Information Technology,"Cloud Computing, Linux, Networking","Cloud Computing, Linux, Networking, Python","PyTorch, Kubernetes, Docker",Scalable API development,Medium,NLP Engineer,2,7,5,10,25
1991,Computer Science,"Git, Python, SQL","Git, Python, SQL","System Design, Git, Testing",System design,Medium,MLOps Engineer,1,10,5,8,36
1992,Computer Engineering,"Git, Python, SQL","Git, JavaScript, Python, SQL","Next.js, React, CI/CD",Docker and containerization,Low,DevOps Engineer,6,6,0,11,34
1993,Computer Science,"Git, JavaScript, Web Development","Git, JavaScript, Python, Web Development","Testing, System Design, Git",Advanced SQL,Medium,NLP Engineer,3,6,1,5,8
1994,Data Science,"Cybersecurity, Linux, Networking","Cybersecurity, JavaScript, Linux, Networking","Docker, PyTorch, Kubernetes",Cloud security,High,Data Analyst,2,2,4,11,35
1995,Information Technology,"Machine Learning, Python, Statistics","Linux, Python, Statistics","Terraform, AWS, Docker",Cloud security,Medium,Backend Developer,1,1,8,0,9
1996,Data Science,"DBMS, MySQL, SQL","DBMS, Git, MySQL, SQL","IAM, Cloud Security, SIEM",Production testing,High,Cloud Engineer,6,1,0,4,29
1997,Computer Science,"Git, JavaScript, Web Development","Cloud Computing, JavaScript, Web Development","Terraform, Docker, AWS",Infrastructure as Code,High,ML Engineer,8,8,10,12,13
1998,Artificial Intelligence,"Java, OOP, SQL","Git, Java, OOP, SQL","Docker, CI/CD, Kubernetes",Large-scale data processing,Low,Backend Developer,4,0,5,1,14
1999,Information Technology,"JavaScript, MongoDB, Node.js","JavaScript, MongoDB, Node.js","Docker, Cloud Databases, PostgreSQL",Kubernetes and orchestration,Medium,MLOps Engineer,0,9,4,12,3
2000,Data Science,"NumPy, Pandas, Python","JavaScript, NumPy, Pandas, Python","Spring Boot, Docker, AWS",ML lifecycle management,Medium,Software Engineer,6,4,5,7,8
