sample_id,event_timestamp,gap_level,created_timestamp,alignment_score,student_score,industry_score,missing_skills,training_hours,gap_level_encoded
1,2025-01-01 00:00:01+00:00,2,2025-01-01 00:00:02+00:00,0.0,1.0,3.0,3,32.0,2
2,2025-01-01 00:00:02+00:00,1,2025-01-01 00:00:03+00:00,5.0,4.0,2.0,3,21.0,1
3,2025-01-01 00:00:03+00:00,2,2025-01-01 00:00:04+00:00,1.0,8.0,4.0,10,23.0,2
4,2025-01-01 00:00:04+00:00,2,2025-01-01 00:00:05+00:00,5.0,5.0,3.0,10,17.0,2
5,2025-01-01 00:00:05+00:00,1,2025-01-01 00:00:06+00:00,10.0,8.0,3.0,10,20.0,1
6,2025-01-01 00:00:06+00:00,0,2025-01-01 00:00:07+00:00,10.0,7.0,2.0,4,8.0,0
7,2025-01-01 00:00:07+00:00,2,2025-01-01 00:00:08+00:00,1.0,0.0,1.0,2,10.0,2
8,2025-01-01 00:00:08+00:00,1,2025-01-01 00:00:09+00:00,10.0,5.0,1.0,4,27.0,1
9,2025-01-01 00:00:09+00:00,1,2025-01-01 00:00:10+00:00,10.0,8.0,9.0,3,9.0,1
10,2025-01-01 00:00:10+00:00,1,2025-01-01 00:00:11+00:00,3.0,0.0,3.0,9,5.0,1
11,2025-01-01 00:00:11+00:00,1,2025-01-01 00:00:12+00:00,4.0,8.0,9.0,6,13.0,1
12,2025-01-01 00:00:12+00:00,1,2025-01-01 00:00:13+00:00,3.0,3.0,1.0,5,1.0,1
13,2025-01-01 00:00:13+00:00,2,2025-01-01 00:00:14+00:00,10.0,7.0,3.0,8,8.0,2
14,2025-01-01 00:00:14+00:00,0,2025-01-01 00:00:15+00:00,7.0,0.0,10.0,10,6.0,0
15,2025-01-01 00:00:15+00:00,0,2025-01-01 00:00:16+00:00,7.0,8.0,1.0,0,34.0,0
16,2025-01-01 00:00:16+00:00,1,2025-01-01 00:00:17+00:00,6.0,4.0,7.0,4,27.0,1
17,2025-01-01 00:00:17+00:00,0,2025-01-01 00:00:18+00:00,0.0,0.0,9.0,7,32.0,0
18,2025-01-01 00:00:18+00:00,1,2025-01-01 00:00:19+00:00,9.0,9.0,0.0,9,5.0,1
19,2025-01-01 00:00:19+00:00,1,2025-01-01 00:00:20+00:00,2.0,10.0,10.0,4,29.0,1
20,2025-01-01 00:00:20+00:00,0,2025-01-01 00:00:21+00:00,1.0,3.0,5.0,4,10.0,0
21,2025-01-01 00:00:21+00:00,2,2025-01-01 00:00:22+00:00,2.0,4.0,1.0,1,35.0,2
22,2025-01-01 00:00:22+00:00,2,2025-01-01 00:00:23+00:00,1.0,10.0,6.0,4,2.0,2
23,2025-01-01 00:00:23+00:00,1,2025-01-01 00:00:24+00:00,5.0,9.0,8.0,2,27.0,1
24,2025-01-01 00:00:24+00:00,1,2025-01-01 00:00:25+00:00,3.0,2.0,2.0,6,1.0,1
25,2025-01-01 00:00:25+00:00,2,2025-01-01 00:00:26+00:00,6.0,0.0,7.0,3,12.0,2
26,2025-01-01 00:00:26+00:00,1,2025-01-01 00:00:27+00:00,1.0,4.0,5.0,10,32.0,1
27,2025-01-01 00:00:27+00:00,0,2025-01-01 00:00:28+00:00,9.0,8.0,1.0,6,36.0,0
28,2025-01-01 00:00:28+00:00,1,2025-01-01 00:00:29+00:00,4.0,8.0,4.0,10,26.0,1
29,2025-01-01 00:00:29+00:00,1,2025-01-01 00:00:30+00:00,4.0,3.0,6.0,12,20.0,1
30,2025-01-01 00:00:30+00:00,2,2025-01-01 00:00:31+00:00,8.0,10.0,10.0,9,21.0,2
31,2025-01-01 00:00:31+00:00,0,2025-01-01 00:00:32+00:00,6.0,7.0,6.0,3,9.0,0
32,2025-01-01 00:00:32+00:00,2,2025-01-01 00:00:33+00:00,0.0,8.0,3.0,1,29.0,2
33,2025-01-01 00:00:33+00:00,1,2025-01-01 00:00:34+00:00,2.0,7.0,7.0,4,15.0,1
34,2025-01-01 00:00:34+00:00,1,2025-01-01 00:00:35+00:00,4.0,5.0,5.0,8,5.0,1
35,2025-01-01 00:00:35+00:00,0,2025-01-01 00:00:36+00:00,0.0,3.0,6.0,6,1.0,0
36,2025-01-01 00:00:36+00:00,1,2025-01-01 00:00:37+00:00,3.0,4.0,6.0,7,1.0,1
37,2025-01-01 00:00:37+00:00,0,2025-01-01 00:00:38+00:00,9.0,9.0,10.0,0,5.0,0
38,2025-01-01 00:00:38+00:00,1,2025-01-01 00:00:39+00:00,6.0,4.0,1.0,7,1.0,1
39,2025-01-01 00:00:39+00:00,2,2025-01-01 00:00:40+00:00,0.0,9.0,2.0,3,8.0,2
40,2025-01-01 00:00:40+00:00,1,2025-01-01 00:00:41+00:00,4.0,1.0,9.0,0,19.0,1
41,2025-01-01 00:00:41+00:00,2,2025-01-01 00:00:42+00:00,9.0,0.0,5.0,8,27.0,2
42,2025-01-01 00:00:42+00:00,1,2025-01-01 00:00:43+00:00,2.0,8.0,10.0,4,34.0,1
43,2025-01-01 00:00:43+00:00,1,2025-01-01 00:00:44+00:00,7.0,9.0,9.0,10,24.0,1
44,2025-01-01 00:00:44+00:00,2,2025-01-01 00:00:45+00:00,8.0,3.0,1.0,3,26.0,2
45,2025-01-01 00:00:45+00:00,1,2025-01-01 00:00:46+00:00,6.0,3.0,4.0,10,23.0,1
46,2025-01-01 00:00:46+00:00,1,2025-01-01 00:00:47+00:00,1.0,3.0,5.0,1,34.0,1
47,2025-01-01 00:00:47+00:00,1,2025-01-01 00:00:48+00:00,3.0,4.0,3.0,5,11.0,1
48,2025-01-01 00:00:48+00:00,2,2025-01-01 00:00:49+00:00,7.0,7.0,7.0,5,11.0,2
49,2025-01-01 00:00:49+00:00,0,2025-01-01 00:00:50+00:00,1.0,3.0,1.0,8,26.0,0
50,2025-01-01 00:00:50+00:00,2,2025-01-01 00:00:51+00:00,3.0,10.0,3.0,4,5.0,2
51,2025-01-01 00:00:51+00:00,1,2025-01-01 00:00:52+00:00,1.0,10.0,3.0,4,12.0,1
52,2025-01-01 00:00:52+00:00,2,2025-01-01 00:00:53+00:00,7.0,1.0,7.0,11,19.0,2
53,2025-01-01 00:00:53+00:00,1,2025-01-01 00:00:54+00:00,1.0,3.0,10.0,9,1.0,1
54,2025-01-01 00:00:54+00:00,2,2025-01-01 00:00:55+00:00,1.0,7.0,5.0,6,21.0,2
55,2025-01-01 00:00:55+00:00,2,2025-01-01 00:00:56+00:00,1.0,5.0,4.0,5,7.0,2
56,2025-01-01 00:00:56+00:00,1,2025-01-01 00:00:57+00:00,0.0,3.0,4.0,8,8.0,1
57,2025-01-01 00:00:57+00:00,2,2025-01-01 00:00:58+00:00,3.0,1.0,7.0,1,9.0,2
58,2025-01-01 00:00:58+00:00,2,2025-01-01 00:00:59+00:00,3.0,9.0,8.0,11,8.0,2
59,2025-01-01 00:00:59+00:00,2,2025-01-01 00:01:00+00:00,9.0,9.0,10.0,7,9.0,2
60,2025-01-01 00:01:00+00:00,1,2025-01-01 00:01:01+00:00,3.0,6.0,0.0,5,30.0,1
61,2025-01-01 00:01:01+00:00,2,2025-01-01 00:01:02+00:00,1.0,7.0,1.0,8,29.0,2
62,2025-01-01 00:01:02+00:00,0,2025-01-01 00:01:03+00:00,5.0,10.0,8.0,6,20.0,0
63,2025-01-01 00:01:03+00:00,0,2025-01-01 00:01:04+00:00,1.0,6.0,1.0,12,6.0,0
64,2025-01-01 00:01:04+00:00,1,2025-01-01 00:01:05+00:00,2.0,2.0,1.0,9,24.0,1
65,2025-01-01 00:01:05+00:00,1,2025-01-01 00:01:06+00:00,1.0,7.0,5.0,9,19.0,1
66,2025-01-01 00:01:06+00:00,1,2025-01-01 00:01:07+00:00,0.0,10.0,6.0,4,0.0,1
67,2025-01-01 00:01:07+00:00,2,2025-01-01 00:01:08+00:00,3.0,10.0,3.0,9,16.0,2
68,2025-01-01 00:01:08+00:00,0,2025-01-01 00:01:09+00:00,9.0,5.0,2.0,1,18.0,0
69,2025-01-01 00:01:09+00:00,2,2025-01-01 00:01:10+00:00,4.0,7.0,4.0,11,21.0,2
70,2025-01-01 00:01:10+00:00,2,2025-01-01 00:01:11+00:00,0.0,4.0,8.0,1,29.0,2
71,2025-01-01 00:01:11+00:00,2,2025-01-01 00:01:12+00:00,0.0,9.0,8.0,5,14.0,2
72,2025-01-01 00:01:12+00:00,1,2025-01-01 00:01:13+00:00,4.0,7.0,1.0,1,15.0,1
73,2025-01-01 00:01:13+00:00,2,2025-01-01 00:01:14+00:00,10.0,1.0,7.0,9,26.0,2
74,2025-01-01 00:01:14+00:00,1,2025-01-01 00:01:15+00:00,0.0,6.0,4.0,3,7.0,1
75,2025-01-01 00:01:15+00:00,0,2025-01-01 00:01:16+00:00,1.0,8.0,3.0,9,13.0,0
76,2025-01-01 00:01:16+00:00,2,2025-01-01 00:01:17+00:00,3.0,9.0,5.0,0,11.0,2
77,2025-01-01 00:01:17+00:00,2,2025-01-01 00:01:18+00:00,8.0,3.0,9.0,0,33.0,2
78,2025-01-01 00:01:18+00:00,1,2025-01-01 00:01:19+00:00,1.0,5.0,9.0,2,4.0,1
79,2025-01-01 00:01:19+00:00,1,2025-01-01 00:01:20+00:00,1.0,1.0,10.0,10,35.0,1
80,2025-01-01 00:01:20+00:00,2,2025-01-01 00:01:21+00:00,6.0,5.0,10.0,4,23.0,2
81,2025-01-01 00:01:21+00:00,0,2025-01-01 00:01:22+00:00,10.0,1.0,6.0,5,27.0,0
82,2025-01-01 00:01:22+00:00,1,2025-01-01 00:01:23+00:00,4.0,9.0,3.0,12,27.0,1
83,2025-01-01 00:01:23+00:00,0,2025-01-01 00:01:24+00:00,4.0,5.0,5.0,0,11.0,0
84,2025-01-01 00:01:24+00:00,2,2025-01-01 00:01:25+00:00,7.0,5.0,2.0,5,19.0,2
85,2025-01-01 00:01:25+00:00,2,2025-01-01 00:01:26+00:00,4.0,7.0,10.0,6,31.0,2
86,2025-01-01 00:01:26+00:00,2,2025-01-01 00:01:27+00:00,3.0,6.0,9.0,0,0.0,2
87,2025-01-01 00:01:27+00:00,1,2025-01-01 00:01:28+00:00,2.0,6.0,8.0,11,14.0,1
88,2025-01-01 00:01:28+00:00,1,2025-01-01 00:01:29+00:00,1.0,5.0,9.0,6,36.0,1
89,2025-01-01 00:01:29+00:00,2,2025-01-01 00:01:30+00:00,6.0,1.0,3.0,6,25.0,2
90,2025-01-01 00:01:30+00:00,1,2025-01-01 00:01:31+00:00,5.0,5.0,10.0,2,15.0,1
91,2025-01-01 00:01:31+00:00,1,2025-01-01 00:01:32+00:00,2.0,7.0,1.0,7,28.0,1
92,2025-01-01 00:01:32+00:00,0,2025-01-01 00:01:33+00:00,4.0,1.0,10.0,1,32.0,0
93,2025-01-01 00:01:33+00:00,1,2025-01-01 00:01:34+00:00,0.0,7.0,1.0,12,21.0,1
94,2025-01-01 00:01:34+00:00,1,2025-01-01 00:01:35+00:00,10.0,10.0,5.0,1,21.0,1
95,2025-01-01 00:01:35+00:00,2,2025-01-01 00:01:36+00:00,5.0,4.0,10.0,11,25.0,2
96,2025-01-01 00:01:36+00:00,1,2025-01-01 00:01:37+00:00,8.0,5.0,0.0,5,19.0,1
97,2025-01-01 00:01:37+00:00,1,2025-01-01 00:01:38+00:00,8.0,8.0,8.0,0,21.0,1
98,2025-01-01 00:01:38+00:00,0,2025-01-01 00:01:39+00:00,3.0,8.0,3.0,4,30.0,0
99,2025-01-01 00:01:39+00:00,1,2025-01-01 00:01:40+00:00,3.0,9.0,2.0,4,3.0,1
100,2025-01-01 00:01:40+00:00,1,2025-01-01 00:01:41+00:00,7.0,8.0,2.0,6,5.0,1
101,2025-01-01 00:01:41+00:00,1,2025-01-01 00:01:42+00:00,1.0,5.0,3.0,0,20.0,1
102,2025-01-01 00:01:42+00:00,2,2025-01-01 00:01:43+00:00,0.0,4.0,3.0,2,35.0,2
103,2025-01-01 00:01:43+00:00,1,2025-01-01 00:01:44+00:00,9.0,8.0,0.0,10,32.0,1
104,2025-01-01 00:01:44+00:00,0,2025-01-01 00:01:45+00:00,8.0,8.0,8.0,12,32.0,0
105,2025-01-01 00:01:45+00:00,1,2025-01-01 00:01:46+00:00,10.0,10.0,1.0,12,21.0,1
106,2025-01-01 00:01:46+00:00,1,2025-01-01 00:01:47+00:00,4.0,3.0,0.0,12,12.0,1
107,2025-01-01 00:01:47+00:00,1,2025-01-01 00:01:48+00:00,5.0,0.0,10.0,5,17.0,1
108,2025-01-01 00:01:48+00:00,2,2025-01-01 00:01:49+00:00,5.0,8.0,4.0,12,5.0,2
109,2025-01-01 00:01:49+00:00,1,2025-01-01 00:01:50+00:00,7.0,9.0,6.0,2,28.0,1
110,2025-01-01 00:01:50+00:00,1,2025-01-01 00:01:51+00:00,10.0,10.0,6.0,5,32.0,1
111,2025-01-01 00:01:51+00:00,0,2025-01-01 00:01:52+00:00,6.0,9.0,0.0,9,9.0,0
112,2025-01-01 00:01:52+00:00,1,2025-01-01 00:01:53+00:00,1.0,0.0,2.0,7,33.0,1
113,2025-01-01 00:01:53+00:00,1,2025-01-01 00:01:54+00:00,1.0,2.0,1.0,7,11.0,1
114,2025-01-01 00:01:54+00:00,2,2025-01-01 00:01:55+00:00,4.0,2.0,10.0,2,23.0,2
115,2025-01-01 00:01:55+00:00,1,2025-01-01 00:01:56+00:00,8.0,2.0,9.0,1,4.0,1
116,2025-01-01 00:01:56+00:00,2,2025-01-01 00:01:57+00:00,7.0,7.0,10.0,8,22.0,2
117,2025-01-01 00:01:57+00:00,0,2025-01-01 00:01:58+00:00,8.0,2.0,4.0,2,10.0,0
118,2025-01-01 00:01:58+00:00,2,2025-01-01 00:01:59+00:00,10.0,4.0,9.0,8,5.0,2
119,2025-01-01 00:01:59+00:00,2,2025-01-01 00:02:00+00:00,9.0,6.0,9.0,10,1.0,2
120,2025-01-01 00:02:00+00:00,1,2025-01-01 00:02:01+00:00,0.0,2.0,7.0,6,30.0,1
121,2025-01-01 00:02:01+00:00,1,2025-01-01 00:02:02+00:00,5.0,3.0,7.0,1,17.0,1
122,2025-01-01 00:02:02+00:00,2,2025-01-01 00:02:03+00:00,3.0,2.0,7.0,8,29.0,2
123,2025-01-01 00:02:03+00:00,1,2025-01-01 00:02:04+00:00,0.0,4.0,7.0,9,30.0,1
124,2025-01-01 00:02:04+00:00,2,2025-01-01 00:02:05+00:00,6.0,0.0,9.0,8,12.0,2
125,2025-01-01 00:02:05+00:00,1,2025-01-01 00:02:06+00:00,5.0,5.0,8.0,5,9.0,1
126,2025-01-01 00:02:06+00:00,2,2025-01-01 00:02:07+00:00,9.0,5.0,2.0,6,19.0,2
127,2025-01-01 00:02:07+00:00,2,2025-01-01 00:02:08+00:00,10.0,1.0,6.0,9,19.0,2
128,2025-01-01 00:02:08+00:00,2,2025-01-01 00:02:09+00:00,2.0,8.0,10.0,11,24.0,2
129,2025-01-01 00:02:09+00:00,0,2025-01-01 00:02:10+00:00,6.0,3.0,6.0,8,30.0,0
130,2025-01-01 00:02:10+00:00,1,2025-01-01 00:02:11+00:00,2.0,7.0,8.0,5,34.0,1
131,2025-01-01 00:02:11+00:00,2,2025-01-01 00:02:12+00:00,8.0,4.0,3.0,4,18.0,2
132,2025-01-01 00:02:12+00:00,1,2025-01-01 00:02:13+00:00,6.0,5.0,2.0,4,2.0,1
133,2025-01-01 00:02:13+00:00,2,2025-01-01 00:02:14+00:00,2.0,1.0,9.0,11,15.0,2
134,2025-01-01 00:02:14+00:00,0,2025-01-01 00:02:15+00:00,8.0,2.0,6.0,10,30.0,0
135,2025-01-01 00:02:15+00:00,1,2025-01-01 00:02:16+00:00,2.0,6.0,2.0,0,25.0,1
136,2025-01-01 00:02:16+00:00,1,2025-01-01 00:02:17+00:00,4.0,7.0,10.0,8,33.0,1
137,2025-01-01 00:02:17+00:00,0,2025-01-01 00:02:18+00:00,2.0,0.0,5.0,12,18.0,0
138,2025-01-01 00:02:18+00:00,2,2025-01-01 00:02:19+00:00,10.0,1.0,2.0,2,30.0,2
139,2025-01-01 00:02:19+00:00,1,2025-01-01 00:02:20+00:00,0.0,10.0,1.0,7,19.0,1
140,2025-01-01 00:02:20+00:00,2,2025-01-01 00:02:21+00:00,2.0,7.0,2.0,7,23.0,2
141,2025-01-01 00:02:21+00:00,2,2025-01-01 00:02:22+00:00,8.0,5.0,1.0,9,7.0,2
142,2025-01-01 00:02:22+00:00,0,2025-01-01 00:02:23+00:00,1.0,8.0,7.0,12,3.0,0
143,2025-01-01 00:02:23+00:00,2,2025-01-01 00:02:24+00:00,0.0,6.0,5.0,11,4.0,2
144,2025-01-01 00:02:24+00:00,1,2025-01-01 00:02:25+00:00,5.0,6.0,7.0,6,24.0,1
145,2025-01-01 00:02:25+00:00,0,2025-01-01 00:02:26+00:00,0.0,0.0,4.0,7,34.0,0
146,2025-01-01 00:02:26+00:00,1,2025-01-01 00:02:27+00:00,3.0,3.0,1.0,1,2.0,1
147,2025-01-01 00:02:27+00:00,1,2025-01-01 00:02:28+00:00,8.0,4.0,3.0,11,36.0,1
148,2025-01-01 00:02:28+00:00,1,2025-01-01 00:02:29+00:00,4.0,0.0,8.0,9,11.0,1
149,2025-01-01 00:02:29+00:00,2,2025-01-01 00:02:30+00:00,6.0,2.0,4.0,6,11.0,2
150,2025-01-01 00:02:30+00:00,2,2025-01-01 00:02:31+00:00,8.0,8.0,2.0,6,15.0,2
151,2025-01-01 00:02:31+00:00,0,2025-01-01 00:02:32+00:00,10.0,9.0,9.0,0,4.0,0
152,2025-01-01 00:02:32+00:00,1,2025-01-01 00:02:33+00:00,1.0,7.0,3.0,11,13.0,1
153,2025-01-01 00:02:33+00:00,1,2025-01-01 00:02:34+00:00,7.0,1.0,7.0,12,20.0,1
154,2025-01-01 00:02:34+00:00,2,2025-01-01 00:02:35+00:00,2.0,3.0,5.0,3,24.0,2
155,2025-01-01 00:02:35+00:00,1,2025-01-01 00:02:36+00:00,2.0,5.0,2.0,2,34.0,1
156,2025-01-01 00:02:36+00:00,2,2025-01-01 00:02:37+00:00,6.0,2.0,10.0,3,4.0,2
157,2025-01-01 00:02:37+00:00,1,2025-01-01 00:02:38+00:00,0.0,8.0,8.0,6,0.0,1
158,2025-01-01 00:02:38+00:00,2,2025-01-01 00:02:39+00:00,5.0,4.0,6.0,1,23.0,2
159,2025-01-01 00:02:39+00:00,0,2025-01-01 00:02:40+00:00,10.0,0.0,2.0,1,31.0,0
160,2025-01-01 00:02:40+00:00,2,2025-01-01 00:02:41+00:00,0.0,1.0,10.0,4,34.0,2
161,2025-01-01 00:02:41+00:00,2,2025-01-01 00:02:42+00:00,9.0,3.0,9.0,6,34.0,2
162,2025-01-01 00:02:42+00:00,2,2025-01-01 00:02:43+00:00,1.0,6.0,3.0,1,21.0,2
163,2025-01-01 00:02:43+00:00,2,2025-01-01 00:02:44+00:00,5.0,8.0,6.0,6,11.0,2
164,2025-01-01 00:02:44+00:00,1,2025-01-01 00:02:45+00:00,10.0,2.0,6.0,5,23.0,1
165,2025-01-01 00:02:45+00:00,2,2025-01-01 00:02:46+00:00,7.0,8.0,8.0,8,26.0,2
166,2025-01-01 00:02:46+00:00,2,2025-01-01 00:02:47+00:00,1.0,8.0,3.0,9,33.0,2
167,2025-01-01 00:02:47+00:00,1,2025-01-01 00:02:48+00:00,4.0,7.0,1.0,5,16.0,1
168,2025-01-01 00:02:48+00:00,0,2025-01-01 00:02:49+00:00,7.0,5.0,6.0,10,8.0,0
169,2025-01-01 00:02:49+00:00,2,2025-01-01 00:02:50+00:00,5.0,6.0,4.0,12,25.0,2
170,2025-01-01 00:02:50+00:00,0,2025-01-01 00:02:51+00:00,7.0,4.0,1.0,12,26.0,0
171,2025-01-01 00:02:51+00:00,0,2025-01-01 00:02:52+00:00,9.0,6.0,8.0,8,26.0,0
172,2025-01-01 00:02:52+00:00,2,2025-01-01 00:02:53+00:00,2.0,10.0,9.0,0,36.0,2
173,2025-01-01 00:02:53+00:00,1,2025-01-01 00:02:54+00:00,7.0,5.0,6.0,7,32.0,1
174,2025-01-01 00:02:54+00:00,2,2025-01-01 00:02:55+00:00,7.0,3.0,8.0,7,22.0,2
175,2025-01-01 00:02:55+00:00,0,2025-01-01 00:02:56+00:00,10.0,2.0,3.0,8,11.0,0
176,2025-01-01 00:02:56+00:00,0,2025-01-01 00:02:57+00:00,7.0,9.0,6.0,6,0.0,0
177,2025-01-01 00:02:57+00:00,0,2025-01-01 00:02:58+00:00,3.0,7.0,1.0,4,31.0,0
178,2025-01-01 00:02:58+00:00,0,2025-01-01 00:02:59+00:00,9.0,9.0,1.0,10,8.0,0
179,2025-01-01 00:02:59+00:00,0,2025-01-01 00:03:00+00:00,6.0,2.0,7.0,10,34.0,0
180,2025-01-01 00:03:00+00:00,1,2025-01-01 00:03:01+00:00,0.0,7.0,2.0,3,24.0,1
181,2025-01-01 00:03:01+00:00,2,2025-01-01 00:03:02+00:00,3.0,4.0,0.0,4,14.0,2
182,2025-01-01 00:03:02+00:00,2,2025-01-01 00:03:03+00:00,4.0,8.0,5.0,8,2.0,2
183,2025-01-01 00:03:03+00:00,1,2025-01-01 00:03:04+00:00,3.0,9.0,5.0,11,27.0,1
184,2025-01-01 00:03:04+00:00,2,2025-01-01 00:03:05+00:00,5.0,4.0,4.0,9,17.0,2
185,2025-01-01 00:03:05+00:00,2,2025-01-01 00:03:06+00:00,2.0,5.0,3.0,12,25.0,2
186,2025-01-01 00:03:06+00:00,1,2025-01-01 00:03:07+00:00,7.0,7.0,5.0,9,0.0,1
187,2025-01-01 00:03:07+00:00,2,2025-01-01 00:03:08+00:00,3.0,7.0,4.0,5,18.0,2
188,2025-01-01 00:03:08+00:00,2,2025-01-01 00:03:09+00:00,0.0,1.0,2.0,7,29.0,2
189,2025-01-01 00:03:09+00:00,2,2025-01-01 00:03:10+00:00,4.0,1.0,5.0,10,10.0,2
190,2025-01-01 00:03:10+00:00,1,2025-01-01 00:03:11+00:00,1.0,2.0,9.0,3,33.0,1
191,2025-01-01 00:03:11+00:00,2,2025-01-01 00:03:12+00:00,6.0,1.0,1.0,1,20.0,2
192,2025-01-01 00:03:12+00:00,2,2025-01-01 00:03:13+00:00,7.0,5.0,3.0,10,9.0,2
193,2025-01-01 00:03:13+00:00,1,2025-01-01 00:03:14+00:00,3.0,4.0,10.0,1,15.0,1
194,2025-01-01 00:03:14+00:00,2,2025-01-01 00:03:15+00:00,4.0,10.0,0.0,12,15.0,2
195,2025-01-01 00:03:15+00:00,1,2025-01-01 00:03:16+00:00,9.0,6.0,5.0,8,11.0,1
196,2025-01-01 00:03:16+00:00,2,2025-01-01 00:03:17+00:00,6.0,1.0,10.0,8,34.0,2
197,2025-01-01 00:03:17+00:00,1,2025-01-01 00:03:18+00:00,9.0,10.0,10.0,10,4.0,1
198,2025-01-01 00:03:18+00:00,0,2025-01-01 00:03:19+00:00,4.0,10.0,10.0,11,11.0,0
199,2025-01-01 00:03:19+00:00,0,2025-01-01 00:03:20+00:00,5.0,6.0,4.0,8,4.0,0
200,2025-01-01 00:03:20+00:00,1,2025-01-01 00:03:21+00:00,1.0,9.0,10.0,11,7.0,1
201,2025-01-01 00:03:21+00:00,2,2025-01-01 00:03:22+00:00,5.0,3.0,6.0,11,20.0,2
202,2025-01-01 00:03:22+00:00,2,2025-01-01 00:03:23+00:00,1.0,7.0,4.0,12,19.0,2
203,2025-01-01 00:03:23+00:00,1,2025-01-01 00:03:24+00:00,0.0,6.0,0.0,3,34.0,1
204,2025-01-01 00:03:24+00:00,2,2025-01-01 00:03:25+00:00,6.0,7.0,0.0,2,17.0,2
205,2025-01-01 00:03:25+00:00,2,2025-01-01 00:03:26+00:00,10.0,6.0,1.0,9,36.0,2
206,2025-01-01 00:03:26+00:00,2,2025-01-01 00:03:27+00:00,3.0,1.0,3.0,2,6.0,2
207,2025-01-01 00:03:27+00:00,1,2025-01-01 00:03:28+00:00,4.0,1.0,1.0,2,19.0,1
208,2025-01-01 00:03:28+00:00,1,2025-01-01 00:03:29+00:00,6.0,7.0,8.0,11,35.0,1
209,2025-01-01 00:03:29+00:00,0,2025-01-01 00:03:30+00:00,1.0,0.0,1.0,3,28.0,0
210,2025-01-01 00:03:30+00:00,0,2025-01-01 00:03:31+00:00,7.0,0.0,6.0,10,27.0,0
211,2025-01-01 00:03:31+00:00,1,2025-01-01 00:03:32+00:00,7.0,6.0,8.0,7,3.0,1
212,2025-01-01 00:03:32+00:00,2,2025-01-01 00:03:33+00:00,7.0,8.0,7.0,5,36.0,2
213,2025-01-01 00:03:33+00:00,1,2025-01-01 00:03:34+00:00,9.0,3.0,2.0,1,15.0,1
214,2025-01-01 00:03:34+00:00,1,2025-01-01 00:03:35+00:00,9.0,0.0,5.0,9,36.0,1
215,2025-01-01 00:03:35+00:00,2,2025-01-01 00:03:36+00:00,1.0,0.0,3.0,9,14.0,2
216,2025-01-01 00:03:36+00:00,2,2025-01-01 00:03:37+00:00,1.0,8.0,5.0,1,23.0,2
217,2025-01-01 00:03:37+00:00,0,2025-01-01 00:03:38+00:00,2.0,8.0,9.0,12,22.0,0
218,2025-01-01 00:03:38+00:00,2,2025-01-01 00:03:39+00:00,9.0,0.0,2.0,9,20.0,2
219,2025-01-01 00:03:39+00:00,2,2025-01-01 00:03:40+00:00,0.0,4.0,3.0,3,4.0,2
220,2025-01-01 00:03:40+00:00,2,2025-01-01 00:03:41+00:00,1.0,7.0,9.0,10,14.0,2
221,2025-01-01 00:03:41+00:00,1,2025-01-01 00:03:42+00:00,2.0,1.0,8.0,1,21.0,1
222,2025-01-01 00:03:42+00:00,2,2025-01-01 00:03:43+00:00,5.0,3.0,3.0,6,35.0,2
223,2025-01-01 00:03:43+00:00,1,2025-01-01 00:03:44+00:00,0.0,5.0,0.0,6,5.0,1
224,2025-01-01 00:03:44+00:00,1,2025-01-01 00:03:45+00:00,7.0,7.0,10.0,4,5.0,1
225,2025-01-01 00:03:45+00:00,1,2025-01-01 00:03:46+00:00,4.0,9.0,0.0,2,6.0,1
226,2025-01-01 00:03:46+00:00,2,2025-01-01 00:03:47+00:00,8.0,10.0,7.0,9,15.0,2
227,2025-01-01 00:03:47+00:00,0,2025-01-01 00:03:48+00:00,6.0,1.0,10.0,6,12.0,0
228,2025-01-01 00:03:48+00:00,2,2025-01-01 00:03:49+00:00,4.0,8.0,7.0,0,33.0,2
229,2025-01-01 00:03:49+00:00,2,2025-01-01 00:03:50+00:00,8.0,5.0,6.0,4,24.0,2
230,2025-01-01 00:03:50+00:00,0,2025-01-01 00:03:51+00:00,5.0,0.0,5.0,12,19.0,0
231,2025-01-01 00:03:51+00:00,2,2025-01-01 00:03:52+00:00,4.0,6.0,9.0,10,5.0,2
232,2025-01-01 00:03:52+00:00,1,2025-01-01 00:03:53+00:00,4.0,8.0,6.0,2,33.0,1
233,2025-01-01 00:03:53+00:00,1,2025-01-01 00:03:54+00:00,5.0,7.0,8.0,6,7.0,1
234,2025-01-01 00:03:54+00:00,2,2025-01-01 00:03:55+00:00,4.0,1.0,4.0,0,24.0,2
235,2025-01-01 00:03:55+00:00,1,2025-01-01 00:03:56+00:00,10.0,0.0,7.0,2,11.0,1
236,2025-01-01 00:03:56+00:00,1,2025-01-01 00:03:57+00:00,7.0,4.0,3.0,7,19.0,1
237,2025-01-01 00:03:57+00:00,1,2025-01-01 00:03:58+00:00,10.0,5.0,4.0,4,19.0,1
238,2025-01-01 00:03:58+00:00,2,2025-01-01 00:03:59+00:00,0.0,10.0,7.0,4,16.0,2
239,2025-01-01 00:03:59+00:00,2,2025-01-01 00:04:00+00:00,10.0,5.0,8.0,4,10.0,2
240,2025-01-01 00:04:00+00:00,2,2025-01-01 00:04:01+00:00,3.0,5.0,3.0,11,19.0,2
241,2025-01-01 00:04:01+00:00,1,2025-01-01 00:04:02+00:00,3.0,8.0,1.0,10,24.0,1
242,2025-01-01 00:04:02+00:00,2,2025-01-01 00:04:03+00:00,7.0,5.0,10.0,2,20.0,2
243,2025-01-01 00:04:03+00:00,0,2025-01-01 00:04:04+00:00,9.0,6.0,10.0,6,25.0,0
244,2025-01-01 00:04:04+00:00,2,2025-01-01 00:04:05+00:00,3.0,5.0,4.0,2,6.0,2
245,2025-01-01 00:04:05+00:00,1,2025-01-01 00:04:06+00:00,10.0,2.0,5.0,7,22.0,1
246,2025-01-01 00:04:06+00:00,1,2025-01-01 00:04:07+00:00,1.0,5.0,10.0,12,2.0,1
247,2025-01-01 00:04:07+00:00,1,2025-01-01 00:04:08+00:00,1.0,6.0,7.0,6,7.0,1
248,2025-01-01 00:04:08+00:00,1,2025-01-01 00:04:09+00:00,6.0,1.0,8.0,11,7.0,1
249,2025-01-01 00:04:09+00:00,2,2025-01-01 00:04:10+00:00,2.0,0.0,8.0,7,13.0,2
250,2025-01-01 00:04:10+00:00,0,2025-01-01 00:04:11+00:00,10.0,3.0,7.0,4,16.0,0
251,2025-01-01 00:04:11+00:00,2,2025-01-01 00:04:12+00:00,0.0,0.0,2.0,10,10.0,2
252,2025-01-01 00:04:12+00:00,2,2025-01-01 00:04:13+00:00,6.0,7.0,4.0,6,30.0,2
253,2025-01-01 00:04:13+00:00,2,2025-01-01 00:04:14+00:00,2.0,9.0,6.0,12,22.0,2
254,2025-01-01 00:04:14+00:00,2,2025-01-01 00:04:15+00:00,7.0,0.0,1.0,4,20.0,2
255,2025-01-01 00:04:15+00:00,1,2025-01-01 00:04:16+00:00,6.0,10.0,3.0,7,22.0,1
256,2025-01-01 00:04:16+00:00,1,2025-01-01 00:04:17+00:00,2.0,1.0,7.0,5,15.0,1
257,2025-01-01 00:04:17+00:00,1,2025-01-01 00:04:18+00:00,1.0,7.0,7.0,5,7.0,1
258,2025-01-01 00:04:18+00:00,1,2025-01-01 00:04:19+00:00,10.0,10.0,7.0,5,23.0,1
259,2025-01-01 00:04:19+00:00,2,2025-01-01 00:04:20+00:00,1.0,1.0,10.0,3,0.0,2
260,2025-01-01 00:04:20+00:00,1,2025-01-01 00:04:21+00:00,6.0,1.0,4.0,9,12.0,1
261,2025-01-01 00:04:21+00:00,0,2025-01-01 00:04:22+00:00,7.0,10.0,9.0,8,8.0,0
262,2025-01-01 00:04:22+00:00,1,2025-01-01 00:04:23+00:00,2.0,1.0,6.0,10,20.0,1
263,2025-01-01 00:04:23+00:00,2,2025-01-01 00:04:24+00:00,2.0,2.0,6.0,9,32.0,2
264,2025-01-01 00:04:24+00:00,2,2025-01-01 00:04:25+00:00,10.0,5.0,10.0,2,11.0,2
265,2025-01-01 00:04:25+00:00,1,2025-01-01 00:04:26+00:00,0.0,8.0,1.0,0,24.0,1
266,2025-01-01 00:04:26+00:00,0,2025-01-01 00:04:27+00:00,3.0,8.0,0.0,5,28.0,0
267,2025-01-01 00:04:27+00:00,1,2025-01-01 00:04:28+00:00,10.0,0.0,6.0,6,26.0,1
268,2025-01-01 00:04:28+00:00,1,2025-01-01 00:04:29+00:00,3.0,4.0,7.0,2,4.0,1
269,2025-01-01 00:04:29+00:00,0,2025-01-01 00:04:30+00:00,2.0,0.0,2.0,5,3.0,0
270,2025-01-01 00:04:30+00:00,1,2025-01-01 00:04:31+00:00,2.0,8.0,1.0,12,32.0,1
271,2025-01-01 00:04:31+00:00,2,2025-01-01 00:04:32+00:00,3.0,9.0,8.0,7,35.0,2
272,2025-01-01 00:04:32+00:00,2,2025-01-01 00:04:33+00:00,1.0,6.0,4.0,8,18.0,2
273,2025-01-01 00:04:33+00:00,2,2025-01-01 00:04:34+00:00,5.0,8.0,1.0,1,10.0,2
274,2025-01-01 00:04:34+00:00,2,2025-01-01 00:04:35+00:00,10.0,1.0,10.0,2,1.0,2
275,2025-01-01 00:04:35+00:00,1,2025-01-01 00:04:36+00:00,10.0,6.0,6.0,5,1.0,1
276,2025-01-01 00:04:36+00:00,0,2025-01-01 00:04:37+00:00,8.0,1.0,4.0,12,19.0,0
277,2025-01-01 00:04:37+00:00,1,2025-01-01 00:04:38+00:00,2.0,6.0,8.0,4,9.0,1
278,2025-01-01 00:04:38+00:00,2,2025-01-01 00:04:39+00:00,0.0,0.0,9.0,9,25.0,2
279,2025-01-01 00:04:39+00:00,2,2025-01-01 00:04:40+00:00,2.0,3.0,9.0,4,12.0,2
280,2025-01-01 00:04:40+00:00,2,2025-01-01 00:04:41+00:00,10.0,1.0,4.0,1,12.0,2
281,2025-01-01 00:04:41+00:00,2,2025-01-01 00:04:42+00:00,5.0,7.0,7.0,5,19.0,2
282,2025-01-01 00:04:42+00:00,2,2025-01-01 00:04:43+00:00,10.0,6.0,4.0,5,8.0,2
283,2025-01-01 00:04:43+00:00,1,2025-01-01 00:04:44+00:00,10.0,9.0,1.0,4,8.0,1
284,2025-01-01 00:04:44+00:00,2,2025-01-01 00:04:45+00:00,9.0,3.0,0.0,8,16.0,2
285,2025-01-01 00:04:45+00:00,1,2025-01-01 00:04:46+00:00,6.0,5.0,8.0,0,15.0,1
286,2025-01-01 00:04:46+00:00,1,2025-01-01 00:04:47+00:00,0.0,3.0,7.0,3,4.0,1
287,2025-01-01 00:04:47+00:00,2,2025-01-01 00:04:48+00:00,10.0,5.0,1.0,11,33.0,2
288,2025-01-01 00:04:48+00:00,1,2025-01-01 00:04:49+00:00,9.0,10.0,1.0,8,16.0,1
289,2025-01-01 00:04:49+00:00,1,2025-01-01 00:04:50+00:00,7.0,2.0,3.0,1,32.0,1
290,2025-01-01 00:04:50+00:00,2,2025-01-01 00:04:51+00:00,7.0,10.0,7.0,7,13.0,2
291,2025-01-01 00:04:51+00:00,1,2025-01-01 00:04:52+00:00,0.0,2.0,4.0,2,33.0,1
292,2025-01-01 00:04:52+00:00,2,2025-01-01 00:04:53+00:00,2.0,3.0,6.0,9,9.0,2
293,2025-01-01 00:04:53+00:00,0,2025-01-01 00:04:54+00:00,6.0,6.0,2.0,1,1.0,0
294,2025-01-01 00:04:54+00:00,2,2025-01-01 00:04:55+00:00,8.0,8.0,1.0,1,30.0,2
295,2025-01-01 00:04:55+00:00,2,2025-01-01 00:04:56+00:00,0.0,8.0,6.0,3,30.0,2
296,2025-01-01 00:04:56+00:00,2,2025-01-01 00:04:57+00:00,7.0,3.0,1.0,4,34.0,2
297,2025-01-01 00:04:57+00:00,1,2025-01-01 00:04:58+00:00,5.0,6.0,5.0,1,9.0,1
298,2025-01-01 00:04:58+00:00,1,2025-01-01 00:04:59+00:00,2.0,5.0,8.0,8,30.0,1
299,2025-01-01 00:04:59+00:00,0,2025-01-01 00:05:00+00:00,2.0,1.0,3.0,8,25.0,0
300,2025-01-01 00:05:00+00:00,0,2025-01-01 00:05:01+00:00,9.0,6.0,1.0,1,16.0,0
301,2025-01-01 00:05:01+00:00,2,2025-01-01 00:05:02+00:00,10.0,7.0,7.0,0,12.0,2
302,2025-01-01 00:05:02+00:00,2,2025-01-01 00:05:03+00:00,1.0,4.0,6.0,5,25.0,2
303,2025-01-01 00:05:03+00:00,2,2025-01-01 00:05:04+00:00,4.0,3.0,9.0,3,29.0,2
304,2025-01-01 00:05:04+00:00,1,2025-01-01 00:05:05+00:00,8.0,9.0,4.0,11,28.0,1
305,2025-01-01 00:05:05+00:00,2,2025-01-01 00:05:06+00:00,1.0,4.0,1.0,6,14.0,2
306,2025-01-01 00:05:06+00:00,1,2025-01-01 00:05:07+00:00,4.0,1.0,6.0,10,21.0,1
307,2025-01-01 00:05:07+00:00,2,2025-01-01 00:05:08+00:00,3.0,3.0,3.0,4,13.0,2
308,2025-01-01 00:05:08+00:00,2,2025-01-01 00:05:09+00:00,8.0,0.0,7.0,5,20.0,2
309,2025-01-01 00:05:09+00:00,1,2025-01-01 00:05:10+00:00,9.0,2.0,0.0,8,27.0,1
310,2025-01-01 00:05:10+00:00,2,2025-01-01 00:05:11+00:00,0.0,0.0,10.0,3,24.0,2
311,2025-01-01 00:05:11+00:00,1,2025-01-01 00:05:12+00:00,6.0,3.0,6.0,11,23.0,1
312,2025-01-01 00:05:12+00:00,2,2025-01-01 00:05:13+00:00,8.0,6.0,6.0,3,9.0,2
313,2025-01-01 00:05:13+00:00,2,2025-01-01 00:05:14+00:00,4.0,4.0,8.0,9,3.0,2
314,2025-01-01 00:05:14+00:00,1,2025-01-01 00:05:15+00:00,5.0,5.0,8.0,8,16.0,1
315,2025-01-01 00:05:15+00:00,0,2025-01-01 00:05:16+00:00,5.0,10.0,8.0,7,28.0,0
316,2025-01-01 00:05:16+00:00,2,2025-01-01 00:05:17+00:00,1.0,2.0,5.0,3,20.0,2
317,2025-01-01 00:05:17+00:00,1,2025-01-01 00:05:18+00:00,2.0,2.0,0.0,2,15.0,1
318,2025-01-01 00:05:18+00:00,0,2025-01-01 00:05:19+00:00,6.0,8.0,1.0,1,16.0,0
319,2025-01-01 00:05:19+00:00,1,2025-01-01 00:05:20+00:00,8.0,2.0,0.0,0,22.0,1
320,2025-01-01 00:05:20+00:00,1,2025-01-01 00:05:21+00:00,8.0,10.0,10.0,8,19.0,1
321,2025-01-01 00:05:21+00:00,1,2025-01-01 00:05:22+00:00,8.0,2.0,5.0,4,30.0,1
322,2025-01-01 00:05:22+00:00,1,2025-01-01 00:05:23+00:00,8.0,5.0,3.0,6,35.0,1
323,2025-01-01 00:05:23+00:00,2,2025-01-01 00:05:24+00:00,8.0,9.0,10.0,4,18.0,2
324,2025-01-01 00:05:24+00:00,2,2025-01-01 00:05:25+00:00,9.0,7.0,4.0,11,31.0,2
325,2025-01-01 00:05:25+00:00,0,2025-01-01 00:05:26+00:00,0.0,7.0,3.0,5,26.0,0
326,2025-01-01 00:05:26+00:00,2,2025-01-01 00:05:27+00:00,6.0,1.0,8.0,7,11.0,2
327,2025-01-01 00:05:27+00:00,0,2025-01-01 00:05:28+00:00,0.0,3.0,7.0,11,6.0,0
328,2025-01-01 00:05:28+00:00,2,2025-01-01 00:05:29+00:00,7.0,10.0,4.0,3,23.0,2
329,2025-01-01 00:05:29+00:00,0,2025-01-01 00:05:30+00:00,0.0,9.0,7.0,11,9.0,0
330,2025-01-01 00:05:30+00:00,0,2025-01-01 00:05:31+00:00,7.0,3.0,5.0,8,22.0,0
331,2025-01-01 00:05:31+00:00,0,2025-01-01 00:05:32+00:00,8.0,7.0,3.0,9,11.0,0
332,2025-01-01 00:05:32+00:00,2,2025-01-01 00:05:33+00:00,4.0,4.0,8.0,5,29.0,2
333,2025-01-01 00:05:33+00:00,2,2025-01-01 00:05:34+00:00,3.0,8.0,10.0,7,35.0,2
334,2025-01-01 00:05:34+00:00,0,2025-01-01 00:05:35+00:00,0.0,3.0,1.0,7,12.0,0
335,2025-01-01 00:05:35+00:00,1,2025-01-01 00:05:36+00:00,9.0,1.0,0.0,3,31.0,1
336,2025-01-01 00:05:36+00:00,2,2025-01-01 00:05:37+00:00,8.0,0.0,1.0,4,4.0,2
337,2025-01-01 00:05:37+00:00,0,2025-01-01 00:05:38+00:00,1.0,10.0,9.0,5,29.0,0
338,2025-01-01 00:05:38+00:00,1,2025-01-01 00:05:39+00:00,5.0,8.0,5.0,5,26.0,1
339,2025-01-01 00:05:39+00:00,1,2025-01-01 00:05:40+00:00,7.0,7.0,6.0,0,2.0,1
340,2025-01-01 00:05:40+00:00,0,2025-01-01 00:05:41+00:00,0.0,7.0,5.0,2,8.0,0
341,2025-01-01 00:05:41+00:00,1,2025-01-01 00:05:42+00:00,5.0,7.0,2.0,7,36.0,1
342,2025-01-01 00:05:42+00:00,1,2025-01-01 00:05:43+00:00,6.0,1.0,3.0,11,0.0,1
343,2025-01-01 00:05:43+00:00,1,2025-01-01 00:05:44+00:00,0.0,10.0,6.0,7,36.0,1
344,2025-01-01 00:05:44+00:00,1,2025-01-01 00:05:45+00:00,6.0,8.0,6.0,12,8.0,1
345,2025-01-01 00:05:45+00:00,0,2025-01-01 00:05:46+00:00,4.0,6.0,5.0,10,36.0,0
346,2025-01-01 00:05:46+00:00,1,2025-01-01 00:05:47+00:00,9.0,7.0,9.0,2,28.0,1
347,2025-01-01 00:05:47+00:00,2,2025-01-01 00:05:48+00:00,9.0,2.0,4.0,0,21.0,2
348,2025-01-01 00:05:48+00:00,1,2025-01-01 00:05:49+00:00,10.0,0.0,6.0,9,33.0,1
349,2025-01-01 00:05:49+00:00,1,2025-01-01 00:05:50+00:00,6.0,10.0,4.0,10,23.0,1
350,2025-01-01 00:05:50+00:00,1,2025-01-01 00:05:51+00:00,7.0,9.0,8.0,1,11.0,1
351,2025-01-01 00:05:51+00:00,1,2025-01-01 00:05:52+00:00,5.0,10.0,4.0,3,32.0,1
352,2025-01-01 00:05:52+00:00,2,2025-01-01 00:05:53+00:00,5.0,6.0,10.0,2,5.0,2
353,2025-01-01 00:05:53+00:00,1,2025-01-01 00:05:54+00:00,4.0,9.0,5.0,7,34.0,1
354,2025-01-01 00:05:54+00:00,1,2025-01-01 00:05:55+00:00,2.0,10.0,9.0,2,20.0,1
355,2025-01-01 00:05:55+00:00,2,2025-01-01 00:05:56+00:00,7.0,10.0,4.0,2,12.0,2
356,2025-01-01 00:05:56+00:00,1,2025-01-01 00:05:57+00:00,10.0,0.0,5.0,1,30.0,1
357,2025-01-01 00:05:57+00:00,0,2025-01-01 00:05:58+00:00,3.0,3.0,0.0,6,0.0,0
358,2025-01-01 00:05:58+00:00,2,2025-01-01 00:05:59+00:00,7.0,3.0,6.0,6,2.0,2
359,2025-01-01 00:05:59+00:00,2,2025-01-01 00:06:00+00:00,7.0,7.0,0.0,3,33.0,2
360,2025-01-01 00:06:00+00:00,1,2025-01-01 00:06:01+00:00,4.0,4.0,7.0,2,27.0,1
361,2025-01-01 00:06:01+00:00,1,2025-01-01 00:06:02+00:00,9.0,8.0,2.0,6,26.0,1
362,2025-01-01 00:06:02+00:00,2,2025-01-01 00:06:03+00:00,1.0,1.0,1.0,11,28.0,2
363,2025-01-01 00:06:03+00:00,2,2025-01-01 00:06:04+00:00,2.0,5.0,9.0,10,9.0,2
364,2025-01-01 00:06:04+00:00,1,2025-01-01 00:06:05+00:00,9.0,4.0,0.0,7,31.0,1
365,2025-01-01 00:06:05+00:00,1,2025-01-01 00:06:06+00:00,0.0,2.0,2.0,0,22.0,1
366,2025-01-01 00:06:06+00:00,1,2025-01-01 00:06:07+00:00,2.0,10.0,4.0,9,36.0,1
367,2025-01-01 00:06:07+00:00,0,2025-01-01 00:06:08+00:00,1.0,6.0,8.0,1,18.0,0
368,2025-01-01 00:06:08+00:00,1,2025-01-01 00:06:09+00:00,1.0,9.0,10.0,8,5.0,1
369,2025-01-01 00:06:09+00:00,1,2025-01-01 00:06:10+00:00,9.0,9.0,7.0,8,31.0,1
370,2025-01-01 00:06:10+00:00,0,2025-01-01 00:06:11+00:00,9.0,6.0,6.0,0,21.0,0
371,2025-01-01 00:06:11+00:00,2,2025-01-01 00:06:12+00:00,0.0,1.0,10.0,5,21.0,2
372,2025-01-01 00:06:12+00:00,0,2025-01-01 00:06:13+00:00,7.0,2.0,10.0,7,34.0,0
373,2025-01-01 00:06:13+00:00,0,2025-01-01 00:06:14+00:00,3.0,9.0,10.0,5,22.0,0
374,2025-01-01 00:06:14+00:00,1,2025-01-01 00:06:15+00:00,9.0,1.0,4.0,11,20.0,1
375,2025-01-01 00:06:15+00:00,1,2025-01-01 00:06:16+00:00,1.0,5.0,0.0,12,12.0,1
376,2025-01-01 00:06:16+00:00,0,2025-01-01 00:06:17+00:00,2.0,1.0,8.0,10,8.0,0
377,2025-01-01 00:06:17+00:00,0,2025-01-01 00:06:18+00:00,7.0,0.0,1.0,8,19.0,0
378,2025-01-01 00:06:18+00:00,0,2025-01-01 00:06:19+00:00,4.0,2.0,2.0,4,7.0,0
379,2025-01-01 00:06:19+00:00,1,2025-01-01 00:06:20+00:00,2.0,1.0,4.0,9,21.0,1
380,2025-01-01 00:06:20+00:00,0,2025-01-01 00:06:21+00:00,2.0,9.0,9.0,10,28.0,0
381,2025-01-01 00:06:21+00:00,2,2025-01-01 00:06:22+00:00,7.0,1.0,7.0,4,29.0,2
382,2025-01-01 00:06:22+00:00,1,2025-01-01 00:06:23+00:00,0.0,1.0,7.0,1,22.0,1
383,2025-01-01 00:06:23+00:00,0,2025-01-01 00:06:24+00:00,8.0,10.0,1.0,12,19.0,0
384,2025-01-01 00:06:24+00:00,1,2025-01-01 00:06:25+00:00,9.0,6.0,6.0,9,21.0,1
385,2025-01-01 00:06:25+00:00,1,2025-01-01 00:06:26+00:00,1.0,9.0,1.0,10,24.0,1
386,2025-01-01 00:06:26+00:00,2,2025-01-01 00:06:27+00:00,9.0,9.0,7.0,3,13.0,2
387,2025-01-01 00:06:27+00:00,2,2025-01-01 00:06:28+00:00,2.0,4.0,0.0,5,35.0,2
388,2025-01-01 00:06:28+00:00,1,2025-01-01 00:06:29+00:00,6.0,6.0,6.0,8,13.0,1
389,2025-01-01 00:06:29+00:00,2,2025-01-01 00:06:30+00:00,0.0,1.0,10.0,0,9.0,2
390,2025-01-01 00:06:30+00:00,0,2025-01-01 00:06:31+00:00,7.0,8.0,6.0,8,28.0,0
391,2025-01-01 00:06:31+00:00,2,2025-01-01 00:06:32+00:00,0.0,9.0,7.0,11,23.0,2
392,2025-01-01 00:06:32+00:00,1,2025-01-01 00:06:33+00:00,7.0,10.0,10.0,10,4.0,1
393,2025-01-01 00:06:33+00:00,0,2025-01-01 00:06:34+00:00,8.0,7.0,9.0,11,21.0,0
394,2025-01-01 00:06:34+00:00,0,2025-01-01 00:06:35+00:00,9.0,0.0,4.0,7,5.0,0
395,2025-01-01 00:06:35+00:00,0,2025-01-01 00:06:36+00:00,9.0,2.0,9.0,11,9.0,0
396,2025-01-01 00:06:36+00:00,2,2025-01-01 00:06:37+00:00,1.0,2.0,9.0,2,31.0,2
397,2025-01-01 00:06:37+00:00,0,2025-01-01 00:06:38+00:00,0.0,2.0,7.0,6,30.0,0
398,2025-01-01 00:06:38+00:00,1,2025-01-01 00:06:39+00:00,8.0,6.0,0.0,4,28.0,1
399,2025-01-01 00:06:39+00:00,0,2025-01-01 00:06:40+00:00,4.0,4.0,1.0,4,25.0,0
400,2025-01-01 00:06:40+00:00,1,2025-01-01 00:06:41+00:00,8.0,0.0,10.0,0,4.0,1
401,2025-01-01 00:06:41+00:00,1,2025-01-01 00:06:42+00:00,9.0,1.0,0.0,9,13.0,1
402,2025-01-01 00:06:42+00:00,1,2025-01-01 00:06:43+00:00,4.0,7.0,10.0,1,29.0,1
403,2025-01-01 00:06:43+00:00,2,2025-01-01 00:06:44+00:00,6.0,6.0,5.0,0,16.0,2
404,2025-01-01 00:06:44+00:00,0,2025-01-01 00:06:45+00:00,9.0,10.0,1.0,7,16.0,0
405,2025-01-01 00:06:45+00:00,1,2025-01-01 00:06:46+00:00,10.0,6.0,4.0,2,21.0,1
406,2025-01-01 00:06:46+00:00,1,2025-01-01 00:06:47+00:00,6.0,7.0,1.0,9,34.0,1
407,2025-01-01 00:06:47+00:00,2,2025-01-01 00:06:48+00:00,7.0,4.0,10.0,3,11.0,2
408,2025-01-01 00:06:48+00:00,1,2025-01-01 00:06:49+00:00,3.0,2.0,0.0,3,1.0,1
409,2025-01-01 00:06:49+00:00,1,2025-01-01 00:06:50+00:00,5.0,0.0,5.0,12,2.0,1
410,2025-01-01 00:06:50+00:00,1,2025-01-01 00:06:51+00:00,0.0,2.0,7.0,10,1.0,1
411,2025-01-01 00:06:51+00:00,0,2025-01-01 00:06:52+00:00,9.0,2.0,9.0,1,6.0,0
412,2025-01-01 00:06:52+00:00,1,2025-01-01 00:06:53+00:00,5.0,3.0,0.0,9,11.0,1
413,2025-01-01 00:06:53+00:00,1,2025-01-01 00:06:54+00:00,2.0,0.0,7.0,1,0.0,1
414,2025-01-01 00:06:54+00:00,1,2025-01-01 00:06:55+00:00,2.0,10.0,4.0,8,28.0,1
415,2025-01-01 00:06:55+00:00,2,2025-01-01 00:06:56+00:00,6.0,0.0,8.0,3,12.0,2
416,2025-01-01 00:06:56+00:00,1,2025-01-01 00:06:57+00:00,1.0,2.0,10.0,7,31.0,1
417,2025-01-01 00:06:57+00:00,1,2025-01-01 00:06:58+00:00,1.0,0.0,8.0,2,10.0,1
418,2025-01-01 00:06:58+00:00,1,2025-01-01 00:06:59+00:00,1.0,5.0,3.0,1,15.0,1
419,2025-01-01 00:06:59+00:00,0,2025-01-01 00:07:00+00:00,2.0,7.0,3.0,10,22.0,0
420,2025-01-01 00:07:00+00:00,1,2025-01-01 00:07:01+00:00,5.0,3.0,4.0,9,10.0,1
421,2025-01-01 00:07:01+00:00,0,2025-01-01 00:07:02+00:00,4.0,0.0,6.0,11,15.0,0
422,2025-01-01 00:07:02+00:00,2,2025-01-01 00:07:03+00:00,8.0,0.0,6.0,8,25.0,2
423,2025-01-01 00:07:03+00:00,0,2025-01-01 00:07:04+00:00,2.0,5.0,4.0,3,5.0,0
424,2025-01-01 00:07:04+00:00,1,2025-01-01 00:07:05+00:00,6.0,2.0,5.0,10,29.0,1
425,2025-01-01 00:07:05+00:00,1,2025-01-01 00:07:06+00:00,9.0,5.0,0.0,8,23.0,1
426,2025-01-01 00:07:06+00:00,1,2025-01-01 00:07:07+00:00,8.0,1.0,10.0,7,13.0,1
427,2025-01-01 00:07:07+00:00,1,2025-01-01 00:07:08+00:00,7.0,8.0,8.0,1,30.0,1
428,2025-01-01 00:07:08+00:00,1,2025-01-01 00:07:09+00:00,1.0,6.0,2.0,4,4.0,1
429,2025-01-01 00:07:09+00:00,2,2025-01-01 00:07:10+00:00,7.0,5.0,6.0,7,1.0,2
430,2025-01-01 00:07:10+00:00,1,2025-01-01 00:07:11+00:00,7.0,9.0,10.0,11,33.0,1
431,2025-01-01 00:07:11+00:00,1,2025-01-01 00:07:12+00:00,4.0,0.0,2.0,5,18.0,1
432,2025-01-01 00:07:12+00:00,1,2025-01-01 00:07:13+00:00,0.0,5.0,9.0,2,28.0,1
433,2025-01-01 00:07:13+00:00,1,2025-01-01 00:07:14+00:00,0.0,6.0,7.0,12,9.0,1
434,2025-01-01 00:07:14+00:00,1,2025-01-01 00:07:15+00:00,9.0,7.0,5.0,11,7.0,1
435,2025-01-01 00:07:15+00:00,1,2025-01-01 00:07:16+00:00,5.0,0.0,9.0,10,12.0,1
436,2025-01-01 00:07:16+00:00,0,2025-01-01 00:07:17+00:00,3.0,7.0,5.0,9,32.0,0
437,2025-01-01 00:07:17+00:00,1,2025-01-01 00:07:18+00:00,5.0,4.0,7.0,8,5.0,1
438,2025-01-01 00:07:18+00:00,1,2025-01-01 00:07:19+00:00,9.0,9.0,1.0,2,13.0,1
439,2025-01-01 00:07:19+00:00,1,2025-01-01 00:07:20+00:00,3.0,2.0,6.0,4,35.0,1
440,2025-01-01 00:07:20+00:00,1,2025-01-01 00:07:21+00:00,2.0,4.0,4.0,10,30.0,1
441,2025-01-01 00:07:21+00:00,1,2025-01-01 00:07:22+00:00,7.0,1.0,9.0,11,23.0,1
442,2025-01-01 00:07:22+00:00,1,2025-01-01 00:07:23+00:00,2.0,9.0,0.0,2,20.0,1
443,2025-01-01 00:07:23+00:00,0,2025-01-01 00:07:24+00:00,10.0,2.0,1.0,9,10.0,0
444,2025-01-01 00:07:24+00:00,1,2025-01-01 00:07:25+00:00,0.0,2.0,8.0,4,23.0,1
445,2025-01-01 00:07:25+00:00,1,2025-01-01 00:07:26+00:00,7.0,1.0,1.0,2,1.0,1
446,2025-01-01 00:07:26+00:00,0,2025-01-01 00:07:27+00:00,2.0,2.0,3.0,4,8.0,0
447,2025-01-01 00:07:27+00:00,0,2025-01-01 00:07:28+00:00,1.0,4.0,0.0,1,19.0,0
448,2025-01-01 00:07:28+00:00,1,2025-01-01 00:07:29+00:00,1.0,2.0,4.0,9,22.0,1
449,2025-01-01 00:07:29+00:00,1,2025-01-01 00:07:30+00:00,3.0,4.0,2.0,12,34.0,1
450,2025-01-01 00:07:30+00:00,2,2025-01-01 00:07:31+00:00,10.0,1.0,2.0,5,24.0,2
451,2025-01-01 00:07:31+00:00,1,2025-01-01 00:07:32+00:00,5.0,4.0,8.0,11,2.0,1
452,2025-01-01 00:07:32+00:00,2,2025-01-01 00:07:33+00:00,6.0,3.0,1.0,12,30.0,2
453,2025-01-01 00:07:33+00:00,0,2025-01-01 00:07:34+00:00,2.0,6.0,6.0,11,6.0,0
454,2025-01-01 00:07:34+00:00,1,2025-01-01 00:07:35+00:00,4.0,9.0,9.0,4,25.0,1
455,2025-01-01 00:07:35+00:00,1,2025-01-01 00:07:36+00:00,7.0,7.0,3.0,10,8.0,1
456,2025-01-01 00:07:36+00:00,0,2025-01-01 00:07:37+00:00,4.0,9.0,9.0,1,4.0,0
457,2025-01-01 00:07:37+00:00,1,2025-01-01 00:07:38+00:00,8.0,8.0,0.0,12,2.0,1
458,2025-01-01 00:07:38+00:00,1,2025-01-01 00:07:39+00:00,2.0,7.0,6.0,2,19.0,1
459,2025-01-01 00:07:39+00:00,1,2025-01-01 00:07:40+00:00,8.0,2.0,8.0,0,25.0,1
460,2025-01-01 00:07:40+00:00,1,2025-01-01 00:07:41+00:00,2.0,5.0,5.0,12,1.0,1
461,2025-01-01 00:07:41+00:00,1,2025-01-01 00:07:42+00:00,9.0,1.0,1.0,4,7.0,1
462,2025-01-01 00:07:42+00:00,2,2025-01-01 00:07:43+00:00,7.0,9.0,0.0,5,24.0,2
463,2025-01-01 00:07:43+00:00,1,2025-01-01 00:07:44+00:00,6.0,3.0,7.0,10,4.0,1
464,2025-01-01 00:07:44+00:00,1,2025-01-01 00:07:45+00:00,4.0,1.0,9.0,12,33.0,1
465,2025-01-01 00:07:45+00:00,1,2025-01-01 00:07:46+00:00,6.0,6.0,4.0,9,32.0,1
466,2025-01-01 00:07:46+00:00,1,2025-01-01 00:07:47+00:00,10.0,8.0,9.0,12,27.0,1
467,2025-01-01 00:07:47+00:00,0,2025-01-01 00:07:48+00:00,1.0,10.0,3.0,6,17.0,0
468,2025-01-01 00:07:48+00:00,0,2025-01-01 00:07:49+00:00,6.0,10.0,0.0,3,10.0,0
469,2025-01-01 00:07:49+00:00,0,2025-01-01 00:07:50+00:00,5.0,9.0,4.0,1,26.0,0
470,2025-01-01 00:07:50+00:00,2,2025-01-01 00:07:51+00:00,7.0,1.0,3.0,9,7.0,2
471,2025-01-01 00:07:51+00:00,2,2025-01-01 00:07:52+00:00,3.0,4.0,7.0,6,16.0,2
472,2025-01-01 00:07:52+00:00,1,2025-01-01 00:07:53+00:00,2.0,5.0,7.0,11,23.0,1
473,2025-01-01 00:07:53+00:00,2,2025-01-01 00:07:54+00:00,8.0,6.0,4.0,10,23.0,2
474,2025-01-01 00:07:54+00:00,1,2025-01-01 00:07:55+00:00,4.0,3.0,2.0,7,20.0,1
475,2025-01-01 00:07:55+00:00,2,2025-01-01 00:07:56+00:00,2.0,4.0,8.0,1,22.0,2
476,2025-01-01 00:07:56+00:00,1,2025-01-01 00:07:57+00:00,10.0,2.0,0.0,6,12.0,1
477,2025-01-01 00:07:57+00:00,2,2025-01-01 00:07:58+00:00,2.0,10.0,9.0,5,18.0,2
478,2025-01-01 00:07:58+00:00,2,2025-01-01 00:07:59+00:00,1.0,7.0,3.0,4,10.0,2
479,2025-01-01 00:07:59+00:00,0,2025-01-01 00:08:00+00:00,3.0,3.0,3.0,12,17.0,0
480,2025-01-01 00:08:00+00:00,1,2025-01-01 00:08:01+00:00,2.0,0.0,4.0,4,15.0,1
481,2025-01-01 00:08:01+00:00,1,2025-01-01 00:08:02+00:00,10.0,3.0,6.0,11,27.0,1
482,2025-01-01 00:08:02+00:00,2,2025-01-01 00:08:03+00:00,4.0,6.0,10.0,5,8.0,2
483,2025-01-01 00:08:03+00:00,2,2025-01-01 00:08:04+00:00,2.0,4.0,1.0,5,2.0,2
484,2025-01-01 00:08:04+00:00,1,2025-01-01 00:08:05+00:00,6.0,2.0,5.0,11,31.0,1
485,2025-01-01 00:08:05+00:00,1,2025-01-01 00:08:06+00:00,0.0,7.0,4.0,2,29.0,1
486,2025-01-01 00:08:06+00:00,1,2025-01-01 00:08:07+00:00,3.0,4.0,2.0,2,32.0,1
487,2025-01-01 00:08:07+00:00,1,2025-01-01 00:08:08+00:00,0.0,4.0,10.0,10,7.0,1
488,2025-01-01 00:08:08+00:00,0,2025-01-01 00:08:09+00:00,5.0,0.0,10.0,9,28.0,0
489,2025-01-01 00:08:09+00:00,0,2025-01-01 00:08:10+00:00,8.0,9.0,6.0,1,25.0,0
490,2025-01-01 00:08:10+00:00,0,2025-01-01 00:08:11+00:00,10.0,10.0,2.0,1,19.0,0
491,2025-01-01 00:08:11+00:00,2,2025-01-01 00:08:12+00:00,8.0,3.0,7.0,7,24.0,2
492,2025-01-01 00:08:12+00:00,2,2025-01-01 00:08:13+00:00,0.0,8.0,5.0,7,14.0,2
493,2025-01-01 00:08:13+00:00,1,2025-01-01 00:08:14+00:00,7.0,4.0,2.0,2,19.0,1
494,2025-01-01 00:08:14+00:00,2,2025-01-01 00:08:15+00:00,1.0,7.0,10.0,11,36.0,2
495,2025-01-01 00:08:15+00:00,2,2025-01-01 00:08:16+00:00,9.0,7.0,10.0,7,16.0,2
496,2025-01-01 00:08:16+00:00,2,2025-01-01 00:08:17+00:00,6.0,1.0,0.0,2,30.0,2
497,2025-01-01 00:08:17+00:00,1,2025-01-01 00:08:18+00:00,4.0,1.0,2.0,2,0.0,1
498,2025-01-01 00:08:18+00:00,1,2025-01-01 00:08:19+00:00,10.0,8.0,3.0,1,19.0,1
499,2025-01-01 00:08:19+00:00,2,2025-01-01 00:08:20+00:00,4.0,9.0,6.0,0,21.0,2
500,2025-01-01 00:08:20+00:00,1,2025-01-01 00:08:21+00:00,6.0,7.0,8.0,9,31.0,1
501,2025-01-01 00:08:21+00:00,1,2025-01-01 00:08:22+00:00,9.0,10.0,5.0,7,27.0,1
502,2025-01-01 00:08:22+00:00,1,2025-01-01 00:08:23+00:00,2.0,4.0,6.0,6,23.0,1
503,2025-01-01 00:08:23+00:00,2,2025-01-01 00:08:24+00:00,2.0,9.0,7.0,1,26.0,2
504,2025-01-01 00:08:24+00:00,1,2025-01-01 00:08:25+00:00,8.0,0.0,1.0,5,27.0,1
505,2025-01-01 00:08:25+00:00,2,2025-01-01 00:08:26+00:00,8.0,9.0,10.0,1,3.0,2
506,2025-01-01 00:08:26+00:00,2,2025-01-01 00:08:27+00:00,2.0,10.0,1.0,3,23.0,2
507,2025-01-01 00:08:27+00:00,1,2025-01-01 00:08:28+00:00,2.0,1.0,3.0,7,26.0,1
508,2025-01-01 00:08:28+00:00,1,2025-01-01 00:08:29+00:00,10.0,10.0,3.0,2,33.0,1
509,2025-01-01 00:08:29+00:00,1,2025-01-01 00:08:30+00:00,7.0,2.0,0.0,11,33.0,1
510,2025-01-01 00:08:30+00:00,1,2025-01-01 00:08:31+00:00,6.0,6.0,10.0,11,35.0,1
511,2025-01-01 00:08:31+00:00,2,2025-01-01 00:08:32+00:00,10.0,6.0,3.0,4,5.0,2
512,2025-01-01 00:08:32+00:00,0,2025-01-01 00:08:33+00:00,8.0,5.0,10.0,2,1.0,0
513,2025-01-01 00:08:33+00:00,2,2025-01-01 00:08:34+00:00,1.0,0.0,10.0,1,28.0,2
514,2025-01-01 00:08:34+00:00,2,2025-01-01 00:08:35+00:00,4.0,4.0,10.0,12,36.0,2
515,2025-01-01 00:08:35+00:00,2,2025-01-01 00:08:36+00:00,6.0,1.0,1.0,0,27.0,2
516,2025-01-01 00:08:36+00:00,1,2025-01-01 00:08:37+00:00,10.0,6.0,7.0,11,31.0,1
517,2025-01-01 00:08:37+00:00,2,2025-01-01 00:08:38+00:00,1.0,9.0,6.0,1,7.0,2
518,2025-01-01 00:08:38+00:00,1,2025-01-01 00:08:39+00:00,4.0,4.0,3.0,2,31.0,1
519,2025-01-01 00:08:39+00:00,1,2025-01-01 00:08:40+00:00,9.0,2.0,2.0,8,29.0,1
520,2025-01-01 00:08:40+00:00,2,2025-01-01 00:08:41+00:00,5.0,8.0,0.0,10,28.0,2
521,2025-01-01 00:08:41+00:00,1,2025-01-01 00:08:42+00:00,3.0,9.0,8.0,9,3.0,1
522,2025-01-01 00:08:42+00:00,0,2025-01-01 00:08:43+00:00,3.0,3.0,9.0,7,5.0,0
523,2025-01-01 00:08:43+00:00,2,2025-01-01 00:08:44+00:00,8.0,5.0,6.0,4,5.0,2
524,2025-01-01 00:08:44+00:00,2,2025-01-01 00:08:45+00:00,0.0,0.0,4.0,6,6.0,2
525,2025-01-01 00:08:45+00:00,2,2025-01-01 00:08:46+00:00,7.0,8.0,8.0,6,7.0,2
526,2025-01-01 00:08:46+00:00,2,2025-01-01 00:08:47+00:00,8.0,10.0,2.0,4,36.0,2
527,2025-01-01 00:08:47+00:00,2,2025-01-01 00:08:48+00:00,8.0,6.0,8.0,7,2.0,2
528,2025-01-01 00:08:48+00:00,2,2025-01-01 00:08:49+00:00,9.0,4.0,10.0,6,22.0,2
529,2025-01-01 00:08:49+00:00,0,2025-01-01 00:08:50+00:00,1.0,2.0,8.0,4,27.0,0
530,2025-01-01 00:08:50+00:00,2,2025-01-01 00:08:51+00:00,3.0,10.0,5.0,5,13.0,2
531,2025-01-01 00:08:51+00:00,0,2025-01-01 00:08:52+00:00,8.0,1.0,10.0,10,4.0,0
532,2025-01-01 00:08:52+00:00,2,2025-01-01 00:08:53+00:00,2.0,0.0,1.0,7,23.0,2
533,2025-01-01 00:08:53+00:00,2,2025-01-01 00:08:54+00:00,3.0,3.0,7.0,5,2.0,2
534,2025-01-01 00:08:54+00:00,0,2025-01-01 00:08:55+00:00,2.0,8.0,3.0,10,36.0,0
535,2025-01-01 00:08:55+00:00,2,2025-01-01 00:08:56+00:00,3.0,10.0,0.0,11,34.0,2
536,2025-01-01 00:08:56+00:00,2,2025-01-01 00:08:57+00:00,10.0,8.0,7.0,7,23.0,2
537,2025-01-01 00:08:57+00:00,1,2025-01-01 00:08:58+00:00,1.0,9.0,0.0,11,14.0,1
538,2025-01-01 00:08:58+00:00,0,2025-01-01 00:08:59+00:00,0.0,9.0,10.0,5,16.0,0
539,2025-01-01 00:08:59+00:00,2,2025-01-01 00:09:00+00:00,10.0,7.0,9.0,1,5.0,2
540,2025-01-01 00:09:00+00:00,0,2025-01-01 00:09:01+00:00,8.0,0.0,4.0,6,25.0,0
541,2025-01-01 00:09:01+00:00,1,2025-01-01 00:09:02+00:00,5.0,10.0,10.0,12,1.0,1
542,2025-01-01 00:09:02+00:00,2,2025-01-01 00:09:03+00:00,7.0,9.0,7.0,2,15.0,2
543,2025-01-01 00:09:03+00:00,1,2025-01-01 00:09:04+00:00,7.0,4.0,9.0,5,18.0,1
544,2025-01-01 00:09:04+00:00,1,2025-01-01 00:09:05+00:00,5.0,3.0,10.0,7,29.0,1
545,2025-01-01 00:09:05+00:00,1,2025-01-01 00:09:06+00:00,7.0,0.0,7.0,3,0.0,1
546,2025-01-01 00:09:06+00:00,2,2025-01-01 00:09:07+00:00,5.0,0.0,1.0,5,1.0,2
547,2025-01-01 00:09:07+00:00,2,2025-01-01 00:09:08+00:00,4.0,2.0,3.0,4,11.0,2
548,2025-01-01 00:09:08+00:00,2,2025-01-01 00:09:09+00:00,3.0,4.0,7.0,3,23.0,2
549,2025-01-01 00:09:09+00:00,2,2025-01-01 00:09:10+00:00,3.0,3.0,8.0,6,23.0,2
550,2025-01-01 00:09:10+00:00,2,2025-01-01 00:09:11+00:00,10.0,4.0,2.0,8,31.0,2
551,2025-01-01 00:09:11+00:00,1,2025-01-01 00:09:12+00:00,8.0,7.0,2.0,5,23.0,1
552,2025-01-01 00:09:12+00:00,1,2025-01-01 00:09:13+00:00,7.0,3.0,6.0,3,19.0,1
553,2025-01-01 00:09:13+00:00,0,2025-01-01 00:09:14+00:00,3.0,9.0,0.0,7,32.0,0
554,2025-01-01 00:09:14+00:00,2,2025-01-01 00:09:15+00:00,7.0,3.0,4.0,10,4.0,2
555,2025-01-01 00:09:15+00:00,1,2025-01-01 00:09:16+00:00,1.0,5.0,0.0,8,12.0,1
556,2025-01-01 00:09:16+00:00,2,2025-01-01 00:09:17+00:00,0.0,4.0,4.0,5,25.0,2
557,2025-01-01 00:09:17+00:00,2,2025-01-01 00:09:18+00:00,3.0,8.0,9.0,12,35.0,2
558,2025-01-01 00:09:18+00:00,0,2025-01-01 00:09:19+00:00,8.0,0.0,5.0,2,36.0,0
559,2025-01-01 00:09:19+00:00,1,2025-01-01 00:09:20+00:00,5.0,9.0,0.0,9,2.0,1
560,2025-01-01 00:09:20+00:00,1,2025-01-01 00:09:21+00:00,8.0,6.0,3.0,7,6.0,1
561,2025-01-01 00:09:21+00:00,0,2025-01-01 00:09:22+00:00,1.0,6.0,4.0,3,14.0,0
562,2025-01-01 00:09:22+00:00,0,2025-01-01 00:09:23+00:00,2.0,8.0,6.0,7,4.0,0
563,2025-01-01 00:09:23+00:00,2,2025-01-01 00:09:24+00:00,8.0,10.0,7.0,4,12.0,2
564,2025-01-01 00:09:24+00:00,1,2025-01-01 00:09:25+00:00,1.0,4.0,10.0,7,22.0,1
565,2025-01-01 00:09:25+00:00,2,2025-01-01 00:09:26+00:00,7.0,6.0,10.0,2,36.0,2
566,2025-01-01 00:09:26+00:00,2,2025-01-01 00:09:27+00:00,7.0,6.0,8.0,1,23.0,2
567,2025-01-01 00:09:27+00:00,0,2025-01-01 00:09:28+00:00,1.0,10.0,10.0,11,29.0,0
568,2025-01-01 00:09:28+00:00,0,2025-01-01 00:09:29+00:00,7.0,1.0,1.0,8,15.0,0
569,2025-01-01 00:09:29+00:00,0,2025-01-01 00:09:30+00:00,8.0,6.0,2.0,1,0.0,0
570,2025-01-01 00:09:30+00:00,1,2025-01-01 00:09:31+00:00,4.0,7.0,0.0,9,0.0,1
571,2025-01-01 00:09:31+00:00,1,2025-01-01 00:09:32+00:00,0.0,0.0,5.0,3,4.0,1
572,2025-01-01 00:09:32+00:00,0,2025-01-01 00:09:33+00:00,5.0,8.0,10.0,3,13.0,0
573,2025-01-01 00:09:33+00:00,1,2025-01-01 00:09:34+00:00,3.0,1.0,10.0,4,23.0,1
574,2025-01-01 00:09:34+00:00,1,2025-01-01 00:09:35+00:00,1.0,9.0,5.0,10,24.0,1
575,2025-01-01 00:09:35+00:00,1,2025-01-01 00:09:36+00:00,5.0,0.0,9.0,9,28.0,1
576,2025-01-01 00:09:36+00:00,2,2025-01-01 00:09:37+00:00,3.0,6.0,3.0,9,5.0,2
577,2025-01-01 00:09:37+00:00,1,2025-01-01 00:09:38+00:00,4.0,5.0,10.0,12,2.0,1
578,2025-01-01 00:09:38+00:00,1,2025-01-01 00:09:39+00:00,8.0,0.0,10.0,3,14.0,1
579,2025-01-01 00:09:39+00:00,0,2025-01-01 00:09:40+00:00,3.0,2.0,1.0,2,35.0,0
580,2025-01-01 00:09:40+00:00,0,2025-01-01 00:09:41+00:00,4.0,4.0,9.0,7,12.0,0
581,2025-01-01 00:09:41+00:00,0,2025-01-01 00:09:42+00:00,7.0,0.0,6.0,6,5.0,0
582,2025-01-01 00:09:42+00:00,1,2025-01-01 00:09:43+00:00,5.0,2.0,7.0,3,9.0,1
583,2025-01-01 00:09:43+00:00,1,2025-01-01 00:09:44+00:00,7.0,4.0,10.0,9,4.0,1
584,2025-01-01 00:09:44+00:00,0,2025-01-01 00:09:45+00:00,10.0,5.0,0.0,10,24.0,0
585,2025-01-01 00:09:45+00:00,1,2025-01-01 00:09:46+00:00,9.0,7.0,10.0,2,16.0,1
586,2025-01-01 00:09:46+00:00,0,2025-01-01 00:09:47+00:00,9.0,1.0,8.0,3,27.0,0
587,2025-01-01 00:09:47+00:00,1,2025-01-01 00:09:48+00:00,1.0,10.0,9.0,12,22.0,1
588,2025-01-01 00:09:48+00:00,1,2025-01-01 00:09:49+00:00,6.0,8.0,6.0,10,18.0,1
589,2025-01-01 00:09:49+00:00,0,2025-01-01 00:09:50+00:00,2.0,3.0,0.0,11,11.0,0
590,2025-01-01 00:09:50+00:00,2,2025-01-01 00:09:51+00:00,6.0,1.0,4.0,1,21.0,2
591,2025-01-01 00:09:51+00:00,0,2025-01-01 00:09:52+00:00,3.0,8.0,0.0,6,33.0,0
592,2025-01-01 00:09:52+00:00,1,2025-01-01 00:09:53+00:00,10.0,6.0,6.0,9,3.0,1
593,2025-01-01 00:09:53+00:00,2,2025-01-01 00:09:54+00:00,3.0,5.0,7.0,9,30.0,2
594,2025-01-01 00:09:54+00:00,2,2025-01-01 00:09:55+00:00,3.0,9.0,7.0,6,5.0,2
595,2025-01-01 00:09:55+00:00,2,2025-01-01 00:09:56+00:00,9.0,3.0,2.0,8,36.0,2
596,2025-01-01 00:09:56+00:00,2,2025-01-01 00:09:57+00:00,7.0,10.0,8.0,3,15.0,2
597,2025-01-01 00:09:57+00:00,0,2025-01-01 00:09:58+00:00,4.0,3.0,4.0,10,30.0,0
598,2025-01-01 00:09:58+00:00,1,2025-01-01 00:09:59+00:00,6.0,6.0,10.0,10,35.0,1
599,2025-01-01 00:09:59+00:00,0,2025-01-01 00:10:00+00:00,2.0,5.0,6.0,9,0.0,0
600,2025-01-01 00:10:00+00:00,1,2025-01-01 00:10:01+00:00,6.0,0.0,8.0,7,20.0,1
601,2025-01-01 00:10:01+00:00,1,2025-01-01 00:10:02+00:00,4.0,8.0,1.0,4,36.0,1
602,2025-01-01 00:10:02+00:00,1,2025-01-01 00:10:03+00:00,0.0,2.0,7.0,11,25.0,1
603,2025-01-01 00:10:03+00:00,1,2025-01-01 00:10:04+00:00,1.0,8.0,4.0,4,12.0,1
604,2025-01-01 00:10:04+00:00,2,2025-01-01 00:10:05+00:00,10.0,2.0,9.0,2,28.0,2
605,2025-01-01 00:10:05+00:00,2,2025-01-01 00:10:06+00:00,6.0,6.0,10.0,2,3.0,2
606,2025-01-01 00:10:06+00:00,2,2025-01-01 00:10:07+00:00,3.0,6.0,7.0,4,11.0,2
607,2025-01-01 00:10:07+00:00,2,2025-01-01 00:10:08+00:00,10.0,10.0,7.0,5,0.0,2
608,2025-01-01 00:10:08+00:00,1,2025-01-01 00:10:09+00:00,6.0,7.0,10.0,11,27.0,1
609,2025-01-01 00:10:09+00:00,2,2025-01-01 00:10:10+00:00,8.0,8.0,8.0,7,4.0,2
610,2025-01-01 00:10:10+00:00,0,2025-01-01 00:10:11+00:00,1.0,0.0,2.0,9,13.0,0
611,2025-01-01 00:10:11+00:00,1,2025-01-01 00:10:12+00:00,4.0,0.0,8.0,12,18.0,1
612,2025-01-01 00:10:12+00:00,1,2025-01-01 00:10:13+00:00,10.0,0.0,3.0,0,12.0,1
613,2025-01-01 00:10:13+00:00,1,2025-01-01 00:10:14+00:00,1.0,8.0,4.0,4,24.0,1
614,2025-01-01 00:10:14+00:00,2,2025-01-01 00:10:15+00:00,10.0,4.0,10.0,11,12.0,2
615,2025-01-01 00:10:15+00:00,1,2025-01-01 00:10:16+00:00,0.0,9.0,3.0,1,17.0,1
616,2025-01-01 00:10:16+00:00,1,2025-01-01 00:10:17+00:00,3.0,4.0,0.0,1,24.0,1
617,2025-01-01 00:10:17+00:00,1,2025-01-01 00:10:18+00:00,8.0,4.0,9.0,1,3.0,1
618,2025-01-01 00:10:18+00:00,2,2025-01-01 00:10:19+00:00,9.0,2.0,4.0,0,32.0,2
619,2025-01-01 00:10:19+00:00,1,2025-01-01 00:10:20+00:00,7.0,2.0,7.0,5,29.0,1
620,2025-01-01 00:10:20+00:00,2,2025-01-01 00:10:21+00:00,6.0,5.0,1.0,10,5.0,2
621,2025-01-01 00:10:21+00:00,2,2025-01-01 00:10:22+00:00,7.0,7.0,8.0,10,34.0,2
622,2025-01-01 00:10:22+00:00,2,2025-01-01 00:10:23+00:00,10.0,8.0,10.0,9,2.0,2
623,2025-01-01 00:10:23+00:00,1,2025-01-01 00:10:24+00:00,8.0,5.0,0.0,6,31.0,1
624,2025-01-01 00:10:24+00:00,2,2025-01-01 00:10:25+00:00,4.0,4.0,3.0,0,36.0,2
625,2025-01-01 00:10:25+00:00,2,2025-01-01 00:10:26+00:00,9.0,7.0,5.0,4,22.0,2
626,2025-01-01 00:10:26+00:00,0,2025-01-01 00:10:27+00:00,1.0,7.0,0.0,2,16.0,0
627,2025-01-01 00:10:27+00:00,0,2025-01-01 00:10:28+00:00,2.0,2.0,5.0,11,27.0,0
628,2025-01-01 00:10:28+00:00,0,2025-01-01 00:10:29+00:00,2.0,10.0,3.0,7,17.0,0
629,2025-01-01 00:10:29+00:00,1,2025-01-01 00:10:30+00:00,1.0,1.0,0.0,2,9.0,1
630,2025-01-01 00:10:30+00:00,1,2025-01-01 00:10:31+00:00,4.0,7.0,1.0,12,27.0,1
631,2025-01-01 00:10:31+00:00,2,2025-01-01 00:10:32+00:00,7.0,1.0,8.0,9,11.0,2
632,2025-01-01 00:10:32+00:00,1,2025-01-01 00:10:33+00:00,1.0,0.0,6.0,6,33.0,1
633,2025-01-01 00:10:33+00:00,0,2025-01-01 00:10:34+00:00,5.0,4.0,5.0,11,26.0,0
634,2025-01-01 00:10:34+00:00,1,2025-01-01 00:10:35+00:00,7.0,5.0,5.0,4,7.0,1
635,2025-01-01 00:10:35+00:00,0,2025-01-01 00:10:36+00:00,10.0,4.0,3.0,9,24.0,0
636,2025-01-01 00:10:36+00:00,0,2025-01-01 00:10:37+00:00,1.0,8.0,9.0,5,19.0,0
637,2025-01-01 00:10:37+00:00,1,2025-01-01 00:10:38+00:00,10.0,1.0,6.0,1,30.0,1
638,2025-01-01 00:10:38+00:00,0,2025-01-01 00:10:39+00:00,3.0,6.0,7.0,10,34.0,0
639,2025-01-01 00:10:39+00:00,2,2025-01-01 00:10:40+00:00,2.0,9.0,3.0,9,0.0,2
640,2025-01-01 00:10:40+00:00,1,2025-01-01 00:10:41+00:00,2.0,3.0,0.0,8,15.0,1
641,2025-01-01 00:10:41+00:00,1,2025-01-01 00:10:42+00:00,8.0,1.0,0.0,10,22.0,1
642,2025-01-01 00:10:42+00:00,1,2025-01-01 00:10:43+00:00,0.0,10.0,0.0,5,14.0,1
643,2025-01-01 00:10:43+00:00,2,2025-01-01 00:10:44+00:00,10.0,10.0,9.0,8,13.0,2
644,2025-01-01 00:10:44+00:00,2,2025-01-01 00:10:45+00:00,5.0,2.0,7.0,1,31.0,2
645,2025-01-01 00:10:45+00:00,2,2025-01-01 00:10:46+00:00,2.0,6.0,10.0,9,12.0,2
646,2025-01-01 00:10:46+00:00,2,2025-01-01 00:10:47+00:00,6.0,6.0,0.0,1,0.0,2
647,2025-01-01 00:10:47+00:00,2,2025-01-01 00:10:48+00:00,1.0,3.0,2.0,7,36.0,2
648,2025-01-01 00:10:48+00:00,1,2025-01-01 00:10:49+00:00,1.0,8.0,6.0,2,0.0,1
649,2025-01-01 00:10:49+00:00,1,2025-01-01 00:10:50+00:00,2.0,1.0,3.0,1,18.0,1
650,2025-01-01 00:10:50+00:00,2,2025-01-01 00:10:51+00:00,9.0,2.0,10.0,6,9.0,2
651,2025-01-01 00:10:51+00:00,0,2025-01-01 00:10:52+00:00,2.0,10.0,2.0,5,9.0,0
652,2025-01-01 00:10:52+00:00,2,2025-01-01 00:10:53+00:00,1.0,5.0,2.0,2,24.0,2
653,2025-01-01 00:10:53+00:00,1,2025-01-01 00:10:54+00:00,6.0,8.0,7.0,8,34.0,1
654,2025-01-01 00:10:54+00:00,1,2025-01-01 00:10:55+00:00,3.0,5.0,0.0,3,1.0,1
655,2025-01-01 00:10:55+00:00,0,2025-01-01 00:10:56+00:00,2.0,8.0,6.0,3,13.0,0
656,2025-01-01 00:10:56+00:00,1,2025-01-01 00:10:57+00:00,10.0,9.0,1.0,7,10.0,1
657,2025-01-01 00:10:57+00:00,1,2025-01-01 00:10:58+00:00,6.0,5.0,7.0,12,0.0,1
658,2025-01-01 00:10:58+00:00,0,2025-01-01 00:10:59+00:00,3.0,6.0,2.0,4,5.0,0
659,2025-01-01 00:10:59+00:00,0,2025-01-01 00:11:00+00:00,7.0,5.0,10.0,10,25.0,0
660,2025-01-01 00:11:00+00:00,0,2025-01-01 00:11:01+00:00,0.0,3.0,4.0,2,34.0,0
661,2025-01-01 00:11:01+00:00,1,2025-01-01 00:11:02+00:00,0.0,5.0,1.0,4,0.0,1
662,2025-01-01 00:11:02+00:00,1,2025-01-01 00:11:03+00:00,6.0,8.0,1.0,8,9.0,1
663,2025-01-01 00:11:03+00:00,0,2025-01-01 00:11:04+00:00,10.0,1.0,3.0,3,9.0,0
664,2025-01-01 00:11:04+00:00,1,2025-01-01 00:11:05+00:00,4.0,5.0,9.0,6,2.0,1
665,2025-01-01 00:11:05+00:00,1,2025-01-01 00:11:06+00:00,4.0,8.0,1.0,7,6.0,1
666,2025-01-01 00:11:06+00:00,1,2025-01-01 00:11:07+00:00,7.0,4.0,7.0,10,8.0,1
667,2025-01-01 00:11:07+00:00,2,2025-01-01 00:11:08+00:00,5.0,1.0,10.0,6,32.0,2
668,2025-01-01 00:11:08+00:00,1,2025-01-01 00:11:09+00:00,2.0,1.0,4.0,6,10.0,1
669,2025-01-01 00:11:09+00:00,2,2025-01-01 00:11:10+00:00,1.0,2.0,1.0,6,27.0,2
670,2025-01-01 00:11:10+00:00,1,2025-01-01 00:11:11+00:00,0.0,8.0,2.0,7,9.0,1
671,2025-01-01 00:11:11+00:00,0,2025-01-01 00:11:12+00:00,0.0,3.0,0.0,12,27.0,0
672,2025-01-01 00:11:12+00:00,2,2025-01-01 00:11:13+00:00,2.0,0.0,1.0,6,21.0,2
673,2025-01-01 00:11:13+00:00,1,2025-01-01 00:11:14+00:00,9.0,6.0,0.0,8,12.0,1
674,2025-01-01 00:11:14+00:00,2,2025-01-01 00:11:15+00:00,2.0,7.0,5.0,1,26.0,2
675,2025-01-01 00:11:15+00:00,2,2025-01-01 00:11:16+00:00,3.0,3.0,6.0,11,34.0,2
676,2025-01-01 00:11:16+00:00,2,2025-01-01 00:11:17+00:00,4.0,4.0,8.0,1,31.0,2
677,2025-01-01 00:11:17+00:00,1,2025-01-01 00:11:18+00:00,6.0,5.0,2.0,8,10.0,1
678,2025-01-01 00:11:18+00:00,1,2025-01-01 00:11:19+00:00,10.0,0.0,9.0,6,6.0,1
679,2025-01-01 00:11:19+00:00,2,2025-01-01 00:11:20+00:00,1.0,3.0,7.0,1,22.0,2
680,2025-01-01 00:11:20+00:00,2,2025-01-01 00:11:21+00:00,10.0,4.0,4.0,12,26.0,2
681,2025-01-01 00:11:21+00:00,0,2025-01-01 00:11:22+00:00,2.0,9.0,6.0,3,35.0,0
682,2025-01-01 00:11:22+00:00,1,2025-01-01 00:11:23+00:00,5.0,8.0,2.0,6,14.0,1
683,2025-01-01 00:11:23+00:00,2,2025-01-01 00:11:24+00:00,3.0,1.0,1.0,0,27.0,2
684,2025-01-01 00:11:24+00:00,1,2025-01-01 00:11:25+00:00,10.0,10.0,5.0,2,15.0,1
685,2025-01-01 00:11:25+00:00,2,2025-01-01 00:11:26+00:00,1.0,2.0,10.0,0,6.0,2
686,2025-01-01 00:11:26+00:00,0,2025-01-01 00:11:27+00:00,0.0,6.0,1.0,7,4.0,0
687,2025-01-01 00:11:27+00:00,1,2025-01-01 00:11:28+00:00,10.0,9.0,10.0,9,2.0,1
688,2025-01-01 00:11:28+00:00,0,2025-01-01 00:11:29+00:00,8.0,0.0,8.0,8,9.0,0
689,2025-01-01 00:11:29+00:00,2,2025-01-01 00:11:30+00:00,1.0,5.0,8.0,10,18.0,2
690,2025-01-01 00:11:30+00:00,2,2025-01-01 00:11:31+00:00,1.0,9.0,9.0,4,10.0,2
691,2025-01-01 00:11:31+00:00,2,2025-01-01 00:11:32+00:00,3.0,9.0,5.0,5,4.0,2
692,2025-01-01 00:11:32+00:00,1,2025-01-01 00:11:33+00:00,1.0,2.0,5.0,6,11.0,1
693,2025-01-01 00:11:33+00:00,2,2025-01-01 00:11:34+00:00,3.0,7.0,9.0,12,20.0,2
694,2025-01-01 00:11:34+00:00,2,2025-01-01 00:11:35+00:00,5.0,5.0,3.0,3,3.0,2
695,2025-01-01 00:11:35+00:00,0,2025-01-01 00:11:36+00:00,9.0,0.0,4.0,0,36.0,0
696,2025-01-01 00:11:36+00:00,0,2025-01-01 00:11:37+00:00,5.0,5.0,6.0,1,35.0,0
697,2025-01-01 00:11:37+00:00,1,2025-01-01 00:11:38+00:00,3.0,0.0,0.0,2,6.0,1
698,2025-01-01 00:11:38+00:00,2,2025-01-01 00:11:39+00:00,4.0,0.0,1.0,0,19.0,2
699,2025-01-01 00:11:39+00:00,1,2025-01-01 00:11:40+00:00,2.0,5.0,2.0,12,26.0,1
700,2025-01-01 00:11:40+00:00,2,2025-01-01 00:11:41+00:00,4.0,1.0,5.0,8,15.0,2
701,2025-01-01 00:11:41+00:00,0,2025-01-01 00:11:42+00:00,7.0,6.0,3.0,7,6.0,0
702,2025-01-01 00:11:42+00:00,1,2025-01-01 00:11:43+00:00,2.0,3.0,5.0,6,28.0,1
703,2025-01-01 00:11:43+00:00,0,2025-01-01 00:11:44+00:00,1.0,3.0,0.0,7,11.0,0
704,2025-01-01 00:11:44+00:00,1,2025-01-01 00:11:45+00:00,2.0,6.0,8.0,6,32.0,1
705,2025-01-01 00:11:45+00:00,0,2025-01-01 00:11:46+00:00,8.0,6.0,1.0,10,3.0,0
706,2025-01-01 00:11:46+00:00,1,2025-01-01 00:11:47+00:00,3.0,9.0,6.0,6,25.0,1
707,2025-01-01 00:11:47+00:00,1,2025-01-01 00:11:48+00:00,0.0,1.0,2.0,8,30.0,1
708,2025-01-01 00:11:48+00:00,0,2025-01-01 00:11:49+00:00,6.0,5.0,0.0,2,16.0,0
709,2025-01-01 00:11:49+00:00,1,2025-01-01 00:11:50+00:00,0.0,9.0,10.0,4,14.0,1
710,2025-01-01 00:11:50+00:00,0,2025-01-01 00:11:51+00:00,8.0,4.0,10.0,7,16.0,0
711,2025-01-01 00:11:51+00:00,1,2025-01-01 00:11:52+00:00,2.0,6.0,3.0,10,9.0,1
712,2025-01-01 00:11:52+00:00,1,2025-01-01 00:11:53+00:00,4.0,10.0,10.0,8,28.0,1
713,2025-01-01 00:11:53+00:00,1,2025-01-01 00:11:54+00:00,0.0,9.0,8.0,11,21.0,1
714,2025-01-01 00:11:54+00:00,2,2025-01-01 00:11:55+00:00,10.0,2.0,7.0,10,9.0,2
715,2025-01-01 00:11:55+00:00,1,2025-01-01 00:11:56+00:00,3.0,4.0,9.0,1,3.0,1
716,2025-01-01 00:11:56+00:00,0,2025-01-01 00:11:57+00:00,4.0,2.0,3.0,6,5.0,0
717,2025-01-01 00:11:57+00:00,2,2025-01-01 00:11:58+00:00,9.0,6.0,10.0,5,8.0,2
718,2025-01-01 00:11:58+00:00,1,2025-01-01 00:11:59+00:00,6.0,6.0,1.0,2,33.0,1
719,2025-01-01 00:11:59+00:00,1,2025-01-01 00:12:00+00:00,0.0,8.0,0.0,12,26.0,1
720,2025-01-01 00:12:00+00:00,1,2025-01-01 00:12:01+00:00,6.0,2.0,6.0,10,0.0,1
721,2025-01-01 00:12:01+00:00,0,2025-01-01 00:12:02+00:00,9.0,1.0,4.0,9,30.0,0
722,2025-01-01 00:12:02+00:00,1,2025-01-01 00:12:03+00:00,8.0,7.0,2.0,3,9.0,1
723,2025-01-01 00:12:03+00:00,2,2025-01-01 00:12:04+00:00,2.0,9.0,1.0,8,6.0,2
724,2025-01-01 00:12:04+00:00,0,2025-01-01 00:12:05+00:00,3.0,8.0,4.0,9,28.0,0
725,2025-01-01 00:12:05+00:00,0,2025-01-01 00:12:06+00:00,4.0,4.0,10.0,1,31.0,0
726,2025-01-01 00:12:06+00:00,1,2025-01-01 00:12:07+00:00,1.0,9.0,6.0,0,19.0,1
727,2025-01-01 00:12:07+00:00,0,2025-01-01 00:12:08+00:00,0.0,2.0,5.0,8,32.0,0
728,2025-01-01 00:12:08+00:00,0,2025-01-01 00:12:09+00:00,2.0,4.0,10.0,4,25.0,0
729,2025-01-01 00:12:09+00:00,1,2025-01-01 00:12:10+00:00,5.0,9.0,9.0,5,25.0,1
730,2025-01-01 00:12:10+00:00,1,2025-01-01 00:12:11+00:00,1.0,2.0,6.0,12,26.0,1
731,2025-01-01 00:12:11+00:00,0,2025-01-01 00:12:12+00:00,5.0,1.0,7.0,6,8.0,0
732,2025-01-01 00:12:12+00:00,2,2025-01-01 00:12:13+00:00,8.0,3.0,1.0,9,1.0,2
733,2025-01-01 00:12:13+00:00,1,2025-01-01 00:12:14+00:00,10.0,10.0,8.0,7,12.0,1
734,2025-01-01 00:12:14+00:00,2,2025-01-01 00:12:15+00:00,1.0,9.0,1.0,2,33.0,2
735,2025-01-01 00:12:15+00:00,1,2025-01-01 00:12:16+00:00,1.0,2.0,4.0,1,34.0,1
736,2025-01-01 00:12:16+00:00,1,2025-01-01 00:12:17+00:00,4.0,10.0,0.0,0,21.0,1
737,2025-01-01 00:12:17+00:00,1,2025-01-01 00:12:18+00:00,9.0,9.0,1.0,8,30.0,1
738,2025-01-01 00:12:18+00:00,1,2025-01-01 00:12:19+00:00,0.0,0.0,0.0,12,12.0,1
739,2025-01-01 00:12:19+00:00,1,2025-01-01 00:12:20+00:00,6.0,8.0,2.0,1,28.0,1
740,2025-01-01 00:12:20+00:00,0,2025-01-01 00:12:21+00:00,9.0,0.0,3.0,6,34.0,0
741,2025-01-01 00:12:21+00:00,0,2025-01-01 00:12:22+00:00,9.0,10.0,3.0,4,8.0,0
742,2025-01-01 00:12:22+00:00,0,2025-01-01 00:12:23+00:00,7.0,4.0,5.0,12,35.0,0
743,2025-01-01 00:12:23+00:00,1,2025-01-01 00:12:24+00:00,4.0,1.0,3.0,2,33.0,1
744,2025-01-01 00:12:24+00:00,2,2025-01-01 00:12:25+00:00,1.0,0.0,7.0,0,17.0,2
745,2025-01-01 00:12:25+00:00,2,2025-01-01 00:12:26+00:00,6.0,2.0,10.0,6,34.0,2
746,2025-01-01 00:12:26+00:00,2,2025-01-01 00:12:27+00:00,5.0,9.0,6.0,6,3.0,2
747,2025-01-01 00:12:27+00:00,1,2025-01-01 00:12:28+00:00,6.0,7.0,3.0,2,0.0,1
748,2025-01-01 00:12:28+00:00,1,2025-01-01 00:12:29+00:00,4.0,10.0,4.0,12,0.0,1
749,2025-01-01 00:12:29+00:00,2,2025-01-01 00:12:30+00:00,7.0,0.0,5.0,7,35.0,2
750,2025-01-01 00:12:30+00:00,1,2025-01-01 00:12:31+00:00,4.0,4.0,7.0,2,14.0,1
751,2025-01-01 00:12:31+00:00,1,2025-01-01 00:12:32+00:00,0.0,8.0,3.0,0,16.0,1
752,2025-01-01 00:12:32+00:00,1,2025-01-01 00:12:33+00:00,8.0,7.0,1.0,8,4.0,1
753,2025-01-01 00:12:33+00:00,1,2025-01-01 00:12:34+00:00,5.0,6.0,10.0,5,30.0,1
754,2025-01-01 00:12:34+00:00,0,2025-01-01 00:12:35+00:00,8.0,8.0,9.0,11,22.0,0
755,2025-01-01 00:12:35+00:00,1,2025-01-01 00:12:36+00:00,8.0,1.0,8.0,12,3.0,1
756,2025-01-01 00:12:36+00:00,0,2025-01-01 00:12:37+00:00,5.0,3.0,7.0,5,7.0,0
757,2025-01-01 00:12:37+00:00,1,2025-01-01 00:12:38+00:00,10.0,7.0,9.0,3,28.0,1
758,2025-01-01 00:12:38+00:00,2,2025-01-01 00:12:39+00:00,4.0,5.0,5.0,1,5.0,2
759,2025-01-01 00:12:39+00:00,1,2025-01-01 00:12:40+00:00,2.0,1.0,6.0,4,35.0,1
760,2025-01-01 00:12:40+00:00,0,2025-01-01 00:12:41+00:00,5.0,2.0,6.0,11,35.0,0
761,2025-01-01 00:12:41+00:00,1,2025-01-01 00:12:42+00:00,6.0,10.0,7.0,11,27.0,1
762,2025-01-01 00:12:42+00:00,2,2025-01-01 00:12:43+00:00,9.0,9.0,5.0,10,29.0,2
763,2025-01-01 00:12:43+00:00,2,2025-01-01 00:12:44+00:00,0.0,9.0,8.0,8,32.0,2
764,2025-01-01 00:12:44+00:00,0,2025-01-01 00:12:45+00:00,1.0,5.0,4.0,2,7.0,0
765,2025-01-01 00:12:45+00:00,2,2025-01-01 00:12:46+00:00,1.0,3.0,8.0,8,10.0,2
766,2025-01-01 00:12:46+00:00,0,2025-01-01 00:12:47+00:00,9.0,6.0,7.0,8,8.0,0
767,2025-01-01 00:12:47+00:00,0,2025-01-01 00:12:48+00:00,4.0,10.0,1.0,5,5.0,0
768,2025-01-01 00:12:48+00:00,1,2025-01-01 00:12:49+00:00,0.0,6.0,1.0,11,33.0,1
769,2025-01-01 00:12:49+00:00,1,2025-01-01 00:12:50+00:00,7.0,2.0,7.0,4,8.0,1
770,2025-01-01 00:12:50+00:00,2,2025-01-01 00:12:51+00:00,2.0,0.0,6.0,11,16.0,2
771,2025-01-01 00:12:51+00:00,1,2025-01-01 00:12:52+00:00,7.0,10.0,6.0,9,22.0,1
772,2025-01-01 00:12:52+00:00,2,2025-01-01 00:12:53+00:00,3.0,10.0,6.0,1,11.0,2
773,2025-01-01 00:12:53+00:00,0,2025-01-01 00:12:54+00:00,0.0,4.0,4.0,8,13.0,0
774,2025-01-01 00:12:54+00:00,1,2025-01-01 00:12:55+00:00,0.0,4.0,7.0,11,14.0,1
775,2025-01-01 00:12:55+00:00,1,2025-01-01 00:12:56+00:00,2.0,9.0,8.0,0,1.0,1
776,2025-01-01 00:12:56+00:00,2,2025-01-01 00:12:57+00:00,5.0,8.0,3.0,2,34.0,2
777,2025-01-01 00:12:57+00:00,1,2025-01-01 00:12:58+00:00,0.0,0.0,8.0,1,32.0,1
778,2025-01-01 00:12:58+00:00,1,2025-01-01 00:12:59+00:00,6.0,10.0,6.0,2,17.0,1
779,2025-01-01 00:12:59+00:00,1,2025-01-01 00:13:00+00:00,9.0,6.0,3.0,9,19.0,1
780,2025-01-01 00:13:00+00:00,1,2025-01-01 00:13:01+00:00,4.0,6.0,1.0,3,26.0,1
781,2025-01-01 00:13:01+00:00,1,2025-01-01 00:13:02+00:00,8.0,1.0,7.0,3,36.0,1
782,2025-01-01 00:13:02+00:00,0,2025-01-01 00:13:03+00:00,8.0,2.0,3.0,7,15.0,0
783,2025-01-01 00:13:03+00:00,2,2025-01-01 00:13:04+00:00,6.0,4.0,5.0,2,2.0,2
784,2025-01-01 00:13:04+00:00,1,2025-01-01 00:13:05+00:00,10.0,3.0,5.0,7,30.0,1
785,2025-01-01 00:13:05+00:00,2,2025-01-01 00:13:06+00:00,2.0,8.0,1.0,2,12.0,2
786,2025-01-01 00:13:06+00:00,1,2025-01-01 00:13:07+00:00,0.0,4.0,1.0,6,18.0,1
787,2025-01-01 00:13:07+00:00,1,2025-01-01 00:13:08+00:00,9.0,5.0,8.0,9,16.0,1
788,2025-01-01 00:13:08+00:00,2,2025-01-01 00:13:09+00:00,5.0,6.0,2.0,2,30.0,2
789,2025-01-01 00:13:09+00:00,1,2025-01-01 00:13:10+00:00,5.0,10.0,8.0,3,22.0,1
790,2025-01-01 00:13:10+00:00,2,2025-01-01 00:13:11+00:00,8.0,8.0,10.0,10,12.0,2
791,2025-01-01 00:13:11+00:00,1,2025-01-01 00:13:12+00:00,9.0,9.0,9.0,4,30.0,1
792,2025-01-01 00:13:12+00:00,0,2025-01-01 00:13:13+00:00,0.0,5.0,1.0,0,8.0,0
793,2025-01-01 00:13:13+00:00,1,2025-01-01 00:13:14+00:00,6.0,7.0,5.0,4,33.0,1
794,2025-01-01 00:13:14+00:00,2,2025-01-01 00:13:15+00:00,8.0,7.0,7.0,11,16.0,2
795,2025-01-01 00:13:15+00:00,0,2025-01-01 00:13:16+00:00,3.0,9.0,8.0,3,24.0,0
796,2025-01-01 00:13:16+00:00,1,2025-01-01 00:13:17+00:00,4.0,8.0,0.0,9,17.0,1
797,2025-01-01 00:13:17+00:00,2,2025-01-01 00:13:18+00:00,2.0,7.0,10.0,12,34.0,2
798,2025-01-01 00:13:18+00:00,1,2025-01-01 00:13:19+00:00,1.0,8.0,4.0,3,1.0,1
799,2025-01-01 00:13:19+00:00,2,2025-01-01 00:13:20+00:00,6.0,10.0,10.0,0,4.0,2
800,2025-01-01 00:13:20+00:00,0,2025-01-01 00:13:21+00:00,2.0,10.0,0.0,4,17.0,0
801,2025-01-01 00:13:21+00:00,0,2025-01-01 00:13:22+00:00,1.0,2.0,5.0,9,1.0,0
802,2025-01-01 00:13:22+00:00,2,2025-01-01 00:13:23+00:00,4.0,0.0,6.0,11,18.0,2
803,2025-01-01 00:13:23+00:00,0,2025-01-01 00:13:24+00:00,1.0,7.0,5.0,9,23.0,0
804,2025-01-01 00:13:24+00:00,0,2025-01-01 00:13:25+00:00,5.0,10.0,10.0,12,18.0,0
805,2025-01-01 00:13:25+00:00,2,2025-01-01 00:13:26+00:00,3.0,7.0,4.0,0,7.0,2
806,2025-01-01 00:13:26+00:00,1,2025-01-01 00:13:27+00:00,1.0,10.0,5.0,0,10.0,1
807,2025-01-01 00:13:27+00:00,1,2025-01-01 00:13:28+00:00,6.0,7.0,3.0,4,23.0,1
808,2025-01-01 00:13:28+00:00,2,2025-01-01 00:13:29+00:00,4.0,9.0,6.0,9,1.0,2
809,2025-01-01 00:13:29+00:00,2,2025-01-01 00:13:30+00:00,10.0,5.0,0.0,1,19.0,2
810,2025-01-01 00:13:30+00:00,2,2025-01-01 00:13:31+00:00,2.0,3.0,3.0,6,5.0,2
811,2025-01-01 00:13:31+00:00,1,2025-01-01 00:13:32+00:00,8.0,10.0,6.0,11,13.0,1
812,2025-01-01 00:13:32+00:00,2,2025-01-01 00:13:33+00:00,6.0,5.0,4.0,10,27.0,2
813,2025-01-01 00:13:33+00:00,2,2025-01-01 00:13:34+00:00,5.0,5.0,5.0,8,0.0,2
814,2025-01-01 00:13:34+00:00,0,2025-01-01 00:13:35+00:00,1.0,5.0,6.0,10,11.0,0
815,2025-01-01 00:13:35+00:00,0,2025-01-01 00:13:36+00:00,7.0,1.0,5.0,10,6.0,0
816,2025-01-01 00:13:36+00:00,1,2025-01-01 00:13:37+00:00,6.0,0.0,4.0,6,16.0,1
817,2025-01-01 00:13:37+00:00,2,2025-01-01 00:13:38+00:00,2.0,6.0,8.0,12,24.0,2
818,2025-01-01 00:13:38+00:00,0,2025-01-01 00:13:39+00:00,4.0,0.0,1.0,7,29.0,0
819,2025-01-01 00:13:39+00:00,1,2025-01-01 00:13:40+00:00,4.0,5.0,6.0,0,28.0,1
820,2025-01-01 00:13:40+00:00,0,2025-01-01 00:13:41+00:00,8.0,1.0,2.0,11,9.0,0
821,2025-01-01 00:13:41+00:00,1,2025-01-01 00:13:42+00:00,1.0,5.0,5.0,0,9.0,1
822,2025-01-01 00:13:42+00:00,1,2025-01-01 00:13:43+00:00,2.0,4.0,10.0,11,5.0,1
823,2025-01-01 00:13:43+00:00,1,2025-01-01 00:13:44+00:00,9.0,7.0,3.0,12,27.0,1
824,2025-01-01 00:13:44+00:00,2,2025-01-01 00:13:45+00:00,0.0,6.0,3.0,0,26.0,2
825,2025-01-01 00:13:45+00:00,1,2025-01-01 00:13:46+00:00,3.0,1.0,9.0,4,29.0,1
826,2025-01-01 00:13:46+00:00,2,2025-01-01 00:13:47+00:00,7.0,2.0,7.0,11,31.0,2
827,2025-01-01 00:13:47+00:00,0,2025-01-01 00:13:48+00:00,1.0,3.0,8.0,5,19.0,0
828,2025-01-01 00:13:48+00:00,1,2025-01-01 00:13:49+00:00,6.0,8.0,2.0,6,7.0,1
829,2025-01-01 00:13:49+00:00,0,2025-01-01 00:13:50+00:00,3.0,6.0,9.0,4,20.0,0
830,2025-01-01 00:13:50+00:00,1,2025-01-01 00:13:51+00:00,6.0,7.0,7.0,4,28.0,1
831,2025-01-01 00:13:51+00:00,2,2025-01-01 00:13:52+00:00,6.0,3.0,10.0,0,14.0,2
832,2025-01-01 00:13:52+00:00,2,2025-01-01 00:13:53+00:00,9.0,10.0,7.0,10,5.0,2
833,2025-01-01 00:13:53+00:00,1,2025-01-01 00:13:54+00:00,2.0,7.0,3.0,5,8.0,1
834,2025-01-01 00:13:54+00:00,1,2025-01-01 00:13:55+00:00,8.0,10.0,1.0,12,21.0,1
835,2025-01-01 00:13:55+00:00,2,2025-01-01 00:13:56+00:00,6.0,4.0,8.0,1,34.0,2
836,2025-01-01 00:13:56+00:00,1,2025-01-01 00:13:57+00:00,1.0,1.0,2.0,4,7.0,1
837,2025-01-01 00:13:57+00:00,1,2025-01-01 00:13:58+00:00,4.0,5.0,4.0,11,28.0,1
838,2025-01-01 00:13:58+00:00,1,2025-01-01 00:13:59+00:00,3.0,5.0,9.0,5,18.0,1
839,2025-01-01 00:13:59+00:00,1,2025-01-01 00:14:00+00:00,9.0,4.0,6.0,4,14.0,1
840,2025-01-01 00:14:00+00:00,1,2025-01-01 00:14:01+00:00,9.0,2.0,5.0,10,9.0,1
841,2025-01-01 00:14:01+00:00,2,2025-01-01 00:14:02+00:00,7.0,6.0,0.0,10,4.0,2
842,2025-01-01 00:14:02+00:00,2,2025-01-01 00:14:03+00:00,7.0,7.0,9.0,10,0.0,2
843,2025-01-01 00:14:03+00:00,1,2025-01-01 00:14:04+00:00,10.0,1.0,5.0,8,4.0,1
844,2025-01-01 00:14:04+00:00,0,2025-01-01 00:14:05+00:00,4.0,2.0,10.0,3,14.0,0
845,2025-01-01 00:14:05+00:00,1,2025-01-01 00:14:06+00:00,8.0,4.0,0.0,3,14.0,1
846,2025-01-01 00:14:06+00:00,0,2025-01-01 00:14:07+00:00,1.0,8.0,9.0,3,31.0,0
847,2025-01-01 00:14:07+00:00,1,2025-01-01 00:14:08+00:00,4.0,6.0,9.0,4,31.0,1
848,2025-01-01 00:14:08+00:00,1,2025-01-01 00:14:09+00:00,10.0,8.0,8.0,4,28.0,1
849,2025-01-01 00:14:09+00:00,1,2025-01-01 00:14:10+00:00,10.0,4.0,1.0,7,21.0,1
850,2025-01-01 00:14:10+00:00,1,2025-01-01 00:14:11+00:00,10.0,4.0,9.0,3,36.0,1
851,2025-01-01 00:14:11+00:00,2,2025-01-01 00:14:12+00:00,4.0,3.0,4.0,7,19.0,2
852,2025-01-01 00:14:12+00:00,1,2025-01-01 00:14:13+00:00,0.0,6.0,0.0,6,22.0,1
853,2025-01-01 00:14:13+00:00,0,2025-01-01 00:14:14+00:00,5.0,0.0,5.0,6,24.0,0
854,2025-01-01 00:14:14+00:00,1,2025-01-01 00:14:15+00:00,2.0,5.0,7.0,11,30.0,1
855,2025-01-01 00:14:15+00:00,1,2025-01-01 00:14:16+00:00,10.0,5.0,4.0,8,23.0,1
856,2025-01-01 00:14:16+00:00,0,2025-01-01 00:14:17+00:00,9.0,3.0,8.0,1,28.0,0
857,2025-01-01 00:14:17+00:00,1,2025-01-01 00:14:18+00:00,5.0,7.0,3.0,2,20.0,1
858,2025-01-01 00:14:18+00:00,2,2025-01-01 00:14:19+00:00,6.0,6.0,7.0,12,3.0,2
859,2025-01-01 00:14:19+00:00,1,2025-01-01 00:14:20+00:00,9.0,5.0,10.0,1,4.0,1
860,2025-01-01 00:14:20+00:00,2,2025-01-01 00:14:21+00:00,10.0,6.0,4.0,7,28.0,2
861,2025-01-01 00:14:21+00:00,1,2025-01-01 00:14:22+00:00,0.0,9.0,6.0,0,0.0,1
862,2025-01-01 00:14:22+00:00,2,2025-01-01 00:14:23+00:00,9.0,2.0,3.0,12,9.0,2
863,2025-01-01 00:14:23+00:00,2,2025-01-01 00:14:24+00:00,5.0,5.0,3.0,10,13.0,2
864,2025-01-01 00:14:24+00:00,0,2025-01-01 00:14:25+00:00,3.0,6.0,0.0,7,28.0,0
865,2025-01-01 00:14:25+00:00,0,2025-01-01 00:14:26+00:00,3.0,1.0,7.0,11,22.0,0
866,2025-01-01 00:14:26+00:00,1,2025-01-01 00:14:27+00:00,0.0,6.0,6.0,6,6.0,1
867,2025-01-01 00:14:27+00:00,2,2025-01-01 00:14:28+00:00,7.0,0.0,4.0,11,20.0,2
868,2025-01-01 00:14:28+00:00,2,2025-01-01 00:14:29+00:00,9.0,6.0,2.0,6,11.0,2
869,2025-01-01 00:14:29+00:00,2,2025-01-01 00:14:30+00:00,7.0,3.0,4.0,6,23.0,2
870,2025-01-01 00:14:30+00:00,2,2025-01-01 00:14:31+00:00,9.0,8.0,2.0,2,6.0,2
871,2025-01-01 00:14:31+00:00,0,2025-01-01 00:14:32+00:00,9.0,10.0,0.0,4,30.0,0
872,2025-01-01 00:14:32+00:00,1,2025-01-01 00:14:33+00:00,2.0,3.0,8.0,2,9.0,1
873,2025-01-01 00:14:33+00:00,1,2025-01-01 00:14:34+00:00,2.0,10.0,4.0,5,29.0,1
874,2025-01-01 00:14:34+00:00,0,2025-01-01 00:14:35+00:00,6.0,10.0,0.0,12,12.0,0
875,2025-01-01 00:14:35+00:00,1,2025-01-01 00:14:36+00:00,3.0,7.0,9.0,4,34.0,1
876,2025-01-01 00:14:36+00:00,1,2025-01-01 00:14:37+00:00,10.0,1.0,10.0,5,33.0,1
877,2025-01-01 00:14:37+00:00,2,2025-01-01 00:14:38+00:00,5.0,4.0,7.0,6,35.0,2
878,2025-01-01 00:14:38+00:00,2,2025-01-01 00:14:39+00:00,8.0,5.0,8.0,3,33.0,2
879,2025-01-01 00:14:39+00:00,2,2025-01-01 00:14:40+00:00,4.0,0.0,6.0,4,24.0,2
880,2025-01-01 00:14:40+00:00,1,2025-01-01 00:14:41+00:00,6.0,2.0,2.0,7,10.0,1
881,2025-01-01 00:14:41+00:00,0,2025-01-01 00:14:42+00:00,6.0,1.0,9.0,10,9.0,0
882,2025-01-01 00:14:42+00:00,0,2025-01-01 00:14:43+00:00,3.0,10.0,7.0,4,7.0,0
883,2025-01-01 00:14:43+00:00,2,2025-01-01 00:14:44+00:00,4.0,1.0,10.0,7,27.0,2
884,2025-01-01 00:14:44+00:00,1,2025-01-01 00:14:45+00:00,9.0,9.0,5.0,3,31.0,1
885,2025-01-01 00:14:45+00:00,1,2025-01-01 00:14:46+00:00,10.0,4.0,5.0,1,0.0,1
886,2025-01-01 00:14:46+00:00,1,2025-01-01 00:14:47+00:00,9.0,8.0,10.0,6,2.0,1
887,2025-01-01 00:14:47+00:00,0,2025-01-01 00:14:48+00:00,6.0,0.0,5.0,10,28.0,0
888,2025-01-01 00:14:48+00:00,1,2025-01-01 00:14:49+00:00,9.0,2.0,0.0,10,21.0,1
889,2025-01-01 00:14:49+00:00,2,2025-01-01 00:14:50+00:00,3.0,4.0,7.0,12,3.0,2
890,2025-01-01 00:14:50+00:00,2,2025-01-01 00:14:51+00:00,5.0,2.0,7.0,1,21.0,2
891,2025-01-01 00:14:51+00:00,1,2025-01-01 00:14:52+00:00,5.0,9.0,7.0,10,11.0,1
892,2025-01-01 00:14:52+00:00,1,2025-01-01 00:14:53+00:00,0.0,1.0,3.0,9,19.0,1
893,2025-01-01 00:14:53+00:00,1,2025-01-01 00:14:54+00:00,9.0,10.0,6.0,4,9.0,1
894,2025-01-01 00:14:54+00:00,0,2025-01-01 00:14:55+00:00,3.0,7.0,0.0,3,35.0,0
895,2025-01-01 00:14:55+00:00,2,2025-01-01 00:14:56+00:00,0.0,4.0,3.0,0,30.0,2
896,2025-01-01 00:14:56+00:00,1,2025-01-01 00:14:57+00:00,6.0,5.0,5.0,3,20.0,1
897,2025-01-01 00:14:57+00:00,2,2025-01-01 00:14:58+00:00,1.0,9.0,3.0,11,22.0,2
898,2025-01-01 00:14:58+00:00,1,2025-01-01 00:14:59+00:00,9.0,6.0,1.0,2,1.0,1
899,2025-01-01 00:14:59+00:00,1,2025-01-01 00:15:00+00:00,4.0,9.0,4.0,11,1.0,1
900,2025-01-01 00:15:00+00:00,1,2025-01-01 00:15:01+00:00,3.0,9.0,8.0,6,9.0,1
901,2025-01-01 00:15:01+00:00,0,2025-01-01 00:15:02+00:00,9.0,1.0,8.0,6,10.0,0
902,2025-01-01 00:15:02+00:00,2,2025-01-01 00:15:03+00:00,5.0,1.0,1.0,6,36.0,2
903,2025-01-01 00:15:03+00:00,1,2025-01-01 00:15:04+00:00,2.0,6.0,4.0,7,5.0,1
904,2025-01-01 00:15:04+00:00,1,2025-01-01 00:15:05+00:00,9.0,0.0,8.0,0,23.0,1
905,2025-01-01 00:15:05+00:00,0,2025-01-01 00:15:06+00:00,2.0,3.0,10.0,9,31.0,0
906,2025-01-01 00:15:06+00:00,1,2025-01-01 00:15:07+00:00,7.0,0.0,9.0,0,34.0,1
907,2025-01-01 00:15:07+00:00,2,2025-01-01 00:15:08+00:00,7.0,10.0,8.0,6,28.0,2
908,2025-01-01 00:15:08+00:00,1,2025-01-01 00:15:09+00:00,0.0,7.0,10.0,11,6.0,1
909,2025-01-01 00:15:09+00:00,1,2025-01-01 00:15:10+00:00,4.0,5.0,2.0,7,12.0,1
910,2025-01-01 00:15:10+00:00,1,2025-01-01 00:15:11+00:00,10.0,0.0,8.0,0,12.0,1
911,2025-01-01 00:15:11+00:00,1,2025-01-01 00:15:12+00:00,4.0,6.0,3.0,5,34.0,1
912,2025-01-01 00:15:12+00:00,1,2025-01-01 00:15:13+00:00,1.0,7.0,2.0,3,20.0,1
913,2025-01-01 00:15:13+00:00,0,2025-01-01 00:15:14+00:00,0.0,3.0,10.0,5,11.0,0
914,2025-01-01 00:15:14+00:00,1,2025-01-01 00:15:15+00:00,10.0,4.0,6.0,11,0.0,1
915,2025-01-01 00:15:15+00:00,1,2025-01-01 00:15:16+00:00,7.0,2.0,10.0,11,14.0,1
916,2025-01-01 00:15:16+00:00,2,2025-01-01 00:15:17+00:00,9.0,4.0,1.0,12,7.0,2
917,2025-01-01 00:15:17+00:00,1,2025-01-01 00:15:18+00:00,7.0,1.0,1.0,3,2.0,1
918,2025-01-01 00:15:18+00:00,1,2025-01-01 00:15:19+00:00,9.0,0.0,10.0,8,12.0,1
919,2025-01-01 00:15:19+00:00,1,2025-01-01 00:15:20+00:00,10.0,0.0,6.0,6,9.0,1
920,2025-01-01 00:15:20+00:00,0,2025-01-01 00:15:21+00:00,8.0,5.0,0.0,1,4.0,0
921,2025-01-01 00:15:21+00:00,0,2025-01-01 00:15:22+00:00,9.0,0.0,6.0,12,36.0,0
922,2025-01-01 00:15:22+00:00,0,2025-01-01 00:15:23+00:00,3.0,10.0,7.0,9,16.0,0
923,2025-01-01 00:15:23+00:00,2,2025-01-01 00:15:24+00:00,4.0,2.0,5.0,11,1.0,2
924,2025-01-01 00:15:24+00:00,2,2025-01-01 00:15:25+00:00,6.0,6.0,6.0,7,28.0,2
925,2025-01-01 00:15:25+00:00,0,2025-01-01 00:15:26+00:00,9.0,3.0,10.0,12,23.0,0
926,2025-01-01 00:15:26+00:00,1,2025-01-01 00:15:27+00:00,8.0,10.0,7.0,4,26.0,1
927,2025-01-01 00:15:27+00:00,2,2025-01-01 00:15:28+00:00,6.0,9.0,10.0,2,17.0,2
928,2025-01-01 00:15:28+00:00,1,2025-01-01 00:15:29+00:00,7.0,3.0,2.0,12,31.0,1
929,2025-01-01 00:15:29+00:00,1,2025-01-01 00:15:30+00:00,0.0,0.0,5.0,1,20.0,1
930,2025-01-01 00:15:30+00:00,0,2025-01-01 00:15:31+00:00,5.0,2.0,4.0,4,6.0,0
931,2025-01-01 00:15:31+00:00,0,2025-01-01 00:15:32+00:00,1.0,10.0,2.0,7,6.0,0
932,2025-01-01 00:15:32+00:00,2,2025-01-01 00:15:33+00:00,0.0,7.0,10.0,9,22.0,2
933,2025-01-01 00:15:33+00:00,2,2025-01-01 00:15:34+00:00,1.0,5.0,9.0,12,31.0,2
934,2025-01-01 00:15:34+00:00,1,2025-01-01 00:15:35+00:00,5.0,2.0,0.0,10,15.0,1
935,2025-01-01 00:15:35+00:00,1,2025-01-01 00:15:36+00:00,8.0,0.0,2.0,9,0.0,1
936,2025-01-01 00:15:36+00:00,1,2025-01-01 00:15:37+00:00,5.0,8.0,6.0,6,21.0,1
937,2025-01-01 00:15:37+00:00,1,2025-01-01 00:15:38+00:00,0.0,2.0,1.0,3,4.0,1
938,2025-01-01 00:15:38+00:00,2,2025-01-01 00:15:39+00:00,2.0,9.0,10.0,7,21.0,2
939,2025-01-01 00:15:39+00:00,2,2025-01-01 00:15:40+00:00,0.0,1.0,6.0,5,33.0,2
940,2025-01-01 00:15:40+00:00,0,2025-01-01 00:15:41+00:00,1.0,2.0,3.0,4,9.0,0
941,2025-01-01 00:15:41+00:00,0,2025-01-01 00:15:42+00:00,10.0,9.0,4.0,9,26.0,0
942,2025-01-01 00:15:42+00:00,2,2025-01-01 00:15:43+00:00,2.0,1.0,0.0,1,31.0,2
943,2025-01-01 00:15:43+00:00,1,2025-01-01 00:15:44+00:00,5.0,7.0,5.0,11,30.0,1
944,2025-01-01 00:15:44+00:00,2,2025-01-01 00:15:45+00:00,5.0,6.0,7.0,7,20.0,2
945,2025-01-01 00:15:45+00:00,0,2025-01-01 00:15:46+00:00,5.0,6.0,10.0,2,25.0,0
946,2025-01-01 00:15:46+00:00,0,2025-01-01 00:15:47+00:00,6.0,7.0,2.0,4,21.0,0
947,2025-01-01 00:15:47+00:00,2,2025-01-01 00:15:48+00:00,6.0,6.0,2.0,7,3.0,2
948,2025-01-01 00:15:48+00:00,1,2025-01-01 00:15:49+00:00,6.0,7.0,0.0,4,10.0,1
949,2025-01-01 00:15:49+00:00,0,2025-01-01 00:15:50+00:00,2.0,5.0,9.0,7,4.0,0
950,2025-01-01 00:15:50+00:00,2,2025-01-01 00:15:51+00:00,3.0,2.0,5.0,12,36.0,2
951,2025-01-01 00:15:51+00:00,1,2025-01-01 00:15:52+00:00,2.0,9.0,5.0,1,33.0,1
952,2025-01-01 00:15:52+00:00,2,2025-01-01 00:15:53+00:00,2.0,5.0,0.0,7,15.0,2
953,2025-01-01 00:15:53+00:00,0,2025-01-01 00:15:54+00:00,10.0,3.0,9.0,9,7.0,0
954,2025-01-01 00:15:54+00:00,1,2025-01-01 00:15:55+00:00,4.0,3.0,2.0,4,1.0,1
955,2025-01-01 00:15:55+00:00,1,2025-01-01 00:15:56+00:00,1.0,4.0,7.0,4,12.0,1
956,2025-01-01 00:15:56+00:00,2,2025-01-01 00:15:57+00:00,6.0,8.0,0.0,10,27.0,2
957,2025-01-01 00:15:57+00:00,0,2025-01-01 00:15:58+00:00,2.0,7.0,1.0,1,8.0,0
958,2025-01-01 00:15:58+00:00,0,2025-01-01 00:15:59+00:00,8.0,6.0,10.0,12,25.0,0
959,2025-01-01 00:15:59+00:00,1,2025-01-01 00:16:00+00:00,10.0,10.0,8.0,0,3.0,1
960,2025-01-01 00:16:00+00:00,1,2025-01-01 00:16:01+00:00,8.0,4.0,7.0,0,26.0,1
961,2025-01-01 00:16:01+00:00,2,2025-01-01 00:16:02+00:00,3.0,2.0,8.0,0,18.0,2
962,2025-01-01 00:16:02+00:00,2,2025-01-01 00:16:03+00:00,6.0,1.0,10.0,4,28.0,2
963,2025-01-01 00:16:03+00:00,2,2025-01-01 00:16:04+00:00,1.0,3.0,3.0,12,36.0,2
964,2025-01-01 00:16:04+00:00,2,2025-01-01 00:16:05+00:00,9.0,4.0,3.0,8,1.0,2
965,2025-01-01 00:16:05+00:00,1,2025-01-01 00:16:06+00:00,6.0,9.0,2.0,7,30.0,1
966,2025-01-01 00:16:06+00:00,2,2025-01-01 00:16:07+00:00,0.0,4.0,0.0,4,28.0,2
967,2025-01-01 00:16:07+00:00,1,2025-01-01 00:16:08+00:00,10.0,0.0,4.0,12,2.0,1
968,2025-01-01 00:16:08+00:00,0,2025-01-01 00:16:09+00:00,0.0,9.0,7.0,1,9.0,0
969,2025-01-01 00:16:09+00:00,2,2025-01-01 00:16:10+00:00,4.0,4.0,7.0,3,17.0,2
970,2025-01-01 00:16:10+00:00,2,2025-01-01 00:16:11+00:00,3.0,0.0,4.0,5,5.0,2
971,2025-01-01 00:16:11+00:00,1,2025-01-01 00:16:12+00:00,10.0,5.0,6.0,2,25.0,1
972,2025-01-01 00:16:12+00:00,2,2025-01-01 00:16:13+00:00,2.0,5.0,5.0,10,29.0,2
973,2025-01-01 00:16:13+00:00,1,2025-01-01 00:16:14+00:00,9.0,2.0,3.0,11,25.0,1
974,2025-01-01 00:16:14+00:00,1,2025-01-01 00:16:15+00:00,8.0,10.0,2.0,11,14.0,1
975,2025-01-01 00:16:15+00:00,2,2025-01-01 00:16:16+00:00,9.0,5.0,6.0,11,6.0,2
976,2025-01-01 00:16:16+00:00,0,2025-01-01 00:16:17+00:00,1.0,4.0,3.0,12,25.0,0
977,2025-01-01 00:16:17+00:00,0,2025-01-01 00:16:18+00:00,2.0,10.0,1.0,1,16.0,0
978,2025-01-01 00:16:18+00:00,0,2025-01-01 00:16:19+00:00,3.0,4.0,6.0,9,30.0,0
979,2025-01-01 00:16:19+00:00,1,2025-01-01 00:16:20+00:00,8.0,1.0,6.0,11,22.0,1
980,2025-01-01 00:16:20+00:00,0,2025-01-01 00:16:21+00:00,10.0,1.0,7.0,6,21.0,0
981,2025-01-01 00:16:21+00:00,2,2025-01-01 00:16:22+00:00,0.0,10.0,2.0,9,1.0,2
982,2025-01-01 00:16:22+00:00,1,2025-01-01 00:16:23+00:00,9.0,1.0,8.0,7,11.0,1
983,2025-01-01 00:16:23+00:00,1,2025-01-01 00:16:24+00:00,7.0,3.0,0.0,6,11.0,1
984,2025-01-01 00:16:24+00:00,1,2025-01-01 00:16:25+00:00,1.0,2.0,2.0,2,36.0,1
985,2025-01-01 00:16:25+00:00,2,2025-01-01 00:16:26+00:00,7.0,0.0,4.0,6,35.0,2
986,2025-01-01 00:16:26+00:00,2,2025-01-01 00:16:27+00:00,1.0,0.0,2.0,1,36.0,2
987,2025-01-01 00:16:27+00:00,1,2025-01-01 00:16:28+00:00,8.0,0.0,3.0,3,9.0,1
988,2025-01-01 00:16:28+00:00,0,2025-01-01 00:16:29+00:00,2.0,5.0,3.0,7,13.0,0
989,2025-01-01 00:16:29+00:00,0,2025-01-01 00:16:30+00:00,8.0,1.0,9.0,2,15.0,0
990,2025-01-01 00:16:30+00:00,1,2025-01-01 00:16:31+00:00,5.0,6.0,0.0,3,23.0,1
991,2025-01-01 00:16:31+00:00,1,2025-01-01 00:16:32+00:00,9.0,8.0,4.0,7,4.0,1
992,2025-01-01 00:16:32+00:00,1,2025-01-01 00:16:33+00:00,8.0,9.0,5.0,4,30.0,1
993,2025-01-01 00:16:33+00:00,1,2025-01-01 00:16:34+00:00,7.0,5.0,8.0,8,4.0,1
994,2025-01-01 00:16:34+00:00,1,2025-01-01 00:16:35+00:00,5.0,4.0,3.0,5,33.0,1
995,2025-01-01 00:16:35+00:00,0,2025-01-01 00:16:36+00:00,10.0,10.0,5.0,11,34.0,0
996,2025-01-01 00:16:36+00:00,0,2025-01-01 00:16:37+00:00,9.0,10.0,5.0,2,31.0,0
997,2025-01-01 00:16:37+00:00,1,2025-01-01 00:16:38+00:00,1.0,6.0,8.0,6,0.0,1
998,2025-01-01 00:16:38+00:00,1,2025-01-01 00:16:39+00:00,4.0,0.0,6.0,10,31.0,1
999,2025-01-01 00:16:39+00:00,2,2025-01-01 00:16:40+00:00,8.0,8.0,4.0,2,6.0,2
1000,2025-01-01 00:16:40+00:00,0,2025-01-01 00:16:41+00:00,3.0,3.0,9.0,9,36.0,0
1001,2025-01-01 00:16:41+00:00,2,2025-01-01 00:16:42+00:00,1.0,9.0,9.0,4,31.0,2
1002,2025-01-01 00:16:42+00:00,2,2025-01-01 00:16:43+00:00,10.0,4.0,6.0,9,24.0,2
1003,2025-01-01 00:16:43+00:00,1,2025-01-01 00:16:44+00:00,8.0,4.0,3.0,10,31.0,1
1004,2025-01-01 00:16:44+00:00,1,2025-01-01 00:16:45+00:00,6.0,3.0,3.0,5,22.0,1
1005,2025-01-01 00:16:45+00:00,1,2025-01-01 00:16:46+00:00,7.0,0.0,6.0,9,22.0,1
1006,2025-01-01 00:16:46+00:00,1,2025-01-01 00:16:47+00:00,5.0,4.0,7.0,2,10.0,1
1007,2025-01-01 00:16:47+00:00,0,2025-01-01 00:16:48+00:00,1.0,2.0,1.0,9,35.0,0
1008,2025-01-01 00:16:48+00:00,1,2025-01-01 00:16:49+00:00,4.0,2.0,8.0,1,14.0,1
1009,2025-01-01 00:16:49+00:00,1,2025-01-01 00:16:50+00:00,1.0,4.0,2.0,8,7.0,1
1010,2025-01-01 00:16:50+00:00,1,2025-01-01 00:16:51+00:00,6.0,2.0,2.0,0,30.0,1
1011,2025-01-01 00:16:51+00:00,1,2025-01-01 00:16:52+00:00,1.0,3.0,2.0,10,2.0,1
1012,2025-01-01 00:16:52+00:00,1,2025-01-01 00:16:53+00:00,10.0,8.0,5.0,12,36.0,1
1013,2025-01-01 00:16:53+00:00,1,2025-01-01 00:16:54+00:00,1.0,9.0,5.0,4,7.0,1
1014,2025-01-01 00:16:54+00:00,1,2025-01-01 00:16:55+00:00,7.0,9.0,2.0,10,19.0,1
1015,2025-01-01 00:16:55+00:00,1,2025-01-01 00:16:56+00:00,3.0,7.0,2.0,6,3.0,1
1016,2025-01-01 00:16:56+00:00,0,2025-01-01 00:16:57+00:00,9.0,4.0,5.0,8,35.0,0
1017,2025-01-01 00:16:57+00:00,0,2025-01-01 00:16:58+00:00,1.0,2.0,8.0,4,3.0,0
1018,2025-01-01 00:16:58+00:00,1,2025-01-01 00:16:59+00:00,7.0,7.0,6.0,12,32.0,1
1019,2025-01-01 00:16:59+00:00,0,2025-01-01 00:17:00+00:00,2.0,2.0,3.0,1,24.0,0
1020,2025-01-01 00:17:00+00:00,1,2025-01-01 00:17:01+00:00,0.0,1.0,2.0,0,16.0,1
1021,2025-01-01 00:17:01+00:00,0,2025-01-01 00:17:02+00:00,5.0,9.0,5.0,7,16.0,0
1022,2025-01-01 00:17:02+00:00,1,2025-01-01 00:17:03+00:00,9.0,3.0,3.0,0,27.0,1
1023,2025-01-01 00:17:03+00:00,2,2025-01-01 00:17:04+00:00,1.0,2.0,8.0,3,14.0,2
1024,2025-01-01 00:17:04+00:00,1,2025-01-01 00:17:05+00:00,1.0,3.0,2.0,9,30.0,1
1025,2025-01-01 00:17:05+00:00,2,2025-01-01 00:17:06+00:00,5.0,1.0,4.0,3,31.0,2
1026,2025-01-01 00:17:06+00:00,1,2025-01-01 00:17:07+00:00,9.0,6.0,1.0,1,5.0,1
1027,2025-01-01 00:17:07+00:00,2,2025-01-01 00:17:08+00:00,2.0,0.0,2.0,4,23.0,2
1028,2025-01-01 00:17:08+00:00,1,2025-01-01 00:17:09+00:00,0.0,9.0,1.0,0,0.0,1
1029,2025-01-01 00:17:09+00:00,1,2025-01-01 00:17:10+00:00,2.0,1.0,7.0,9,16.0,1
1030,2025-01-01 00:17:10+00:00,2,2025-01-01 00:17:11+00:00,7.0,5.0,8.0,4,18.0,2
1031,2025-01-01 00:17:11+00:00,2,2025-01-01 00:17:12+00:00,2.0,2.0,0.0,1,3.0,2
1032,2025-01-01 00:17:12+00:00,2,2025-01-01 00:17:13+00:00,6.0,1.0,10.0,10,35.0,2
1033,2025-01-01 00:17:13+00:00,1,2025-01-01 00:17:14+00:00,0.0,4.0,6.0,2,31.0,1
1034,2025-01-01 00:17:14+00:00,1,2025-01-01 00:17:15+00:00,0.0,2.0,4.0,6,5.0,1
1035,2025-01-01 00:17:15+00:00,2,2025-01-01 00:17:16+00:00,9.0,5.0,5.0,0,6.0,2
1036,2025-01-01 00:17:16+00:00,2,2025-01-01 00:17:17+00:00,6.0,0.0,7.0,11,35.0,2
1037,2025-01-01 00:17:17+00:00,1,2025-01-01 00:17:18+00:00,9.0,9.0,3.0,5,14.0,1
1038,2025-01-01 00:17:18+00:00,2,2025-01-01 00:17:19+00:00,8.0,3.0,0.0,3,28.0,2
1039,2025-01-01 00:17:19+00:00,1,2025-01-01 00:17:20+00:00,7.0,9.0,3.0,8,35.0,1
1040,2025-01-01 00:17:20+00:00,1,2025-01-01 00:17:21+00:00,10.0,6.0,1.0,5,15.0,1
1041,2025-01-01 00:17:21+00:00,0,2025-01-01 00:17:22+00:00,3.0,2.0,5.0,1,18.0,0
1042,2025-01-01 00:17:22+00:00,2,2025-01-01 00:17:23+00:00,5.0,1.0,8.0,12,34.0,2
1043,2025-01-01 00:17:23+00:00,0,2025-01-01 00:17:24+00:00,3.0,8.0,4.0,11,1.0,0
1044,2025-01-01 00:17:24+00:00,0,2025-01-01 00:17:25+00:00,10.0,5.0,0.0,5,24.0,0
1045,2025-01-01 00:17:25+00:00,2,2025-01-01 00:17:26+00:00,8.0,7.0,6.0,5,23.0,2
1046,2025-01-01 00:17:26+00:00,1,2025-01-01 00:17:27+00:00,2.0,1.0,9.0,8,35.0,1
1047,2025-01-01 00:17:27+00:00,2,2025-01-01 00:17:28+00:00,3.0,4.0,8.0,6,18.0,2
1048,2025-01-01 00:17:28+00:00,2,2025-01-01 00:17:29+00:00,5.0,6.0,1.0,8,23.0,2
1049,2025-01-01 00:17:29+00:00,0,2025-01-01 00:17:30+00:00,8.0,9.0,9.0,1,23.0,0
1050,2025-01-01 00:17:30+00:00,0,2025-01-01 00:17:31+00:00,0.0,4.0,4.0,12,35.0,0
1051,2025-01-01 00:17:31+00:00,1,2025-01-01 00:17:32+00:00,6.0,0.0,4.0,6,5.0,1
1052,2025-01-01 00:17:32+00:00,0,2025-01-01 00:17:33+00:00,8.0,1.0,4.0,2,35.0,0
1053,2025-01-01 00:17:33+00:00,2,2025-01-01 00:17:34+00:00,2.0,10.0,8.0,3,26.0,2
1054,2025-01-01 00:17:34+00:00,2,2025-01-01 00:17:35+00:00,6.0,3.0,9.0,10,24.0,2
1055,2025-01-01 00:17:35+00:00,1,2025-01-01 00:17:36+00:00,6.0,4.0,10.0,9,31.0,1
1056,2025-01-01 00:17:36+00:00,0,2025-01-01 00:17:37+00:00,0.0,3.0,3.0,11,2.0,0
1057,2025-01-01 00:17:37+00:00,0,2025-01-01 00:17:38+00:00,6.0,1.0,5.0,3,28.0,0
1058,2025-01-01 00:17:38+00:00,1,2025-01-01 00:17:39+00:00,10.0,3.0,10.0,2,13.0,1
1059,2025-01-01 00:17:39+00:00,2,2025-01-01 00:17:40+00:00,4.0,0.0,6.0,7,10.0,2
1060,2025-01-01 00:17:40+00:00,1,2025-01-01 00:17:41+00:00,4.0,4.0,2.0,6,0.0,1
1061,2025-01-01 00:17:41+00:00,1,2025-01-01 00:17:42+00:00,6.0,4.0,2.0,7,14.0,1
1062,2025-01-01 00:17:42+00:00,1,2025-01-01 00:17:43+00:00,4.0,5.0,8.0,4,6.0,1
1063,2025-01-01 00:17:43+00:00,0,2025-01-01 00:17:44+00:00,3.0,10.0,8.0,9,36.0,0
1064,2025-01-01 00:17:44+00:00,1,2025-01-01 00:17:45+00:00,4.0,6.0,4.0,11,17.0,1
1065,2025-01-01 00:17:45+00:00,1,2025-01-01 00:17:46+00:00,5.0,0.0,5.0,5,30.0,1
1066,2025-01-01 00:17:46+00:00,0,2025-01-01 00:17:47+00:00,6.0,0.0,3.0,7,26.0,0
1067,2025-01-01 00:17:47+00:00,0,2025-01-01 00:17:48+00:00,0.0,4.0,0.0,9,26.0,0
1068,2025-01-01 00:17:48+00:00,0,2025-01-01 00:17:49+00:00,0.0,7.0,4.0,8,10.0,0
1069,2025-01-01 00:17:49+00:00,1,2025-01-01 00:17:50+00:00,8.0,9.0,3.0,9,17.0,1
1070,2025-01-01 00:17:50+00:00,1,2025-01-01 00:17:51+00:00,10.0,4.0,3.0,2,10.0,1
1071,2025-01-01 00:17:51+00:00,0,2025-01-01 00:17:52+00:00,9.0,2.0,0.0,1,13.0,0
1072,2025-01-01 00:17:52+00:00,2,2025-01-01 00:17:53+00:00,0.0,2.0,5.0,0,34.0,2
1073,2025-01-01 00:17:53+00:00,0,2025-01-01 00:17:54+00:00,4.0,8.0,8.0,10,33.0,0
1074,2025-01-01 00:17:54+00:00,0,2025-01-01 00:17:55+00:00,6.0,2.0,9.0,12,28.0,0
1075,2025-01-01 00:17:55+00:00,2,2025-01-01 00:17:56+00:00,1.0,9.0,1.0,12,8.0,2
1076,2025-01-01 00:17:56+00:00,0,2025-01-01 00:17:57+00:00,8.0,2.0,8.0,3,8.0,0
1077,2025-01-01 00:17:57+00:00,0,2025-01-01 00:17:58+00:00,4.0,4.0,5.0,8,8.0,0
1078,2025-01-01 00:17:58+00:00,1,2025-01-01 00:17:59+00:00,5.0,7.0,2.0,10,17.0,1
1079,2025-01-01 00:17:59+00:00,2,2025-01-01 00:18:00+00:00,5.0,2.0,10.0,9,5.0,2
1080,2025-01-01 00:18:00+00:00,2,2025-01-01 00:18:01+00:00,5.0,5.0,6.0,10,7.0,2
1081,2025-01-01 00:18:01+00:00,0,2025-01-01 00:18:02+00:00,8.0,1.0,2.0,2,18.0,0
1082,2025-01-01 00:18:02+00:00,1,2025-01-01 00:18:03+00:00,10.0,4.0,3.0,6,22.0,1
1083,2025-01-01 00:18:03+00:00,0,2025-01-01 00:18:04+00:00,4.0,8.0,3.0,5,23.0,0
1084,2025-01-01 00:18:04+00:00,1,2025-01-01 00:18:05+00:00,0.0,6.0,3.0,3,26.0,1
1085,2025-01-01 00:18:05+00:00,2,2025-01-01 00:18:06+00:00,0.0,4.0,0.0,1,25.0,2
1086,2025-01-01 00:18:06+00:00,2,2025-01-01 00:18:07+00:00,7.0,3.0,8.0,3,24.0,2
1087,2025-01-01 00:18:07+00:00,1,2025-01-01 00:18:08+00:00,2.0,8.0,9.0,10,19.0,1
1088,2025-01-01 00:18:08+00:00,0,2025-01-01 00:18:09+00:00,4.0,4.0,1.0,7,2.0,0
1089,2025-01-01 00:18:09+00:00,1,2025-01-01 00:18:10+00:00,10.0,5.0,5.0,8,11.0,1
1090,2025-01-01 00:18:10+00:00,1,2025-01-01 00:18:11+00:00,1.0,5.0,3.0,8,32.0,1
1091,2025-01-01 00:18:11+00:00,2,2025-01-01 00:18:12+00:00,4.0,10.0,10.0,0,18.0,2
1092,2025-01-01 00:18:12+00:00,2,2025-01-01 00:18:13+00:00,1.0,1.0,1.0,11,29.0,2
1093,2025-01-01 00:18:13+00:00,1,2025-01-01 00:18:14+00:00,6.0,10.0,5.0,3,2.0,1
1094,2025-01-01 00:18:14+00:00,2,2025-01-01 00:18:15+00:00,1.0,7.0,8.0,6,35.0,2
1095,2025-01-01 00:18:15+00:00,2,2025-01-01 00:18:16+00:00,6.0,1.0,8.0,2,33.0,2
1096,2025-01-01 00:18:16+00:00,1,2025-01-01 00:18:17+00:00,0.0,9.0,10.0,3,25.0,1
1097,2025-01-01 00:18:17+00:00,0,2025-01-01 00:18:18+00:00,5.0,0.0,9.0,2,26.0,0
1098,2025-01-01 00:18:18+00:00,1,2025-01-01 00:18:19+00:00,4.0,5.0,5.0,6,4.0,1
1099,2025-01-01 00:18:19+00:00,1,2025-01-01 00:18:20+00:00,10.0,0.0,5.0,3,31.0,1
1100,2025-01-01 00:18:20+00:00,1,2025-01-01 00:18:21+00:00,0.0,0.0,3.0,0,33.0,1
1101,2025-01-01 00:18:21+00:00,2,2025-01-01 00:18:22+00:00,2.0,3.0,4.0,5,22.0,2
1102,2025-01-01 00:18:22+00:00,0,2025-01-01 00:18:23+00:00,8.0,4.0,4.0,11,2.0,0
1103,2025-01-01 00:18:23+00:00,2,2025-01-01 00:18:24+00:00,6.0,0.0,3.0,3,23.0,2
1104,2025-01-01 00:18:24+00:00,2,2025-01-01 00:18:25+00:00,4.0,4.0,9.0,2,1.0,2
1105,2025-01-01 00:18:25+00:00,1,2025-01-01 00:18:26+00:00,8.0,10.0,9.0,12,29.0,1
1106,2025-01-01 00:18:26+00:00,1,2025-01-01 00:18:27+00:00,4.0,0.0,8.0,4,36.0,1
1107,2025-01-01 00:18:27+00:00,0,2025-01-01 00:18:28+00:00,6.0,9.0,8.0,0,26.0,0
1108,2025-01-01 00:18:28+00:00,1,2025-01-01 00:18:29+00:00,2.0,3.0,4.0,8,14.0,1
1109,2025-01-01 00:18:29+00:00,1,2025-01-01 00:18:30+00:00,0.0,5.0,6.0,10,7.0,1
1110,2025-01-01 00:18:30+00:00,1,2025-01-01 00:18:31+00:00,6.0,10.0,4.0,1,35.0,1
1111,2025-01-01 00:18:31+00:00,2,2025-01-01 00:18:32+00:00,1.0,4.0,3.0,12,17.0,2
1112,2025-01-01 00:18:32+00:00,1,2025-01-01 00:18:33+00:00,0.0,0.0,10.0,8,27.0,1
1113,2025-01-01 00:18:33+00:00,2,2025-01-01 00:18:34+00:00,1.0,10.0,3.0,9,21.0,2
1114,2025-01-01 00:18:34+00:00,1,2025-01-01 00:18:35+00:00,7.0,6.0,2.0,10,33.0,1
1115,2025-01-01 00:18:35+00:00,1,2025-01-01 00:18:36+00:00,0.0,7.0,7.0,7,18.0,1
1116,2025-01-01 00:18:36+00:00,0,2025-01-01 00:18:37+00:00,5.0,0.0,8.0,12,5.0,0
1117,2025-01-01 00:18:37+00:00,2,2025-01-01 00:18:38+00:00,0.0,6.0,8.0,10,34.0,2
1118,2025-01-01 00:18:38+00:00,2,2025-01-01 00:18:39+00:00,7.0,8.0,1.0,7,0.0,2
1119,2025-01-01 00:18:39+00:00,0,2025-01-01 00:18:40+00:00,6.0,3.0,8.0,10,20.0,0
1120,2025-01-01 00:18:40+00:00,0,2025-01-01 00:18:41+00:00,4.0,9.0,0.0,11,10.0,0
1121,2025-01-01 00:18:41+00:00,0,2025-01-01 00:18:42+00:00,3.0,7.0,3.0,10,16.0,0
1122,2025-01-01 00:18:42+00:00,2,2025-01-01 00:18:43+00:00,0.0,2.0,10.0,1,31.0,2
1123,2025-01-01 00:18:43+00:00,2,2025-01-01 00:18:44+00:00,8.0,3.0,1.0,8,11.0,2
1124,2025-01-01 00:18:44+00:00,1,2025-01-01 00:18:45+00:00,10.0,1.0,7.0,7,3.0,1
1125,2025-01-01 00:18:45+00:00,2,2025-01-01 00:18:46+00:00,8.0,2.0,1.0,10,10.0,2
1126,2025-01-01 00:18:46+00:00,0,2025-01-01 00:18:47+00:00,6.0,9.0,2.0,11,4.0,0
1127,2025-01-01 00:18:47+00:00,1,2025-01-01 00:18:48+00:00,3.0,6.0,9.0,9,34.0,1
1128,2025-01-01 00:18:48+00:00,0,2025-01-01 00:18:49+00:00,9.0,4.0,8.0,4,8.0,0
1129,2025-01-01 00:18:49+00:00,1,2025-01-01 00:18:50+00:00,10.0,8.0,8.0,7,2.0,1
1130,2025-01-01 00:18:50+00:00,1,2025-01-01 00:18:51+00:00,6.0,1.0,9.0,1,29.0,1
1131,2025-01-01 00:18:51+00:00,2,2025-01-01 00:18:52+00:00,0.0,10.0,8.0,5,33.0,2
1132,2025-01-01 00:18:52+00:00,1,2025-01-01 00:18:53+00:00,6.0,9.0,5.0,10,29.0,1
1133,2025-01-01 00:18:53+00:00,2,2025-01-01 00:18:54+00:00,8.0,6.0,7.0,9,25.0,2
1134,2025-01-01 00:18:54+00:00,0,2025-01-01 00:18:55+00:00,3.0,3.0,8.0,9,6.0,0
1135,2025-01-01 00:18:55+00:00,1,2025-01-01 00:18:56+00:00,5.0,6.0,2.0,9,10.0,1
1136,2025-01-01 00:18:56+00:00,0,2025-01-01 00:18:57+00:00,5.0,0.0,10.0,7,33.0,0
1137,2025-01-01 00:18:57+00:00,2,2025-01-01 00:18:58+00:00,3.0,4.0,10.0,9,7.0,2
1138,2025-01-01 00:18:58+00:00,1,2025-01-01 00:18:59+00:00,4.0,0.0,1.0,5,13.0,1
1139,2025-01-01 00:18:59+00:00,1,2025-01-01 00:19:00+00:00,7.0,8.0,1.0,3,27.0,1
1140,2025-01-01 00:19:00+00:00,2,2025-01-01 00:19:01+00:00,5.0,2.0,7.0,6,33.0,2
1141,2025-01-01 00:19:01+00:00,1,2025-01-01 00:19:02+00:00,2.0,2.0,5.0,8,27.0,1
1142,2025-01-01 00:19:02+00:00,1,2025-01-01 00:19:03+00:00,4.0,2.0,2.0,7,21.0,1
1143,2025-01-01 00:19:03+00:00,1,2025-01-01 00:19:04+00:00,2.0,8.0,2.0,4,7.0,1
1144,2025-01-01 00:19:04+00:00,0,2025-01-01 00:19:05+00:00,1.0,3.0,2.0,10,7.0,0
1145,2025-01-01 00:19:05+00:00,1,2025-01-01 00:19:06+00:00,10.0,1.0,4.0,4,18.0,1
1146,2025-01-01 00:19:06+00:00,2,2025-01-01 00:19:07+00:00,7.0,10.0,7.0,11,18.0,2
1147,2025-01-01 00:19:07+00:00,2,2025-01-01 00:19:08+00:00,8.0,1.0,2.0,3,4.0,2
1148,2025-01-01 00:19:08+00:00,0,2025-01-01 00:19:09+00:00,4.0,7.0,2.0,3,35.0,0
1149,2025-01-01 00:19:09+00:00,2,2025-01-01 00:19:10+00:00,7.0,7.0,5.0,4,23.0,2
1150,2025-01-01 00:19:10+00:00,1,2025-01-01 00:19:11+00:00,6.0,0.0,8.0,2,28.0,1
1151,2025-01-01 00:19:11+00:00,0,2025-01-01 00:19:12+00:00,5.0,2.0,2.0,2,36.0,0
1152,2025-01-01 00:19:12+00:00,2,2025-01-01 00:19:13+00:00,3.0,8.0,8.0,2,15.0,2
1153,2025-01-01 00:19:13+00:00,2,2025-01-01 00:19:14+00:00,6.0,1.0,7.0,11,29.0,2
1154,2025-01-01 00:19:14+00:00,1,2025-01-01 00:19:15+00:00,9.0,1.0,2.0,7,28.0,1
1155,2025-01-01 00:19:15+00:00,2,2025-01-01 00:19:16+00:00,2.0,9.0,8.0,8,15.0,2
1156,2025-01-01 00:19:16+00:00,0,2025-01-01 00:19:17+00:00,2.0,0.0,0.0,4,35.0,0
1157,2025-01-01 00:19:17+00:00,1,2025-01-01 00:19:18+00:00,10.0,8.0,5.0,2,15.0,1
1158,2025-01-01 00:19:18+00:00,2,2025-01-01 00:19:19+00:00,4.0,3.0,6.0,10,5.0,2
1159,2025-01-01 00:19:19+00:00,1,2025-01-01 00:19:20+00:00,2.0,10.0,9.0,2,22.0,1
1160,2025-01-01 00:19:20+00:00,2,2025-01-01 00:19:21+00:00,9.0,6.0,7.0,1,13.0,2
1161,2025-01-01 00:19:21+00:00,2,2025-01-01 00:19:22+00:00,6.0,7.0,10.0,2,3.0,2
1162,2025-01-01 00:19:22+00:00,1,2025-01-01 00:19:23+00:00,7.0,2.0,5.0,10,33.0,1
1163,2025-01-01 00:19:23+00:00,1,2025-01-01 00:19:24+00:00,3.0,8.0,0.0,10,11.0,1
1164,2025-01-01 00:19:24+00:00,1,2025-01-01 00:19:25+00:00,4.0,0.0,8.0,10,25.0,1
1165,2025-01-01 00:19:25+00:00,1,2025-01-01 00:19:26+00:00,2.0,0.0,9.0,3,23.0,1
1166,2025-01-01 00:19:26+00:00,2,2025-01-01 00:19:27+00:00,1.0,3.0,7.0,1,9.0,2
1167,2025-01-01 00:19:27+00:00,1,2025-01-01 00:19:28+00:00,4.0,1.0,2.0,0,9.0,1
1168,2025-01-01 00:19:28+00:00,1,2025-01-01 00:19:29+00:00,9.0,9.0,0.0,7,5.0,1
1169,2025-01-01 00:19:29+00:00,1,2025-01-01 00:19:30+00:00,4.0,0.0,3.0,0,7.0,1
1170,2025-01-01 00:19:30+00:00,1,2025-01-01 00:19:31+00:00,9.0,1.0,5.0,7,22.0,1
1171,2025-01-01 00:19:31+00:00,1,2025-01-01 00:19:32+00:00,0.0,1.0,0.0,8,3.0,1
1172,2025-01-01 00:19:32+00:00,0,2025-01-01 00:19:33+00:00,6.0,8.0,0.0,8,0.0,0
1173,2025-01-01 00:19:33+00:00,0,2025-01-01 00:19:34+00:00,0.0,7.0,1.0,3,32.0,0
1174,2025-01-01 00:19:34+00:00,1,2025-01-01 00:19:35+00:00,7.0,4.0,3.0,12,25.0,1
1175,2025-01-01 00:19:35+00:00,0,2025-01-01 00:19:36+00:00,6.0,6.0,9.0,4,31.0,0
1176,2025-01-01 00:19:36+00:00,0,2025-01-01 00:19:37+00:00,6.0,2.0,1.0,5,4.0,0
1177,2025-01-01 00:19:37+00:00,1,2025-01-01 00:19:38+00:00,1.0,0.0,7.0,9,31.0,1
1178,2025-01-01 00:19:38+00:00,1,2025-01-01 00:19:39+00:00,5.0,3.0,10.0,11,4.0,1
1179,2025-01-01 00:19:39+00:00,0,2025-01-01 00:19:40+00:00,9.0,8.0,7.0,10,14.0,0
1180,2025-01-01 00:19:40+00:00,2,2025-01-01 00:19:41+00:00,6.0,6.0,1.0,2,13.0,2
1181,2025-01-01 00:19:41+00:00,1,2025-01-01 00:19:42+00:00,8.0,10.0,9.0,9,18.0,1
1182,2025-01-01 00:19:42+00:00,0,2025-01-01 00:19:43+00:00,0.0,3.0,7.0,0,32.0,0
1183,2025-01-01 00:19:43+00:00,2,2025-01-01 00:19:44+00:00,8.0,1.0,3.0,5,36.0,2
1184,2025-01-01 00:19:44+00:00,1,2025-01-01 00:19:45+00:00,8.0,8.0,10.0,9,18.0,1
1185,2025-01-01 00:19:45+00:00,2,2025-01-01 00:19:46+00:00,1.0,7.0,5.0,8,32.0,2
1186,2025-01-01 00:19:46+00:00,1,2025-01-01 00:19:47+00:00,4.0,8.0,0.0,6,30.0,1
1187,2025-01-01 00:19:47+00:00,1,2025-01-01 00:19:48+00:00,10.0,10.0,1.0,2,32.0,1
1188,2025-01-01 00:19:48+00:00,1,2025-01-01 00:19:49+00:00,10.0,10.0,0.0,4,2.0,1
1189,2025-01-01 00:19:49+00:00,2,2025-01-01 00:19:50+00:00,0.0,7.0,8.0,10,15.0,2
1190,2025-01-01 00:19:50+00:00,1,2025-01-01 00:19:51+00:00,1.0,7.0,9.0,12,25.0,1
1191,2025-01-01 00:19:51+00:00,2,2025-01-01 00:19:52+00:00,9.0,6.0,0.0,4,28.0,2
1192,2025-01-01 00:19:52+00:00,0,2025-01-01 00:19:53+00:00,8.0,8.0,2.0,0,32.0,0
1193,2025-01-01 00:19:53+00:00,2,2025-01-01 00:19:54+00:00,6.0,7.0,2.0,12,33.0,2
1194,2025-01-01 00:19:54+00:00,0,2025-01-01 00:19:55+00:00,5.0,10.0,9.0,10,10.0,0
1195,2025-01-01 00:19:55+00:00,1,2025-01-01 00:19:56+00:00,4.0,5.0,8.0,8,6.0,1
1196,2025-01-01 00:19:56+00:00,2,2025-01-01 00:19:57+00:00,1.0,9.0,1.0,6,20.0,2
1197,2025-01-01 00:19:57+00:00,2,2025-01-01 00:19:58+00:00,1.0,8.0,2.0,11,16.0,2
1198,2025-01-01 00:19:58+00:00,1,2025-01-01 00:19:59+00:00,1.0,4.0,1.0,7,17.0,1
1199,2025-01-01 00:19:59+00:00,2,2025-01-01 00:20:00+00:00,8.0,6.0,9.0,10,34.0,2
1200,2025-01-01 00:20:00+00:00,1,2025-01-01 00:20:01+00:00,1.0,5.0,5.0,9,16.0,1
1201,2025-01-01 00:20:01+00:00,2,2025-01-01 00:20:02+00:00,3.0,6.0,0.0,5,7.0,2
1202,2025-01-01 00:20:02+00:00,1,2025-01-01 00:20:03+00:00,5.0,9.0,0.0,6,31.0,1
1203,2025-01-01 00:20:03+00:00,2,2025-01-01 00:20:04+00:00,0.0,4.0,6.0,6,17.0,2
1204,2025-01-01 00:20:04+00:00,0,2025-01-01 00:20:05+00:00,4.0,5.0,6.0,5,31.0,0
1205,2025-01-01 00:20:05+00:00,2,2025-01-01 00:20:06+00:00,6.0,2.0,3.0,12,23.0,2
1206,2025-01-01 00:20:06+00:00,2,2025-01-01 00:20:07+00:00,1.0,6.0,10.0,5,22.0,2
1207,2025-01-01 00:20:07+00:00,2,2025-01-01 00:20:08+00:00,7.0,6.0,7.0,11,30.0,2
1208,2025-01-01 00:20:08+00:00,1,2025-01-01 00:20:09+00:00,1.0,5.0,8.0,4,34.0,1
1209,2025-01-01 00:20:09+00:00,0,2025-01-01 00:20:10+00:00,8.0,2.0,3.0,1,11.0,0
1210,2025-01-01 00:20:10+00:00,2,2025-01-01 00:20:11+00:00,4.0,2.0,10.0,12,27.0,2
1211,2025-01-01 00:20:11+00:00,1,2025-01-01 00:20:12+00:00,7.0,8.0,5.0,10,10.0,1
1212,2025-01-01 00:20:12+00:00,2,2025-01-01 00:20:13+00:00,4.0,4.0,10.0,5,18.0,2
1213,2025-01-01 00:20:13+00:00,2,2025-01-01 00:20:14+00:00,7.0,4.0,8.0,9,31.0,2
1214,2025-01-01 00:20:14+00:00,2,2025-01-01 00:20:15+00:00,2.0,0.0,3.0,8,34.0,2
1215,2025-01-01 00:20:15+00:00,1,2025-01-01 00:20:16+00:00,3.0,0.0,4.0,5,12.0,1
1216,2025-01-01 00:20:16+00:00,1,2025-01-01 00:20:17+00:00,5.0,3.0,4.0,0,2.0,1
1217,2025-01-01 00:20:17+00:00,2,2025-01-01 00:20:18+00:00,6.0,5.0,2.0,4,16.0,2
1218,2025-01-01 00:20:18+00:00,1,2025-01-01 00:20:19+00:00,7.0,9.0,9.0,3,28.0,1
1219,2025-01-01 00:20:19+00:00,2,2025-01-01 00:20:20+00:00,8.0,7.0,8.0,8,16.0,2
1220,2025-01-01 00:20:20+00:00,1,2025-01-01 00:20:21+00:00,4.0,5.0,7.0,9,8.0,1
1221,2025-01-01 00:20:21+00:00,1,2025-01-01 00:20:22+00:00,2.0,4.0,2.0,3,35.0,1
1222,2025-01-01 00:20:22+00:00,2,2025-01-01 00:20:23+00:00,2.0,9.0,3.0,2,33.0,2
1223,2025-01-01 00:20:23+00:00,1,2025-01-01 00:20:24+00:00,2.0,3.0,2.0,0,1.0,1
1224,2025-01-01 00:20:24+00:00,0,2025-01-01 00:20:25+00:00,1.0,0.0,8.0,1,18.0,0
1225,2025-01-01 00:20:25+00:00,2,2025-01-01 00:20:26+00:00,10.0,1.0,9.0,8,3.0,2
1226,2025-01-01 00:20:26+00:00,1,2025-01-01 00:20:27+00:00,9.0,5.0,10.0,12,6.0,1
1227,2025-01-01 00:20:27+00:00,1,2025-01-01 00:20:28+00:00,4.0,5.0,9.0,6,28.0,1
1228,2025-01-01 00:20:28+00:00,1,2025-01-01 00:20:29+00:00,4.0,1.0,1.0,11,14.0,1
1229,2025-01-01 00:20:29+00:00,0,2025-01-01 00:20:30+00:00,6.0,8.0,3.0,4,35.0,0
1230,2025-01-01 00:20:30+00:00,1,2025-01-01 00:20:31+00:00,8.0,8.0,8.0,10,36.0,1
1231,2025-01-01 00:20:31+00:00,1,2025-01-01 00:20:32+00:00,9.0,6.0,2.0,5,29.0,1
1232,2025-01-01 00:20:32+00:00,0,2025-01-01 00:20:33+00:00,10.0,8.0,9.0,8,11.0,0
1233,2025-01-01 00:20:33+00:00,0,2025-01-01 00:20:34+00:00,5.0,5.0,8.0,5,7.0,0
1234,2025-01-01 00:20:34+00:00,0,2025-01-01 00:20:35+00:00,1.0,8.0,10.0,12,35.0,0
1235,2025-01-01 00:20:35+00:00,0,2025-01-01 00:20:36+00:00,5.0,8.0,9.0,1,28.0,0
1236,2025-01-01 00:20:36+00:00,1,2025-01-01 00:20:37+00:00,8.0,5.0,10.0,4,23.0,1
1237,2025-01-01 00:20:37+00:00,0,2025-01-01 00:20:38+00:00,0.0,9.0,0.0,11,3.0,0
1238,2025-01-01 00:20:38+00:00,1,2025-01-01 00:20:39+00:00,4.0,7.0,2.0,8,10.0,1
1239,2025-01-01 00:20:39+00:00,1,2025-01-01 00:20:40+00:00,4.0,7.0,3.0,1,8.0,1
1240,2025-01-01 00:20:40+00:00,2,2025-01-01 00:20:41+00:00,0.0,5.0,8.0,10,3.0,2
1241,2025-01-01 00:20:41+00:00,2,2025-01-01 00:20:42+00:00,2.0,6.0,1.0,11,2.0,2
1242,2025-01-01 00:20:42+00:00,1,2025-01-01 00:20:43+00:00,7.0,1.0,6.0,9,20.0,1
1243,2025-01-01 00:20:43+00:00,2,2025-01-01 00:20:44+00:00,4.0,3.0,10.0,2,36.0,2
1244,2025-01-01 00:20:44+00:00,1,2025-01-01 00:20:45+00:00,9.0,8.0,2.0,7,12.0,1
1245,2025-01-01 00:20:45+00:00,0,2025-01-01 00:20:46+00:00,3.0,10.0,2.0,1,29.0,0
1246,2025-01-01 00:20:46+00:00,1,2025-01-01 00:20:47+00:00,8.0,0.0,6.0,4,34.0,1
1247,2025-01-01 00:20:47+00:00,1,2025-01-01 00:20:48+00:00,2.0,5.0,3.0,6,19.0,1
1248,2025-01-01 00:20:48+00:00,1,2025-01-01 00:20:49+00:00,5.0,7.0,9.0,5,22.0,1
1249,2025-01-01 00:20:49+00:00,1,2025-01-01 00:20:50+00:00,10.0,4.0,0.0,10,6.0,1
1250,2025-01-01 00:20:50+00:00,1,2025-01-01 00:20:51+00:00,5.0,4.0,7.0,10,24.0,1
1251,2025-01-01 00:20:51+00:00,2,2025-01-01 00:20:52+00:00,1.0,10.0,2.0,2,28.0,2
1252,2025-01-01 00:20:52+00:00,2,2025-01-01 00:20:53+00:00,5.0,1.0,5.0,3,11.0,2
1253,2025-01-01 00:20:53+00:00,1,2025-01-01 00:20:54+00:00,0.0,7.0,1.0,12,28.0,1
1254,2025-01-01 00:20:54+00:00,2,2025-01-01 00:20:55+00:00,10.0,1.0,0.0,0,25.0,2
1255,2025-01-01 00:20:55+00:00,0,2025-01-01 00:20:56+00:00,2.0,0.0,3.0,6,2.0,0
1256,2025-01-01 00:20:56+00:00,0,2025-01-01 00:20:57+00:00,8.0,5.0,5.0,12,15.0,0
1257,2025-01-01 00:20:57+00:00,0,2025-01-01 00:20:58+00:00,6.0,9.0,6.0,8,3.0,0
1258,2025-01-01 00:20:58+00:00,0,2025-01-01 00:20:59+00:00,3.0,10.0,3.0,9,18.0,0
1259,2025-01-01 00:20:59+00:00,1,2025-01-01 00:21:00+00:00,2.0,5.0,5.0,0,13.0,1
1260,2025-01-01 00:21:00+00:00,1,2025-01-01 00:21:01+00:00,7.0,8.0,4.0,2,3.0,1
1261,2025-01-01 00:21:01+00:00,0,2025-01-01 00:21:02+00:00,1.0,0.0,0.0,9,2.0,0
1262,2025-01-01 00:21:02+00:00,1,2025-01-01 00:21:03+00:00,6.0,6.0,7.0,3,8.0,1
1263,2025-01-01 00:21:03+00:00,2,2025-01-01 00:21:04+00:00,9.0,2.0,1.0,2,27.0,2
1264,2025-01-01 00:21:04+00:00,2,2025-01-01 00:21:05+00:00,5.0,5.0,8.0,2,4.0,2
1265,2025-01-01 00:21:05+00:00,0,2025-01-01 00:21:06+00:00,3.0,8.0,0.0,2,12.0,0
1266,2025-01-01 00:21:06+00:00,0,2025-01-01 00:21:07+00:00,10.0,5.0,9.0,1,27.0,0
1267,2025-01-01 00:21:07+00:00,1,2025-01-01 00:21:08+00:00,7.0,2.0,1.0,6,35.0,1
1268,2025-01-01 00:21:08+00:00,1,2025-01-01 00:21:09+00:00,8.0,9.0,7.0,2,32.0,1
1269,2025-01-01 00:21:09+00:00,2,2025-01-01 00:21:10+00:00,0.0,0.0,2.0,8,13.0,2
1270,2025-01-01 00:21:10+00:00,0,2025-01-01 00:21:11+00:00,8.0,1.0,1.0,6,23.0,0
1271,2025-01-01 00:21:11+00:00,2,2025-01-01 00:21:12+00:00,0.0,4.0,2.0,3,8.0,2
1272,2025-01-01 00:21:12+00:00,0,2025-01-01 00:21:13+00:00,6.0,5.0,0.0,6,16.0,0
1273,2025-01-01 00:21:13+00:00,1,2025-01-01 00:21:14+00:00,5.0,6.0,9.0,1,34.0,1
1274,2025-01-01 00:21:14+00:00,2,2025-01-01 00:21:15+00:00,4.0,6.0,9.0,0,10.0,2
1275,2025-01-01 00:21:15+00:00,2,2025-01-01 00:21:16+00:00,6.0,2.0,2.0,9,5.0,2
1276,2025-01-01 00:21:16+00:00,2,2025-01-01 00:21:17+00:00,3.0,6.0,2.0,1,36.0,2
1277,2025-01-01 00:21:17+00:00,1,2025-01-01 00:21:18+00:00,6.0,6.0,3.0,10,19.0,1
1278,2025-01-01 00:21:18+00:00,1,2025-01-01 00:21:19+00:00,2.0,2.0,6.0,2,27.0,1
1279,2025-01-01 00:21:19+00:00,2,2025-01-01 00:21:20+00:00,4.0,10.0,2.0,1,32.0,2
1280,2025-01-01 00:21:20+00:00,1,2025-01-01 00:21:21+00:00,10.0,3.0,4.0,11,5.0,1
1281,2025-01-01 00:21:21+00:00,1,2025-01-01 00:21:22+00:00,2.0,5.0,10.0,0,23.0,1
1282,2025-01-01 00:21:22+00:00,0,2025-01-01 00:21:23+00:00,10.0,8.0,7.0,6,1.0,0
1283,2025-01-01 00:21:23+00:00,1,2025-01-01 00:21:24+00:00,6.0,9.0,4.0,11,21.0,1
1284,2025-01-01 00:21:24+00:00,2,2025-01-01 00:21:25+00:00,6.0,3.0,4.0,2,5.0,2
1285,2025-01-01 00:21:25+00:00,0,2025-01-01 00:21:26+00:00,2.0,6.0,9.0,2,20.0,0
1286,2025-01-01 00:21:26+00:00,2,2025-01-01 00:21:27+00:00,4.0,2.0,6.0,1,18.0,2
1287,2025-01-01 00:21:27+00:00,1,2025-01-01 00:21:28+00:00,4.0,3.0,0.0,7,36.0,1
1288,2025-01-01 00:21:28+00:00,0,2025-01-01 00:21:29+00:00,2.0,1.0,1.0,5,35.0,0
1289,2025-01-01 00:21:29+00:00,0,2025-01-01 00:21:30+00:00,8.0,7.0,4.0,4,31.0,0
1290,2025-01-01 00:21:30+00:00,2,2025-01-01 00:21:31+00:00,2.0,3.0,7.0,7,28.0,2
1291,2025-01-01 00:21:31+00:00,0,2025-01-01 00:21:32+00:00,10.0,5.0,2.0,7,34.0,0
1292,2025-01-01 00:21:32+00:00,1,2025-01-01 00:21:33+00:00,10.0,2.0,2.0,1,19.0,1
1293,2025-01-01 00:21:33+00:00,0,2025-01-01 00:21:34+00:00,6.0,8.0,10.0,11,5.0,0
1294,2025-01-01 00:21:34+00:00,1,2025-01-01 00:21:35+00:00,9.0,10.0,7.0,12,15.0,1
1295,2025-01-01 00:21:35+00:00,2,2025-01-01 00:21:36+00:00,2.0,10.0,7.0,3,12.0,2
1296,2025-01-01 00:21:36+00:00,1,2025-01-01 00:21:37+00:00,3.0,6.0,6.0,1,32.0,1
1297,2025-01-01 00:21:37+00:00,1,2025-01-01 00:21:38+00:00,8.0,2.0,3.0,6,2.0,1
1298,2025-01-01 00:21:38+00:00,2,2025-01-01 00:21:39+00:00,6.0,7.0,3.0,5,28.0,2
1299,2025-01-01 00:21:39+00:00,2,2025-01-01 00:21:40+00:00,9.0,4.0,4.0,2,22.0,2
1300,2025-01-01 00:21:40+00:00,0,2025-01-01 00:21:41+00:00,9.0,5.0,3.0,5,3.0,0
1301,2025-01-01 00:21:41+00:00,1,2025-01-01 00:21:42+00:00,4.0,6.0,10.0,12,31.0,1
1302,2025-01-01 00:21:42+00:00,1,2025-01-01 00:21:43+00:00,0.0,10.0,1.0,3,24.0,1
1303,2025-01-01 00:21:43+00:00,1,2025-01-01 00:21:44+00:00,1.0,5.0,4.0,12,30.0,1
1304,2025-01-01 00:21:44+00:00,2,2025-01-01 00:21:45+00:00,4.0,1.0,1.0,9,21.0,2
1305,2025-01-01 00:21:45+00:00,1,2025-01-01 00:21:46+00:00,0.0,7.0,0.0,12,8.0,1
1306,2025-01-01 00:21:46+00:00,0,2025-01-01 00:21:47+00:00,2.0,4.0,1.0,3,36.0,0
1307,2025-01-01 00:21:47+00:00,1,2025-01-01 00:21:48+00:00,3.0,1.0,2.0,6,31.0,1
1308,2025-01-01 00:21:48+00:00,0,2025-01-01 00:21:49+00:00,5.0,9.0,8.0,8,30.0,0
1309,2025-01-01 00:21:49+00:00,2,2025-01-01 00:21:50+00:00,10.0,6.0,5.0,4,12.0,2
1310,2025-01-01 00:21:50+00:00,1,2025-01-01 00:21:51+00:00,1.0,9.0,1.0,5,1.0,1
1311,2025-01-01 00:21:51+00:00,1,2025-01-01 00:21:52+00:00,2.0,6.0,8.0,7,25.0,1
1312,2025-01-01 00:21:52+00:00,1,2025-01-01 00:21:53+00:00,1.0,6.0,3.0,6,22.0,1
1313,2025-01-01 00:21:53+00:00,1,2025-01-01 00:21:54+00:00,4.0,9.0,6.0,9,11.0,1
1314,2025-01-01 00:21:54+00:00,1,2025-01-01 00:21:55+00:00,0.0,5.0,9.0,7,0.0,1
1315,2025-01-01 00:21:55+00:00,1,2025-01-01 00:21:56+00:00,9.0,6.0,5.0,4,26.0,1
1316,2025-01-01 00:21:56+00:00,2,2025-01-01 00:21:57+00:00,4.0,9.0,1.0,6,36.0,2
1317,2025-01-01 00:21:57+00:00,1,2025-01-01 00:21:58+00:00,4.0,0.0,8.0,12,35.0,1
1318,2025-01-01 00:21:58+00:00,0,2025-01-01 00:21:59+00:00,1.0,3.0,2.0,1,0.0,0
1319,2025-01-01 00:21:59+00:00,1,2025-01-01 00:22:00+00:00,5.0,5.0,7.0,12,8.0,1
1320,2025-01-01 00:22:00+00:00,1,2025-01-01 00:22:01+00:00,9.0,0.0,0.0,2,22.0,1
1321,2025-01-01 00:22:01+00:00,1,2025-01-01 00:22:02+00:00,5.0,9.0,5.0,10,30.0,1
1322,2025-01-01 00:22:02+00:00,2,2025-01-01 00:22:03+00:00,4.0,5.0,6.0,6,14.0,2
1323,2025-01-01 00:22:03+00:00,0,2025-01-01 00:22:04+00:00,2.0,10.0,2.0,0,15.0,0
1324,2025-01-01 00:22:04+00:00,2,2025-01-01 00:22:05+00:00,8.0,10.0,10.0,6,34.0,2
1325,2025-01-01 00:22:05+00:00,2,2025-01-01 00:22:06+00:00,9.0,0.0,2.0,12,5.0,2
1326,2025-01-01 00:22:06+00:00,1,2025-01-01 00:22:07+00:00,0.0,2.0,2.0,8,17.0,1
1327,2025-01-01 00:22:07+00:00,2,2025-01-01 00:22:08+00:00,8.0,2.0,9.0,12,14.0,2
1328,2025-01-01 00:22:08+00:00,0,2025-01-01 00:22:09+00:00,3.0,4.0,6.0,7,28.0,0
1329,2025-01-01 00:22:09+00:00,1,2025-01-01 00:22:10+00:00,9.0,9.0,5.0,12,20.0,1
1330,2025-01-01 00:22:10+00:00,1,2025-01-01 00:22:11+00:00,2.0,3.0,0.0,3,17.0,1
1331,2025-01-01 00:22:11+00:00,1,2025-01-01 00:22:12+00:00,2.0,10.0,2.0,4,3.0,1
1332,2025-01-01 00:22:12+00:00,2,2025-01-01 00:22:13+00:00,10.0,10.0,7.0,5,16.0,2
1333,2025-01-01 00:22:13+00:00,2,2025-01-01 00:22:14+00:00,8.0,7.0,2.0,12,30.0,2
1334,2025-01-01 00:22:14+00:00,2,2025-01-01 00:22:15+00:00,4.0,8.0,2.0,3,31.0,2
1335,2025-01-01 00:22:15+00:00,0,2025-01-01 00:22:16+00:00,8.0,0.0,3.0,11,22.0,0
1336,2025-01-01 00:22:16+00:00,0,2025-01-01 00:22:17+00:00,0.0,10.0,3.0,9,9.0,0
1337,2025-01-01 00:22:17+00:00,2,2025-01-01 00:22:18+00:00,1.0,2.0,2.0,2,31.0,2
1338,2025-01-01 00:22:18+00:00,0,2025-01-01 00:22:19+00:00,6.0,2.0,6.0,10,20.0,0
1339,2025-01-01 00:22:19+00:00,2,2025-01-01 00:22:20+00:00,4.0,4.0,4.0,7,1.0,2
1340,2025-01-01 00:22:20+00:00,2,2025-01-01 00:22:21+00:00,0.0,5.0,9.0,10,24.0,2
1341,2025-01-01 00:22:21+00:00,1,2025-01-01 00:22:22+00:00,9.0,5.0,6.0,3,17.0,1
1342,2025-01-01 00:22:22+00:00,0,2025-01-01 00:22:23+00:00,6.0,5.0,8.0,1,9.0,0
1343,2025-01-01 00:22:23+00:00,2,2025-01-01 00:22:24+00:00,6.0,3.0,0.0,2,20.0,2
1344,2025-01-01 00:22:24+00:00,1,2025-01-01 00:22:25+00:00,9.0,4.0,10.0,12,11.0,1
1345,2025-01-01 00:22:25+00:00,1,2025-01-01 00:22:26+00:00,3.0,1.0,3.0,10,34.0,1
1346,2025-01-01 00:22:26+00:00,0,2025-01-01 00:22:27+00:00,2.0,1.0,5.0,11,18.0,0
1347,2025-01-01 00:22:27+00:00,1,2025-01-01 00:22:28+00:00,4.0,0.0,1.0,12,7.0,1
1348,2025-01-01 00:22:28+00:00,2,2025-01-01 00:22:29+00:00,6.0,2.0,9.0,8,31.0,2
1349,2025-01-01 00:22:29+00:00,2,2025-01-01 00:22:30+00:00,1.0,9.0,6.0,11,8.0,2
1350,2025-01-01 00:22:30+00:00,0,2025-01-01 00:22:31+00:00,4.0,2.0,9.0,4,34.0,0
1351,2025-01-01 00:22:31+00:00,2,2025-01-01 00:22:32+00:00,2.0,6.0,9.0,9,17.0,2
1352,2025-01-01 00:22:32+00:00,0,2025-01-01 00:22:33+00:00,6.0,6.0,6.0,0,10.0,0
1353,2025-01-01 00:22:33+00:00,1,2025-01-01 00:22:34+00:00,0.0,5.0,10.0,0,20.0,1
1354,2025-01-01 00:22:34+00:00,1,2025-01-01 00:22:35+00:00,9.0,2.0,10.0,12,36.0,1
1355,2025-01-01 00:22:35+00:00,0,2025-01-01 00:22:36+00:00,8.0,3.0,8.0,9,24.0,0
1356,2025-01-01 00:22:36+00:00,2,2025-01-01 00:22:37+00:00,2.0,6.0,7.0,1,15.0,2
1357,2025-01-01 00:22:37+00:00,0,2025-01-01 00:22:38+00:00,1.0,10.0,8.0,8,14.0,0
1358,2025-01-01 00:22:38+00:00,0,2025-01-01 00:22:39+00:00,7.0,7.0,6.0,1,2.0,0
1359,2025-01-01 00:22:39+00:00,0,2025-01-01 00:22:40+00:00,3.0,1.0,9.0,2,29.0,0
1360,2025-01-01 00:22:40+00:00,1,2025-01-01 00:22:41+00:00,5.0,10.0,7.0,2,1.0,1
1361,2025-01-01 00:22:41+00:00,2,2025-01-01 00:22:42+00:00,9.0,1.0,2.0,5,28.0,2
1362,2025-01-01 00:22:42+00:00,0,2025-01-01 00:22:43+00:00,10.0,10.0,0.0,12,28.0,0
1363,2025-01-01 00:22:43+00:00,0,2025-01-01 00:22:44+00:00,7.0,9.0,9.0,6,31.0,0
1364,2025-01-01 00:22:44+00:00,2,2025-01-01 00:22:45+00:00,6.0,4.0,1.0,8,12.0,2
1365,2025-01-01 00:22:45+00:00,1,2025-01-01 00:22:46+00:00,6.0,9.0,8.0,12,34.0,1
1366,2025-01-01 00:22:46+00:00,1,2025-01-01 00:22:47+00:00,0.0,5.0,2.0,1,2.0,1
1367,2025-01-01 00:22:47+00:00,1,2025-01-01 00:22:48+00:00,8.0,4.0,5.0,8,6.0,1
1368,2025-01-01 00:22:48+00:00,0,2025-01-01 00:22:49+00:00,10.0,8.0,8.0,3,30.0,0
1369,2025-01-01 00:22:49+00:00,2,2025-01-01 00:22:50+00:00,0.0,0.0,0.0,3,2.0,2
1370,2025-01-01 00:22:50+00:00,1,2025-01-01 00:22:51+00:00,5.0,6.0,4.0,1,35.0,1
1371,2025-01-01 00:22:51+00:00,2,2025-01-01 00:22:52+00:00,0.0,10.0,1.0,8,30.0,2
1372,2025-01-01 00:22:52+00:00,2,2025-01-01 00:22:53+00:00,4.0,4.0,2.0,9,2.0,2
1373,2025-01-01 00:22:53+00:00,1,2025-01-01 00:22:54+00:00,6.0,2.0,2.0,1,20.0,1
1374,2025-01-01 00:22:54+00:00,2,2025-01-01 00:22:55+00:00,3.0,3.0,10.0,10,18.0,2
1375,2025-01-01 00:22:55+00:00,1,2025-01-01 00:22:56+00:00,9.0,3.0,9.0,6,20.0,1
1376,2025-01-01 00:22:56+00:00,0,2025-01-01 00:22:57+00:00,3.0,1.0,2.0,11,3.0,0
1377,2025-01-01 00:22:57+00:00,1,2025-01-01 00:22:58+00:00,2.0,6.0,4.0,8,34.0,1
1378,2025-01-01 00:22:58+00:00,1,2025-01-01 00:22:59+00:00,10.0,5.0,2.0,11,20.0,1
1379,2025-01-01 00:22:59+00:00,1,2025-01-01 00:23:00+00:00,0.0,8.0,10.0,0,23.0,1
1380,2025-01-01 00:23:00+00:00,1,2025-01-01 00:23:01+00:00,2.0,4.0,7.0,8,18.0,1
1381,2025-01-01 00:23:01+00:00,2,2025-01-01 00:23:02+00:00,9.0,3.0,0.0,5,14.0,2
1382,2025-01-01 00:23:02+00:00,2,2025-01-01 00:23:03+00:00,0.0,8.0,7.0,8,34.0,2
1383,2025-01-01 00:23:03+00:00,1,2025-01-01 00:23:04+00:00,2.0,5.0,10.0,1,20.0,1
1384,2025-01-01 00:23:04+00:00,2,2025-01-01 00:23:05+00:00,8.0,0.0,1.0,8,36.0,2
1385,2025-01-01 00:23:05+00:00,1,2025-01-01 00:23:06+00:00,9.0,6.0,9.0,1,19.0,1
1386,2025-01-01 00:23:06+00:00,1,2025-01-01 00:23:07+00:00,9.0,9.0,9.0,9,1.0,1
1387,2025-01-01 00:23:07+00:00,1,2025-01-01 00:23:08+00:00,2.0,1.0,1.0,8,26.0,1
1388,2025-01-01 00:23:08+00:00,1,2025-01-01 00:23:09+00:00,7.0,2.0,8.0,5,31.0,1
1389,2025-01-01 00:23:09+00:00,0,2025-01-01 00:23:10+00:00,2.0,4.0,8.0,8,12.0,0
1390,2025-01-01 00:23:10+00:00,1,2025-01-01 00:23:11+00:00,1.0,4.0,3.0,6,31.0,1
1391,2025-01-01 00:23:11+00:00,1,2025-01-01 00:23:12+00:00,8.0,1.0,1.0,9,15.0,1
1392,2025-01-01 00:23:12+00:00,1,2025-01-01 00:23:13+00:00,7.0,7.0,9.0,0,23.0,1
1393,2025-01-01 00:23:13+00:00,1,2025-01-01 00:23:14+00:00,7.0,0.0,10.0,5,12.0,1
1394,2025-01-01 00:23:14+00:00,0,2025-01-01 00:23:15+00:00,2.0,10.0,5.0,5,7.0,0
1395,2025-01-01 00:23:15+00:00,1,2025-01-01 00:23:16+00:00,4.0,5.0,0.0,2,19.0,1
1396,2025-01-01 00:23:16+00:00,2,2025-01-01 00:23:17+00:00,6.0,2.0,7.0,1,13.0,2
1397,2025-01-01 00:23:17+00:00,1,2025-01-01 00:23:18+00:00,10.0,5.0,8.0,5,27.0,1
1398,2025-01-01 00:23:18+00:00,1,2025-01-01 00:23:19+00:00,9.0,7.0,9.0,2,22.0,1
1399,2025-01-01 00:23:19+00:00,1,2025-01-01 00:23:20+00:00,7.0,7.0,2.0,7,1.0,1
1400,2025-01-01 00:23:20+00:00,0,2025-01-01 00:23:21+00:00,4.0,4.0,1.0,11,26.0,0
1401,2025-01-01 00:23:21+00:00,2,2025-01-01 00:23:22+00:00,4.0,0.0,5.0,1,2.0,2
1402,2025-01-01 00:23:22+00:00,1,2025-01-01 00:23:23+00:00,6.0,2.0,8.0,1,16.0,1
1403,2025-01-01 00:23:23+00:00,1,2025-01-01 00:23:24+00:00,9.0,0.0,6.0,7,25.0,1
1404,2025-01-01 00:23:24+00:00,1,2025-01-01 00:23:25+00:00,8.0,8.0,4.0,9,32.0,1
1405,2025-01-01 00:23:25+00:00,1,2025-01-01 00:23:26+00:00,7.0,1.0,7.0,4,12.0,1
1406,2025-01-01 00:23:26+00:00,2,2025-01-01 00:23:27+00:00,3.0,4.0,3.0,9,32.0,2
1407,2025-01-01 00:23:27+00:00,1,2025-01-01 00:23:28+00:00,3.0,6.0,4.0,12,30.0,1
1408,2025-01-01 00:23:28+00:00,1,2025-01-01 00:23:29+00:00,0.0,2.0,8.0,2,25.0,1
1409,2025-01-01 00:23:29+00:00,2,2025-01-01 00:23:30+00:00,10.0,5.0,7.0,7,8.0,2
1410,2025-01-01 00:23:30+00:00,0,2025-01-01 00:23:31+00:00,8.0,10.0,1.0,0,30.0,0
1411,2025-01-01 00:23:31+00:00,0,2025-01-01 00:23:32+00:00,2.0,6.0,4.0,9,26.0,0
1412,2025-01-01 00:23:32+00:00,2,2025-01-01 00:23:33+00:00,2.0,6.0,1.0,1,34.0,2
1413,2025-01-01 00:23:33+00:00,0,2025-01-01 00:23:34+00:00,2.0,8.0,6.0,7,10.0,0
1414,2025-01-01 00:23:34+00:00,2,2025-01-01 00:23:35+00:00,6.0,8.0,9.0,0,0.0,2
1415,2025-01-01 00:23:35+00:00,1,2025-01-01 00:23:36+00:00,9.0,7.0,1.0,3,2.0,1
1416,2025-01-01 00:23:36+00:00,2,2025-01-01 00:23:37+00:00,2.0,2.0,1.0,0,16.0,2
1417,2025-01-01 00:23:37+00:00,1,2025-01-01 00:23:38+00:00,7.0,0.0,7.0,4,19.0,1
1418,2025-01-01 00:23:38+00:00,1,2025-01-01 00:23:39+00:00,1.0,10.0,6.0,0,9.0,1
1419,2025-01-01 00:23:39+00:00,0,2025-01-01 00:23:40+00:00,7.0,7.0,2.0,6,1.0,0
1420,2025-01-01 00:23:40+00:00,0,2025-01-01 00:23:41+00:00,9.0,4.0,8.0,0,8.0,0
1421,2025-01-01 00:23:41+00:00,1,2025-01-01 00:23:42+00:00,9.0,10.0,1.0,5,34.0,1
1422,2025-01-01 00:23:42+00:00,1,2025-01-01 00:23:43+00:00,7.0,8.0,6.0,12,32.0,1
1423,2025-01-01 00:23:43+00:00,2,2025-01-01 00:23:44+00:00,4.0,0.0,8.0,11,14.0,2
1424,2025-01-01 00:23:44+00:00,0,2025-01-01 00:23:45+00:00,6.0,4.0,0.0,0,25.0,0
1425,2025-01-01 00:23:45+00:00,2,2025-01-01 00:23:46+00:00,5.0,3.0,4.0,8,17.0,2
1426,2025-01-01 00:23:46+00:00,0,2025-01-01 00:23:47+00:00,6.0,2.0,2.0,11,0.0,0
1427,2025-01-01 00:23:47+00:00,2,2025-01-01 00:23:48+00:00,3.0,3.0,0.0,0,1.0,2
1428,2025-01-01 00:23:48+00:00,2,2025-01-01 00:23:49+00:00,0.0,8.0,8.0,9,36.0,2
1429,2025-01-01 00:23:49+00:00,2,2025-01-01 00:23:50+00:00,9.0,0.0,6.0,0,34.0,2
1430,2025-01-01 00:23:50+00:00,2,2025-01-01 00:23:51+00:00,3.0,0.0,0.0,0,32.0,2
1431,2025-01-01 00:23:51+00:00,2,2025-01-01 00:23:52+00:00,5.0,1.0,10.0,9,35.0,2
1432,2025-01-01 00:23:52+00:00,0,2025-01-01 00:23:53+00:00,5.0,3.0,4.0,6,26.0,0
1433,2025-01-01 00:23:53+00:00,1,2025-01-01 00:23:54+00:00,2.0,0.0,1.0,0,35.0,1
1434,2025-01-01 00:23:54+00:00,2,2025-01-01 00:23:55+00:00,10.0,3.0,8.0,7,18.0,2
1435,2025-01-01 00:23:55+00:00,1,2025-01-01 00:23:56+00:00,7.0,3.0,5.0,10,12.0,1
1436,2025-01-01 00:23:56+00:00,0,2025-01-01 00:23:57+00:00,8.0,5.0,1.0,8,7.0,0
1437,2025-01-01 00:23:57+00:00,1,2025-01-01 00:23:58+00:00,0.0,0.0,7.0,9,11.0,1
1438,2025-01-01 00:23:58+00:00,1,2025-01-01 00:23:59+00:00,3.0,2.0,9.0,11,27.0,1
1439,2025-01-01 00:23:59+00:00,2,2025-01-01 00:24:00+00:00,6.0,5.0,3.0,12,16.0,2
1440,2025-01-01 00:24:00+00:00,2,2025-01-01 00:24:01+00:00,0.0,1.0,9.0,1,21.0,2
1441,2025-01-01 00:24:01+00:00,2,2025-01-01 00:24:02+00:00,3.0,5.0,8.0,6,5.0,2
1442,2025-01-01 00:24:02+00:00,2,2025-01-01 00:24:03+00:00,7.0,0.0,8.0,6,26.0,2
1443,2025-01-01 00:24:03+00:00,2,2025-01-01 00:24:04+00:00,6.0,8.0,7.0,8,17.0,2
1444,2025-01-01 00:24:04+00:00,1,2025-01-01 00:24:05+00:00,6.0,1.0,8.0,4,32.0,1
1445,2025-01-01 00:24:05+00:00,2,2025-01-01 00:24:06+00:00,8.0,2.0,1.0,2,5.0,2
1446,2025-01-01 00:24:06+00:00,2,2025-01-01 00:24:07+00:00,6.0,10.0,4.0,12,18.0,2
1447,2025-01-01 00:24:07+00:00,2,2025-01-01 00:24:08+00:00,3.0,0.0,10.0,6,14.0,2
1448,2025-01-01 00:24:08+00:00,1,2025-01-01 00:24:09+00:00,9.0,6.0,8.0,0,25.0,1
1449,2025-01-01 00:24:09+00:00,0,2025-01-01 00:24:10+00:00,5.0,4.0,3.0,10,17.0,0
1450,2025-01-01 00:24:10+00:00,1,2025-01-01 00:24:11+00:00,2.0,1.0,10.0,8,24.0,1
1451,2025-01-01 00:24:11+00:00,0,2025-01-01 00:24:12+00:00,4.0,7.0,1.0,3,6.0,0
1452,2025-01-01 00:24:12+00:00,1,2025-01-01 00:24:13+00:00,5.0,10.0,9.0,12,3.0,1
1453,2025-01-01 00:24:13+00:00,2,2025-01-01 00:24:14+00:00,10.0,1.0,1.0,3,28.0,2
1454,2025-01-01 00:24:14+00:00,1,2025-01-01 00:24:15+00:00,3.0,7.0,1.0,6,6.0,1
1455,2025-01-01 00:24:15+00:00,2,2025-01-01 00:24:16+00:00,7.0,7.0,1.0,8,12.0,2
1456,2025-01-01 00:24:16+00:00,1,2025-01-01 00:24:17+00:00,10.0,8.0,5.0,12,22.0,1
1457,2025-01-01 00:24:17+00:00,2,2025-01-01 00:24:18+00:00,2.0,2.0,1.0,6,2.0,2
1458,2025-01-01 00:24:18+00:00,2,2025-01-01 00:24:19+00:00,6.0,7.0,10.0,10,22.0,2
1459,2025-01-01 00:24:19+00:00,0,2025-01-01 00:24:20+00:00,6.0,1.0,0.0,7,0.0,0
1460,2025-01-01 00:24:20+00:00,1,2025-01-01 00:24:21+00:00,9.0,8.0,3.0,9,8.0,1
1461,2025-01-01 00:24:21+00:00,2,2025-01-01 00:24:22+00:00,0.0,2.0,1.0,5,4.0,2
1462,2025-01-01 00:24:22+00:00,1,2025-01-01 00:24:23+00:00,10.0,9.0,5.0,3,19.0,1
1463,2025-01-01 00:24:23+00:00,2,2025-01-01 00:24:24+00:00,7.0,8.0,9.0,12,27.0,2
1464,2025-01-01 00:24:24+00:00,2,2025-01-01 00:24:25+00:00,7.0,5.0,1.0,2,14.0,2
1465,2025-01-01 00:24:25+00:00,1,2025-01-01 00:24:26+00:00,3.0,6.0,0.0,2,18.0,1
1466,2025-01-01 00:24:26+00:00,2,2025-01-01 00:24:27+00:00,5.0,1.0,7.0,1,1.0,2
1467,2025-01-01 00:24:27+00:00,1,2025-01-01 00:24:28+00:00,7.0,10.0,0.0,3,6.0,1
1468,2025-01-01 00:24:28+00:00,2,2025-01-01 00:24:29+00:00,7.0,10.0,2.0,6,3.0,2
1469,2025-01-01 00:24:29+00:00,1,2025-01-01 00:24:30+00:00,7.0,6.0,6.0,4,8.0,1
1470,2025-01-01 00:24:30+00:00,0,2025-01-01 00:24:31+00:00,7.0,6.0,2.0,5,8.0,0
1471,2025-01-01 00:24:31+00:00,1,2025-01-01 00:24:32+00:00,2.0,0.0,5.0,12,23.0,1
1472,2025-01-01 00:24:32+00:00,2,2025-01-01 00:24:33+00:00,1.0,5.0,9.0,7,27.0,2
1473,2025-01-01 00:24:33+00:00,1,2025-01-01 00:24:34+00:00,7.0,5.0,5.0,4,10.0,1
1474,2025-01-01 00:24:34+00:00,1,2025-01-01 00:24:35+00:00,0.0,2.0,2.0,10,9.0,1
1475,2025-01-01 00:24:35+00:00,2,2025-01-01 00:24:36+00:00,1.0,6.0,2.0,0,18.0,2
1476,2025-01-01 00:24:36+00:00,2,2025-01-01 00:24:37+00:00,2.0,1.0,6.0,9,0.0,2
1477,2025-01-01 00:24:37+00:00,2,2025-01-01 00:24:38+00:00,2.0,10.0,6.0,4,31.0,2
1478,2025-01-01 00:24:38+00:00,2,2025-01-01 00:24:39+00:00,3.0,7.0,0.0,5,0.0,2
1479,2025-01-01 00:24:39+00:00,1,2025-01-01 00:24:40+00:00,7.0,2.0,9.0,4,28.0,1
1480,2025-01-01 00:24:40+00:00,2,2025-01-01 00:24:41+00:00,9.0,9.0,8.0,5,6.0,2
1481,2025-01-01 00:24:41+00:00,2,2025-01-01 00:24:42+00:00,9.0,1.0,6.0,3,22.0,2
1482,2025-01-01 00:24:42+00:00,1,2025-01-01 00:24:43+00:00,6.0,10.0,5.0,2,29.0,1
1483,2025-01-01 00:24:43+00:00,1,2025-01-01 00:24:44+00:00,8.0,8.0,6.0,4,0.0,1
1484,2025-01-01 00:24:44+00:00,2,2025-01-01 00:24:45+00:00,9.0,2.0,9.0,0,10.0,2
1485,2025-01-01 00:24:45+00:00,2,2025-01-01 00:24:46+00:00,9.0,3.0,2.0,2,22.0,2
1486,2025-01-01 00:24:46+00:00,2,2025-01-01 00:24:47+00:00,9.0,3.0,5.0,4,21.0,2
1487,2025-01-01 00:24:47+00:00,2,2025-01-01 00:24:48+00:00,3.0,3.0,2.0,4,15.0,2
1488,2025-01-01 00:24:48+00:00,0,2025-01-01 00:24:49+00:00,9.0,0.0,7.0,12,21.0,0
1489,2025-01-01 00:24:49+00:00,1,2025-01-01 00:24:50+00:00,6.0,3.0,1.0,7,29.0,1
1490,2025-01-01 00:24:50+00:00,1,2025-01-01 00:24:51+00:00,7.0,5.0,9.0,12,6.0,1
1491,2025-01-01 00:24:51+00:00,0,2025-01-01 00:24:52+00:00,6.0,4.0,7.0,5,9.0,0
1492,2025-01-01 00:24:52+00:00,0,2025-01-01 00:24:53+00:00,7.0,3.0,0.0,0,36.0,0
1493,2025-01-01 00:24:53+00:00,1,2025-01-01 00:24:54+00:00,1.0,1.0,5.0,11,14.0,1
1494,2025-01-01 00:24:54+00:00,1,2025-01-01 00:24:55+00:00,9.0,7.0,10.0,2,16.0,1
1495,2025-01-01 00:24:55+00:00,0,2025-01-01 00:24:56+00:00,10.0,10.0,5.0,11,34.0,0
1496,2025-01-01 00:24:56+00:00,1,2025-01-01 00:24:57+00:00,7.0,10.0,6.0,9,12.0,1
1497,2025-01-01 00:24:57+00:00,2,2025-01-01 00:24:58+00:00,2.0,5.0,7.0,11,34.0,2
1498,2025-01-01 00:24:58+00:00,1,2025-01-01 00:24:59+00:00,5.0,6.0,7.0,2,25.0,1
1499,2025-01-01 00:24:59+00:00,2,2025-01-01 00:25:00+00:00,10.0,5.0,5.0,1,25.0,2
1500,2025-01-01 00:25:00+00:00,1,2025-01-01 00:25:01+00:00,2.0,8.0,6.0,3,16.0,1
1501,2025-01-01 00:25:01+00:00,1,2025-01-01 00:25:02+00:00,0.0,9.0,10.0,6,25.0,1
1502,2025-01-01 00:25:02+00:00,0,2025-01-01 00:25:03+00:00,3.0,2.0,1.0,7,18.0,0
1503,2025-01-01 00:25:03+00:00,0,2025-01-01 00:25:04+00:00,5.0,3.0,8.0,9,11.0,0
1504,2025-01-01 00:25:04+00:00,1,2025-01-01 00:25:05+00:00,7.0,7.0,10.0,0,20.0,1
1505,2025-01-01 00:25:05+00:00,2,2025-01-01 00:25:06+00:00,4.0,3.0,8.0,11,22.0,2
1506,2025-01-01 00:25:06+00:00,1,2025-01-01 00:25:07+00:00,3.0,6.0,1.0,0,16.0,1
1507,2025-01-01 00:25:07+00:00,2,2025-01-01 00:25:08+00:00,4.0,1.0,3.0,7,11.0,2
1508,2025-01-01 00:25:08+00:00,1,2025-01-01 00:25:09+00:00,9.0,4.0,2.0,9,2.0,1
1509,2025-01-01 00:25:09+00:00,2,2025-01-01 00:25:10+00:00,1.0,7.0,9.0,9,36.0,2
1510,2025-01-01 00:25:10+00:00,1,2025-01-01 00:25:11+00:00,7.0,2.0,3.0,4,22.0,1
1511,2025-01-01 00:25:11+00:00,1,2025-01-01 00:25:12+00:00,5.0,4.0,8.0,5,14.0,1
1512,2025-01-01 00:25:12+00:00,1,2025-01-01 00:25:13+00:00,1.0,10.0,0.0,0,21.0,1
1513,2025-01-01 00:25:13+00:00,2,2025-01-01 00:25:14+00:00,5.0,9.0,9.0,0,2.0,2
1514,2025-01-01 00:25:14+00:00,1,2025-01-01 00:25:15+00:00,4.0,3.0,7.0,8,33.0,1
1515,2025-01-01 00:25:15+00:00,0,2025-01-01 00:25:16+00:00,4.0,6.0,7.0,2,24.0,0
1516,2025-01-01 00:25:16+00:00,2,2025-01-01 00:25:17+00:00,8.0,9.0,9.0,0,3.0,2
1517,2025-01-01 00:25:17+00:00,2,2025-01-01 00:25:18+00:00,0.0,4.0,3.0,5,26.0,2
1518,2025-01-01 00:25:18+00:00,1,2025-01-01 00:25:19+00:00,6.0,7.0,10.0,7,13.0,1
1519,2025-01-01 00:25:19+00:00,0,2025-01-01 00:25:20+00:00,9.0,10.0,4.0,12,5.0,0
1520,2025-01-01 00:25:20+00:00,1,2025-01-01 00:25:21+00:00,7.0,3.0,9.0,6,13.0,1
1521,2025-01-01 00:25:21+00:00,2,2025-01-01 00:25:22+00:00,10.0,5.0,0.0,10,19.0,2
1522,2025-01-01 00:25:22+00:00,0,2025-01-01 00:25:23+00:00,10.0,7.0,0.0,6,25.0,0
1523,2025-01-01 00:25:23+00:00,0,2025-01-01 00:25:24+00:00,8.0,9.0,1.0,10,36.0,0
1524,2025-01-01 00:25:24+00:00,1,2025-01-01 00:25:25+00:00,9.0,4.0,2.0,6,18.0,1
1525,2025-01-01 00:25:25+00:00,2,2025-01-01 00:25:26+00:00,4.0,10.0,10.0,9,1.0,2
1526,2025-01-01 00:25:26+00:00,1,2025-01-01 00:25:27+00:00,9.0,5.0,8.0,7,12.0,1
1527,2025-01-01 00:25:27+00:00,2,2025-01-01 00:25:28+00:00,0.0,2.0,10.0,11,4.0,2
1528,2025-01-01 00:25:28+00:00,2,2025-01-01 00:25:29+00:00,10.0,1.0,5.0,10,33.0,2
1529,2025-01-01 00:25:29+00:00,0,2025-01-01 00:25:30+00:00,5.0,0.0,3.0,7,2.0,0
1530,2025-01-01 00:25:30+00:00,1,2025-01-01 00:25:31+00:00,0.0,8.0,10.0,8,2.0,1
1531,2025-01-01 00:25:31+00:00,1,2025-01-01 00:25:32+00:00,8.0,2.0,10.0,12,18.0,1
1532,2025-01-01 00:25:32+00:00,0,2025-01-01 00:25:33+00:00,10.0,10.0,7.0,10,17.0,0
1533,2025-01-01 00:25:33+00:00,2,2025-01-01 00:25:34+00:00,6.0,6.0,2.0,0,35.0,2
1534,2025-01-01 00:25:34+00:00,0,2025-01-01 00:25:35+00:00,4.0,4.0,3.0,5,24.0,0
1535,2025-01-01 00:25:35+00:00,2,2025-01-01 00:25:36+00:00,4.0,10.0,10.0,2,19.0,2
1536,2025-01-01 00:25:36+00:00,1,2025-01-01 00:25:37+00:00,0.0,2.0,8.0,4,36.0,1
1537,2025-01-01 00:25:37+00:00,1,2025-01-01 00:25:38+00:00,3.0,6.0,5.0,2,19.0,1
1538,2025-01-01 00:25:38+00:00,2,2025-01-01 00:25:39+00:00,10.0,0.0,3.0,6,17.0,2
1539,2025-01-01 00:25:39+00:00,2,2025-01-01 00:25:40+00:00,6.0,2.0,3.0,2,14.0,2
1540,2025-01-01 00:25:40+00:00,1,2025-01-01 00:25:41+00:00,5.0,9.0,4.0,9,31.0,1
1541,2025-01-01 00:25:41+00:00,0,2025-01-01 00:25:42+00:00,9.0,9.0,2.0,0,24.0,0
1542,2025-01-01 00:25:42+00:00,1,2025-01-01 00:25:43+00:00,9.0,9.0,9.0,10,9.0,1
1543,2025-01-01 00:25:43+00:00,1,2025-01-01 00:25:44+00:00,8.0,8.0,7.0,11,31.0,1
1544,2025-01-01 00:25:44+00:00,1,2025-01-01 00:25:45+00:00,5.0,3.0,9.0,8,12.0,1
1545,2025-01-01 00:25:45+00:00,0,2025-01-01 00:25:46+00:00,6.0,2.0,9.0,11,4.0,0
1546,2025-01-01 00:25:46+00:00,2,2025-01-01 00:25:47+00:00,0.0,3.0,8.0,12,36.0,2
1547,2025-01-01 00:25:47+00:00,1,2025-01-01 00:25:48+00:00,4.0,2.0,10.0,11,8.0,1
1548,2025-01-01 00:25:48+00:00,0,2025-01-01 00:25:49+00:00,9.0,7.0,6.0,6,6.0,0
1549,2025-01-01 00:25:49+00:00,2,2025-01-01 00:25:50+00:00,8.0,2.0,0.0,1,30.0,2
1550,2025-01-01 00:25:50+00:00,1,2025-01-01 00:25:51+00:00,2.0,10.0,10.0,12,18.0,1
1551,2025-01-01 00:25:51+00:00,1,2025-01-01 00:25:52+00:00,10.0,3.0,7.0,10,20.0,1
1552,2025-01-01 00:25:52+00:00,1,2025-01-01 00:25:53+00:00,6.0,1.0,9.0,12,11.0,1
1553,2025-01-01 00:25:53+00:00,1,2025-01-01 00:25:54+00:00,3.0,3.0,7.0,0,12.0,1
1554,2025-01-01 00:25:54+00:00,1,2025-01-01 00:25:55+00:00,7.0,6.0,0.0,7,34.0,1
1555,2025-01-01 00:25:55+00:00,0,2025-01-01 00:25:56+00:00,9.0,1.0,7.0,10,2.0,0
1556,2025-01-01 00:25:56+00:00,1,2025-01-01 00:25:57+00:00,4.0,5.0,6.0,3,16.0,1
1557,2025-01-01 00:25:57+00:00,1,2025-01-01 00:25:58+00:00,7.0,4.0,4.0,11,25.0,1
1558,2025-01-01 00:25:58+00:00,0,2025-01-01 00:25:59+00:00,0.0,9.0,3.0,12,0.0,0
1559,2025-01-01 00:25:59+00:00,2,2025-01-01 00:26:00+00:00,8.0,0.0,10.0,3,24.0,2
1560,2025-01-01 00:26:00+00:00,0,2025-01-01 00:26:01+00:00,10.0,0.0,10.0,7,34.0,0
1561,2025-01-01 00:26:01+00:00,1,2025-01-01 00:26:02+00:00,3.0,3.0,5.0,11,26.0,1
1562,2025-01-01 00:26:02+00:00,1,2025-01-01 00:26:03+00:00,7.0,0.0,8.0,11,35.0,1
1563,2025-01-01 00:26:03+00:00,1,2025-01-01 00:26:04+00:00,1.0,1.0,3.0,10,9.0,1
1564,2025-01-01 00:26:04+00:00,1,2025-01-01 00:26:05+00:00,2.0,10.0,1.0,1,25.0,1
1565,2025-01-01 00:26:05+00:00,0,2025-01-01 00:26:06+00:00,7.0,7.0,4.0,5,17.0,0
1566,2025-01-01 00:26:06+00:00,2,2025-01-01 00:26:07+00:00,7.0,1.0,4.0,6,4.0,2
1567,2025-01-01 00:26:07+00:00,1,2025-01-01 00:26:08+00:00,6.0,2.0,3.0,5,36.0,1
1568,2025-01-01 00:26:08+00:00,0,2025-01-01 00:26:09+00:00,3.0,6.0,8.0,6,3.0,0
1569,2025-01-01 00:26:09+00:00,2,2025-01-01 00:26:10+00:00,4.0,0.0,9.0,8,7.0,2
1570,2025-01-01 00:26:10+00:00,1,2025-01-01 00:26:11+00:00,5.0,2.0,3.0,12,29.0,1
1571,2025-01-01 00:26:11+00:00,2,2025-01-01 00:26:12+00:00,9.0,8.0,6.0,0,8.0,2
1572,2025-01-01 00:26:12+00:00,1,2025-01-01 00:26:13+00:00,5.0,4.0,8.0,9,18.0,1
1573,2025-01-01 00:26:13+00:00,2,2025-01-01 00:26:14+00:00,4.0,4.0,5.0,6,25.0,2
1574,2025-01-01 00:26:14+00:00,0,2025-01-01 00:26:15+00:00,6.0,0.0,3.0,12,26.0,0
1575,2025-01-01 00:26:15+00:00,1,2025-01-01 00:26:16+00:00,6.0,6.0,0.0,2,12.0,1
1576,2025-01-01 00:26:16+00:00,0,2025-01-01 00:26:17+00:00,5.0,6.0,0.0,5,33.0,0
1577,2025-01-01 00:26:17+00:00,0,2025-01-01 00:26:18+00:00,0.0,6.0,4.0,11,23.0,0
1578,2025-01-01 00:26:18+00:00,2,2025-01-01 00:26:19+00:00,9.0,1.0,10.0,8,36.0,2
1579,2025-01-01 00:26:19+00:00,2,2025-01-01 00:26:20+00:00,1.0,8.0,3.0,3,20.0,2
1580,2025-01-01 00:26:20+00:00,1,2025-01-01 00:26:21+00:00,2.0,3.0,7.0,7,5.0,1
1581,2025-01-01 00:26:21+00:00,0,2025-01-01 00:26:22+00:00,7.0,3.0,3.0,3,9.0,0
1582,2025-01-01 00:26:22+00:00,1,2025-01-01 00:26:23+00:00,8.0,2.0,5.0,3,10.0,1
1583,2025-01-01 00:26:23+00:00,1,2025-01-01 00:26:24+00:00,7.0,3.0,9.0,11,10.0,1
1584,2025-01-01 00:26:24+00:00,0,2025-01-01 00:26:25+00:00,0.0,1.0,6.0,9,12.0,0
1585,2025-01-01 00:26:25+00:00,1,2025-01-01 00:26:26+00:00,9.0,0.0,10.0,7,21.0,1
1586,2025-01-01 00:26:26+00:00,0,2025-01-01 00:26:27+00:00,9.0,9.0,9.0,1,12.0,0
1587,2025-01-01 00:26:27+00:00,2,2025-01-01 00:26:28+00:00,6.0,10.0,2.0,2,31.0,2
1588,2025-01-01 00:26:28+00:00,2,2025-01-01 00:26:29+00:00,7.0,0.0,7.0,0,13.0,2
1589,2025-01-01 00:26:29+00:00,1,2025-01-01 00:26:30+00:00,1.0,0.0,10.0,7,19.0,1
1590,2025-01-01 00:26:30+00:00,2,2025-01-01 00:26:31+00:00,7.0,6.0,2.0,5,36.0,2
1591,2025-01-01 00:26:31+00:00,0,2025-01-01 00:26:32+00:00,6.0,1.0,4.0,9,28.0,0
1592,2025-01-01 00:26:32+00:00,2,2025-01-01 00:26:33+00:00,9.0,8.0,6.0,0,20.0,2
1593,2025-01-01 00:26:33+00:00,1,2025-01-01 00:26:34+00:00,2.0,3.0,9.0,4,24.0,1
1594,2025-01-01 00:26:34+00:00,2,2025-01-01 00:26:35+00:00,9.0,4.0,8.0,5,14.0,2
1595,2025-01-01 00:26:35+00:00,2,2025-01-01 00:26:36+00:00,4.0,2.0,10.0,2,21.0,2
1596,2025-01-01 00:26:36+00:00,0,2025-01-01 00:26:37+00:00,3.0,7.0,8.0,10,34.0,0
1597,2025-01-01 00:26:37+00:00,1,2025-01-01 00:26:38+00:00,3.0,4.0,9.0,10,23.0,1
1598,2025-01-01 00:26:38+00:00,1,2025-01-01 00:26:39+00:00,10.0,7.0,9.0,4,36.0,1
1599,2025-01-01 00:26:39+00:00,0,2025-01-01 00:26:40+00:00,6.0,1.0,6.0,6,8.0,0
1600,2025-01-01 00:26:40+00:00,2,2025-01-01 00:26:41+00:00,5.0,5.0,5.0,7,22.0,2
1601,2025-01-01 00:26:41+00:00,1,2025-01-01 00:26:42+00:00,10.0,0.0,5.0,1,26.0,1
1602,2025-01-01 00:26:42+00:00,0,2025-01-01 00:26:43+00:00,3.0,3.0,8.0,6,34.0,0
1603,2025-01-01 00:26:43+00:00,2,2025-01-01 00:26:44+00:00,6.0,3.0,0.0,9,19.0,2
1604,2025-01-01 00:26:44+00:00,0,2025-01-01 00:26:45+00:00,0.0,9.0,4.0,11,4.0,0
1605,2025-01-01 00:26:45+00:00,1,2025-01-01 00:26:46+00:00,2.0,4.0,5.0,2,35.0,1
1606,2025-01-01 00:26:46+00:00,0,2025-01-01 00:26:47+00:00,6.0,7.0,4.0,8,0.0,0
1607,2025-01-01 00:26:47+00:00,2,2025-01-01 00:26:48+00:00,0.0,2.0,9.0,4,17.0,2
1608,2025-01-01 00:26:48+00:00,1,2025-01-01 00:26:49+00:00,7.0,3.0,4.0,2,2.0,1
1609,2025-01-01 00:26:49+00:00,1,2025-01-01 00:26:50+00:00,1.0,10.0,4.0,1,32.0,1
1610,2025-01-01 00:26:50+00:00,2,2025-01-01 00:26:51+00:00,10.0,8.0,6.0,11,32.0,2
1611,2025-01-01 00:26:51+00:00,1,2025-01-01 00:26:52+00:00,9.0,4.0,2.0,7,26.0,1
1612,2025-01-01 00:26:52+00:00,1,2025-01-01 00:26:53+00:00,9.0,3.0,10.0,10,5.0,1
1613,2025-01-01 00:26:53+00:00,1,2025-01-01 00:26:54+00:00,9.0,4.0,6.0,9,35.0,1
1614,2025-01-01 00:26:54+00:00,1,2025-01-01 00:26:55+00:00,7.0,9.0,8.0,9,1.0,1
1615,2025-01-01 00:26:55+00:00,0,2025-01-01 00:26:56+00:00,0.0,10.0,8.0,4,29.0,0
1616,2025-01-01 00:26:56+00:00,1,2025-01-01 00:26:57+00:00,7.0,3.0,7.0,8,4.0,1
1617,2025-01-01 00:26:57+00:00,0,2025-01-01 00:26:58+00:00,6.0,3.0,8.0,0,9.0,0
1618,2025-01-01 00:26:58+00:00,0,2025-01-01 00:26:59+00:00,8.0,8.0,1.0,2,36.0,0
1619,2025-01-01 00:26:59+00:00,2,2025-01-01 00:27:00+00:00,0.0,6.0,6.0,11,2.0,2
1620,2025-01-01 00:27:00+00:00,0,2025-01-01 00:27:01+00:00,4.0,8.0,10.0,6,19.0,0
1621,2025-01-01 00:27:01+00:00,1,2025-01-01 00:27:02+00:00,3.0,5.0,5.0,11,28.0,1
1622,2025-01-01 00:27:02+00:00,0,2025-01-01 00:27:03+00:00,7.0,10.0,0.0,5,8.0,0
1623,2025-01-01 00:27:03+00:00,2,2025-01-01 00:27:04+00:00,0.0,4.0,5.0,8,34.0,2
1624,2025-01-01 00:27:04+00:00,2,2025-01-01 00:27:05+00:00,0.0,3.0,6.0,8,28.0,2
1625,2025-01-01 00:27:05+00:00,2,2025-01-01 00:27:06+00:00,7.0,9.0,7.0,8,3.0,2
1626,2025-01-01 00:27:06+00:00,1,2025-01-01 00:27:07+00:00,6.0,7.0,9.0,12,18.0,1
1627,2025-01-01 00:27:07+00:00,1,2025-01-01 00:27:08+00:00,3.0,2.0,9.0,5,30.0,1
1628,2025-01-01 00:27:08+00:00,1,2025-01-01 00:27:09+00:00,10.0,7.0,3.0,1,32.0,1
1629,2025-01-01 00:27:09+00:00,0,2025-01-01 00:27:10+00:00,10.0,2.0,3.0,3,11.0,0
1630,2025-01-01 00:27:10+00:00,0,2025-01-01 00:27:11+00:00,6.0,0.0,7.0,3,19.0,0
1631,2025-01-01 00:27:11+00:00,1,2025-01-01 00:27:12+00:00,10.0,1.0,10.0,7,17.0,1
1632,2025-01-01 00:27:12+00:00,0,2025-01-01 00:27:13+00:00,6.0,9.0,8.0,1,18.0,0
1633,2025-01-01 00:27:13+00:00,2,2025-01-01 00:27:14+00:00,7.0,7.0,4.0,0,8.0,2
1634,2025-01-01 00:27:14+00:00,1,2025-01-01 00:27:15+00:00,6.0,10.0,5.0,11,1.0,1
1635,2025-01-01 00:27:15+00:00,0,2025-01-01 00:27:16+00:00,1.0,9.0,6.0,6,26.0,0
1636,2025-01-01 00:27:16+00:00,2,2025-01-01 00:27:17+00:00,2.0,10.0,3.0,4,34.0,2
1637,2025-01-01 00:27:17+00:00,2,2025-01-01 00:27:18+00:00,9.0,0.0,1.0,7,28.0,2
1638,2025-01-01 00:27:18+00:00,1,2025-01-01 00:27:19+00:00,3.0,5.0,1.0,7,19.0,1
1639,2025-01-01 00:27:19+00:00,1,2025-01-01 00:27:20+00:00,1.0,9.0,9.0,12,22.0,1
1640,2025-01-01 00:27:20+00:00,1,2025-01-01 00:27:21+00:00,10.0,7.0,6.0,4,5.0,1
1641,2025-01-01 00:27:21+00:00,2,2025-01-01 00:27:22+00:00,4.0,4.0,10.0,4,35.0,2
1642,2025-01-01 00:27:22+00:00,2,2025-01-01 00:27:23+00:00,6.0,1.0,5.0,10,30.0,2
1643,2025-01-01 00:27:23+00:00,1,2025-01-01 00:27:24+00:00,0.0,4.0,0.0,9,20.0,1
1644,2025-01-01 00:27:24+00:00,1,2025-01-01 00:27:25+00:00,1.0,8.0,7.0,3,5.0,1
1645,2025-01-01 00:27:25+00:00,1,2025-01-01 00:27:26+00:00,10.0,1.0,0.0,7,35.0,1
1646,2025-01-01 00:27:26+00:00,1,2025-01-01 00:27:27+00:00,7.0,0.0,6.0,10,35.0,1
1647,2025-01-01 00:27:27+00:00,2,2025-01-01 00:27:28+00:00,3.0,0.0,6.0,0,3.0,2
1648,2025-01-01 00:27:28+00:00,1,2025-01-01 00:27:29+00:00,2.0,2.0,4.0,11,6.0,1
1649,2025-01-01 00:27:29+00:00,0,2025-01-01 00:27:30+00:00,0.0,1.0,6.0,6,15.0,0
1650,2025-01-01 00:27:30+00:00,0,2025-01-01 00:27:31+00:00,10.0,2.0,0.0,5,24.0,0
1651,2025-01-01 00:27:31+00:00,2,2025-01-01 00:27:32+00:00,3.0,3.0,9.0,1,12.0,2
1652,2025-01-01 00:27:32+00:00,2,2025-01-01 00:27:33+00:00,5.0,6.0,10.0,4,21.0,2
1653,2025-01-01 00:27:33+00:00,2,2025-01-01 00:27:34+00:00,4.0,9.0,8.0,6,27.0,2
1654,2025-01-01 00:27:34+00:00,1,2025-01-01 00:27:35+00:00,10.0,3.0,4.0,10,36.0,1
1655,2025-01-01 00:27:35+00:00,1,2025-01-01 00:27:36+00:00,6.0,5.0,5.0,9,4.0,1
1656,2025-01-01 00:27:36+00:00,1,2025-01-01 00:27:37+00:00,4.0,1.0,4.0,7,23.0,1
1657,2025-01-01 00:27:37+00:00,0,2025-01-01 00:27:38+00:00,10.0,3.0,5.0,3,35.0,0
1658,2025-01-01 00:27:38+00:00,2,2025-01-01 00:27:39+00:00,4.0,3.0,6.0,7,9.0,2
1659,2025-01-01 00:27:39+00:00,2,2025-01-01 00:27:40+00:00,4.0,3.0,10.0,4,26.0,2
1660,2025-01-01 00:27:40+00:00,1,2025-01-01 00:27:41+00:00,9.0,7.0,9.0,10,15.0,1
1661,2025-01-01 00:27:41+00:00,2,2025-01-01 00:27:42+00:00,1.0,6.0,8.0,10,12.0,2
1662,2025-01-01 00:27:42+00:00,1,2025-01-01 00:27:43+00:00,0.0,1.0,4.0,8,27.0,1
1663,2025-01-01 00:27:43+00:00,0,2025-01-01 00:27:44+00:00,2.0,1.0,4.0,6,12.0,0
1664,2025-01-01 00:27:44+00:00,0,2025-01-01 00:27:45+00:00,4.0,5.0,6.0,3,12.0,0
1665,2025-01-01 00:27:45+00:00,1,2025-01-01 00:27:46+00:00,8.0,10.0,1.0,10,7.0,1
1666,2025-01-01 00:27:46+00:00,1,2025-01-01 00:27:47+00:00,10.0,0.0,6.0,10,35.0,1
1667,2025-01-01 00:27:47+00:00,1,2025-01-01 00:27:48+00:00,9.0,9.0,4.0,11,2.0,1
1668,2025-01-01 00:27:48+00:00,2,2025-01-01 00:27:49+00:00,9.0,8.0,4.0,1,3.0,2
1669,2025-01-01 00:27:49+00:00,0,2025-01-01 00:27:50+00:00,0.0,4.0,10.0,2,2.0,0
1670,2025-01-01 00:27:50+00:00,1,2025-01-01 00:27:51+00:00,9.0,9.0,0.0,3,18.0,1
1671,2025-01-01 00:27:51+00:00,2,2025-01-01 00:27:52+00:00,0.0,3.0,5.0,3,4.0,2
1672,2025-01-01 00:27:52+00:00,0,2025-01-01 00:27:53+00:00,1.0,3.0,2.0,12,6.0,0
1673,2025-01-01 00:27:53+00:00,2,2025-01-01 00:27:54+00:00,8.0,8.0,10.0,1,18.0,2
1674,2025-01-01 00:27:54+00:00,1,2025-01-01 00:27:55+00:00,6.0,7.0,8.0,5,31.0,1
1675,2025-01-01 00:27:55+00:00,1,2025-01-01 00:27:56+00:00,3.0,10.0,2.0,1,22.0,1
1676,2025-01-01 00:27:56+00:00,0,2025-01-01 00:27:57+00:00,1.0,6.0,8.0,4,22.0,0
1677,2025-01-01 00:27:57+00:00,1,2025-01-01 00:27:58+00:00,7.0,1.0,7.0,9,34.0,1
1678,2025-01-01 00:27:58+00:00,1,2025-01-01 00:27:59+00:00,0.0,5.0,1.0,9,21.0,1
1679,2025-01-01 00:27:59+00:00,1,2025-01-01 00:28:00+00:00,7.0,10.0,1.0,7,9.0,1
1680,2025-01-01 00:28:00+00:00,1,2025-01-01 00:28:01+00:00,10.0,0.0,1.0,4,17.0,1
1681,2025-01-01 00:28:01+00:00,2,2025-01-01 00:28:02+00:00,1.0,0.0,0.0,10,26.0,2
1682,2025-01-01 00:28:02+00:00,2,2025-01-01 00:28:03+00:00,7.0,6.0,2.0,3,32.0,2
1683,2025-01-01 00:28:03+00:00,0,2025-01-01 00:28:04+00:00,7.0,5.0,2.0,8,12.0,0
1684,2025-01-01 00:28:04+00:00,1,2025-01-01 00:28:05+00:00,1.0,3.0,5.0,10,1.0,1
1685,2025-01-01 00:28:05+00:00,2,2025-01-01 00:28:06+00:00,6.0,4.0,1.0,10,23.0,2
1686,2025-01-01 00:28:06+00:00,0,2025-01-01 00:28:07+00:00,1.0,9.0,4.0,11,21.0,0
1687,2025-01-01 00:28:07+00:00,1,2025-01-01 00:28:08+00:00,7.0,4.0,10.0,2,35.0,1
1688,2025-01-01 00:28:08+00:00,1,2025-01-01 00:28:09+00:00,8.0,10.0,0.0,10,14.0,1
1689,2025-01-01 00:28:09+00:00,0,2025-01-01 00:28:10+00:00,9.0,9.0,0.0,5,21.0,0
1690,2025-01-01 00:28:10+00:00,1,2025-01-01 00:28:11+00:00,9.0,0.0,6.0,9,27.0,1
1691,2025-01-01 00:28:11+00:00,0,2025-01-01 00:28:12+00:00,1.0,0.0,6.0,5,26.0,0
1692,2025-01-01 00:28:12+00:00,2,2025-01-01 00:28:13+00:00,6.0,1.0,3.0,6,35.0,2
1693,2025-01-01 00:28:13+00:00,1,2025-01-01 00:28:14+00:00,9.0,9.0,2.0,10,25.0,1
1694,2025-01-01 00:28:14+00:00,0,2025-01-01 00:28:15+00:00,3.0,2.0,4.0,2,13.0,0
1695,2025-01-01 00:28:15+00:00,1,2025-01-01 00:28:16+00:00,3.0,6.0,9.0,1,20.0,1
1696,2025-01-01 00:28:16+00:00,1,2025-01-01 00:28:17+00:00,2.0,5.0,7.0,0,15.0,1
1697,2025-01-01 00:28:17+00:00,1,2025-01-01 00:28:18+00:00,8.0,6.0,3.0,0,17.0,1
1698,2025-01-01 00:28:18+00:00,2,2025-01-01 00:28:19+00:00,7.0,4.0,2.0,9,8.0,2
1699,2025-01-01 00:28:19+00:00,2,2025-01-01 00:28:20+00:00,6.0,6.0,9.0,3,30.0,2
1700,2025-01-01 00:28:20+00:00,2,2025-01-01 00:28:21+00:00,4.0,8.0,5.0,0,11.0,2
1701,2025-01-01 00:28:21+00:00,1,2025-01-01 00:28:22+00:00,9.0,0.0,0.0,0,1.0,1
1702,2025-01-01 00:28:22+00:00,1,2025-01-01 00:28:23+00:00,8.0,5.0,5.0,9,19.0,1
1703,2025-01-01 00:28:23+00:00,0,2025-01-01 00:28:24+00:00,3.0,1.0,6.0,10,29.0,0
1704,2025-01-01 00:28:24+00:00,1,2025-01-01 00:28:25+00:00,1.0,9.0,4.0,12,22.0,1
1705,2025-01-01 00:28:25+00:00,2,2025-01-01 00:28:26+00:00,0.0,5.0,2.0,10,30.0,2
1706,2025-01-01 00:28:26+00:00,2,2025-01-01 00:28:27+00:00,10.0,1.0,9.0,0,9.0,2
1707,2025-01-01 00:28:27+00:00,1,2025-01-01 00:28:28+00:00,10.0,6.0,3.0,5,15.0,1
1708,2025-01-01 00:28:28+00:00,0,2025-01-01 00:28:29+00:00,6.0,3.0,7.0,1,5.0,0
1709,2025-01-01 00:28:29+00:00,1,2025-01-01 00:28:30+00:00,1.0,3.0,2.0,4,27.0,1
1710,2025-01-01 00:28:30+00:00,1,2025-01-01 00:28:31+00:00,7.0,10.0,8.0,3,31.0,1
1711,2025-01-01 00:28:31+00:00,2,2025-01-01 00:28:32+00:00,10.0,0.0,6.0,12,22.0,2
1712,2025-01-01 00:28:32+00:00,2,2025-01-01 00:28:33+00:00,2.0,4.0,5.0,5,14.0,2
1713,2025-01-01 00:28:33+00:00,2,2025-01-01 00:28:34+00:00,8.0,4.0,9.0,6,10.0,2
1714,2025-01-01 00:28:34+00:00,1,2025-01-01 00:28:35+00:00,5.0,0.0,6.0,9,8.0,1
1715,2025-01-01 00:28:35+00:00,0,2025-01-01 00:28:36+00:00,6.0,7.0,2.0,9,14.0,0
1716,2025-01-01 00:28:36+00:00,1,2025-01-01 00:28:37+00:00,9.0,1.0,4.0,6,23.0,1
1717,2025-01-01 00:28:37+00:00,1,2025-01-01 00:28:38+00:00,9.0,7.0,2.0,5,7.0,1
1718,2025-01-01 00:28:38+00:00,1,2025-01-01 00:28:39+00:00,7.0,8.0,10.0,2,15.0,1
1719,2025-01-01 00:28:39+00:00,1,2025-01-01 00:28:40+00:00,0.0,6.0,3.0,6,14.0,1
1720,2025-01-01 00:28:40+00:00,1,2025-01-01 00:28:41+00:00,2.0,0.0,0.0,11,33.0,1
1721,2025-01-01 00:28:41+00:00,2,2025-01-01 00:28:42+00:00,7.0,10.0,9.0,6,1.0,2
1722,2025-01-01 00:28:42+00:00,2,2025-01-01 00:28:43+00:00,10.0,10.0,4.0,9,18.0,2
1723,2025-01-01 00:28:43+00:00,1,2025-01-01 00:28:44+00:00,3.0,2.0,4.0,9,23.0,1
1724,2025-01-01 00:28:44+00:00,2,2025-01-01 00:28:45+00:00,6.0,1.0,7.0,5,33.0,2
1725,2025-01-01 00:28:45+00:00,2,2025-01-01 00:28:46+00:00,4.0,10.0,1.0,0,18.0,2
1726,2025-01-01 00:28:46+00:00,1,2025-01-01 00:28:47+00:00,4.0,8.0,10.0,3,30.0,1
1727,2025-01-01 00:28:47+00:00,1,2025-01-01 00:28:48+00:00,7.0,7.0,8.0,4,2.0,1
1728,2025-01-01 00:28:48+00:00,2,2025-01-01 00:28:49+00:00,1.0,6.0,1.0,1,23.0,2
1729,2025-01-01 00:28:49+00:00,0,2025-01-01 00:28:50+00:00,9.0,8.0,3.0,10,12.0,0
1730,2025-01-01 00:28:50+00:00,2,2025-01-01 00:28:51+00:00,4.0,5.0,10.0,8,4.0,2
1731,2025-01-01 00:28:51+00:00,2,2025-01-01 00:28:52+00:00,6.0,6.0,10.0,2,6.0,2
1732,2025-01-01 00:28:52+00:00,0,2025-01-01 00:28:53+00:00,6.0,8.0,7.0,9,13.0,0
1733,2025-01-01 00:28:53+00:00,1,2025-01-01 00:28:54+00:00,9.0,8.0,10.0,3,16.0,1
1734,2025-01-01 00:28:54+00:00,0,2025-01-01 00:28:55+00:00,1.0,3.0,0.0,12,34.0,0
1735,2025-01-01 00:28:55+00:00,0,2025-01-01 00:28:56+00:00,8.0,2.0,7.0,12,30.0,0
1736,2025-01-01 00:28:56+00:00,0,2025-01-01 00:28:57+00:00,2.0,7.0,10.0,8,24.0,0
1737,2025-01-01 00:28:57+00:00,0,2025-01-01 00:28:58+00:00,3.0,4.0,10.0,4,31.0,0
1738,2025-01-01 00:28:58+00:00,2,2025-01-01 00:28:59+00:00,1.0,10.0,9.0,9,30.0,2
1739,2025-01-01 00:28:59+00:00,2,2025-01-01 00:29:00+00:00,9.0,9.0,10.0,6,33.0,2
1740,2025-01-01 00:29:00+00:00,0,2025-01-01 00:29:01+00:00,3.0,7.0,9.0,3,11.0,0
1741,2025-01-01 00:29:01+00:00,1,2025-01-01 00:29:02+00:00,0.0,1.0,5.0,7,7.0,1
1742,2025-01-01 00:29:02+00:00,1,2025-01-01 00:29:03+00:00,5.0,8.0,9.0,11,13.0,1
1743,2025-01-01 00:29:03+00:00,2,2025-01-01 00:29:04+00:00,5.0,7.0,1.0,9,11.0,2
1744,2025-01-01 00:29:04+00:00,2,2025-01-01 00:29:05+00:00,10.0,3.0,2.0,0,13.0,2
1745,2025-01-01 00:29:05+00:00,1,2025-01-01 00:29:06+00:00,8.0,5.0,4.0,9,10.0,1
1746,2025-01-01 00:29:06+00:00,0,2025-01-01 00:29:07+00:00,0.0,5.0,1.0,9,1.0,0
1747,2025-01-01 00:29:07+00:00,0,2025-01-01 00:29:08+00:00,3.0,5.0,6.0,10,13.0,0
1748,2025-01-01 00:29:08+00:00,2,2025-01-01 00:29:09+00:00,8.0,9.0,9.0,3,4.0,2
1749,2025-01-01 00:29:09+00:00,1,2025-01-01 00:29:10+00:00,4.0,1.0,5.0,8,11.0,1
1750,2025-01-01 00:29:10+00:00,1,2025-01-01 00:29:11+00:00,6.0,2.0,8.0,10,1.0,1
1751,2025-01-01 00:29:11+00:00,1,2025-01-01 00:29:12+00:00,4.0,7.0,0.0,5,14.0,1
1752,2025-01-01 00:29:12+00:00,2,2025-01-01 00:29:13+00:00,3.0,9.0,7.0,9,32.0,2
1753,2025-01-01 00:29:13+00:00,0,2025-01-01 00:29:14+00:00,10.0,0.0,1.0,6,31.0,0
1754,2025-01-01 00:29:14+00:00,1,2025-01-01 00:29:15+00:00,3.0,6.0,8.0,8,22.0,1
1755,2025-01-01 00:29:15+00:00,2,2025-01-01 00:29:16+00:00,2.0,6.0,6.0,6,28.0,2
1756,2025-01-01 00:29:16+00:00,0,2025-01-01 00:29:17+00:00,2.0,2.0,8.0,10,34.0,0
1757,2025-01-01 00:29:17+00:00,0,2025-01-01 00:29:18+00:00,6.0,5.0,9.0,7,24.0,0
1758,2025-01-01 00:29:18+00:00,1,2025-01-01 00:29:19+00:00,1.0,4.0,1.0,12,28.0,1
1759,2025-01-01 00:29:19+00:00,0,2025-01-01 00:29:20+00:00,5.0,1.0,8.0,8,28.0,0
1760,2025-01-01 00:29:20+00:00,1,2025-01-01 00:29:21+00:00,4.0,4.0,9.0,11,11.0,1
1761,2025-01-01 00:29:21+00:00,1,2025-01-01 00:29:22+00:00,9.0,3.0,0.0,1,6.0,1
1762,2025-01-01 00:29:22+00:00,1,2025-01-01 00:29:23+00:00,2.0,2.0,3.0,3,26.0,1
1763,2025-01-01 00:29:23+00:00,2,2025-01-01 00:29:24+00:00,2.0,6.0,10.0,11,27.0,2
1764,2025-01-01 00:29:24+00:00,1,2025-01-01 00:29:25+00:00,1.0,10.0,4.0,4,25.0,1
1765,2025-01-01 00:29:25+00:00,2,2025-01-01 00:29:26+00:00,3.0,5.0,10.0,4,16.0,2
1766,2025-01-01 00:29:26+00:00,2,2025-01-01 00:29:27+00:00,8.0,3.0,10.0,11,17.0,2
1767,2025-01-01 00:29:27+00:00,2,2025-01-01 00:29:28+00:00,7.0,3.0,6.0,6,19.0,2
1768,2025-01-01 00:29:28+00:00,1,2025-01-01 00:29:29+00:00,2.0,10.0,6.0,12,35.0,1
1769,2025-01-01 00:29:29+00:00,2,2025-01-01 00:29:30+00:00,0.0,5.0,0.0,9,11.0,2
1770,2025-01-01 00:29:30+00:00,0,2025-01-01 00:29:31+00:00,7.0,7.0,3.0,11,31.0,0
1771,2025-01-01 00:29:31+00:00,1,2025-01-01 00:29:32+00:00,6.0,2.0,5.0,8,22.0,1
1772,2025-01-01 00:29:32+00:00,1,2025-01-01 00:29:33+00:00,4.0,3.0,5.0,3,4.0,1
1773,2025-01-01 00:29:33+00:00,2,2025-01-01 00:29:34+00:00,1.0,1.0,1.0,2,15.0,2
1774,2025-01-01 00:29:34+00:00,0,2025-01-01 00:29:35+00:00,2.0,10.0,5.0,1,3.0,0
1775,2025-01-01 00:29:35+00:00,2,2025-01-01 00:29:36+00:00,10.0,6.0,0.0,12,5.0,2
1776,2025-01-01 00:29:36+00:00,2,2025-01-01 00:29:37+00:00,0.0,6.0,2.0,7,11.0,2
1777,2025-01-01 00:29:37+00:00,2,2025-01-01 00:29:38+00:00,5.0,6.0,2.0,12,27.0,2
1778,2025-01-01 00:29:38+00:00,1,2025-01-01 00:29:39+00:00,9.0,9.0,0.0,6,36.0,1
1779,2025-01-01 00:29:39+00:00,2,2025-01-01 00:29:40+00:00,0.0,5.0,9.0,9,34.0,2
1780,2025-01-01 00:29:40+00:00,1,2025-01-01 00:29:41+00:00,3.0,8.0,8.0,8,2.0,1
1781,2025-01-01 00:29:41+00:00,0,2025-01-01 00:29:42+00:00,0.0,10.0,2.0,8,11.0,0
1782,2025-01-01 00:29:42+00:00,2,2025-01-01 00:29:43+00:00,1.0,5.0,4.0,9,1.0,2
1783,2025-01-01 00:29:43+00:00,2,2025-01-01 00:29:44+00:00,3.0,1.0,0.0,10,10.0,2
1784,2025-01-01 00:29:44+00:00,1,2025-01-01 00:29:45+00:00,9.0,2.0,6.0,12,21.0,1
1785,2025-01-01 00:29:45+00:00,2,2025-01-01 00:29:46+00:00,3.0,9.0,2.0,2,6.0,2
1786,2025-01-01 00:29:46+00:00,1,2025-01-01 00:29:47+00:00,0.0,5.0,2.0,9,32.0,1
1787,2025-01-01 00:29:47+00:00,2,2025-01-01 00:29:48+00:00,4.0,4.0,5.0,0,0.0,2
1788,2025-01-01 00:29:48+00:00,2,2025-01-01 00:29:49+00:00,4.0,10.0,5.0,0,10.0,2
1789,2025-01-01 00:29:49+00:00,1,2025-01-01 00:29:50+00:00,10.0,5.0,4.0,10,4.0,1
1790,2025-01-01 00:29:50+00:00,0,2025-01-01 00:29:51+00:00,2.0,1.0,0.0,12,20.0,0
1791,2025-01-01 00:29:51+00:00,0,2025-01-01 00:29:52+00:00,3.0,2.0,0.0,12,35.0,0
1792,2025-01-01 00:29:52+00:00,2,2025-01-01 00:29:53+00:00,6.0,0.0,3.0,8,36.0,2
1793,2025-01-01 00:29:53+00:00,1,2025-01-01 00:29:54+00:00,6.0,7.0,2.0,0,2.0,1
1794,2025-01-01 00:29:54+00:00,2,2025-01-01 00:29:55+00:00,3.0,4.0,8.0,5,1.0,2
1795,2025-01-01 00:29:55+00:00,0,2025-01-01 00:29:56+00:00,1.0,9.0,1.0,9,16.0,0
1796,2025-01-01 00:29:56+00:00,1,2025-01-01 00:29:57+00:00,1.0,9.0,2.0,7,27.0,1
1797,2025-01-01 00:29:57+00:00,0,2025-01-01 00:29:58+00:00,6.0,3.0,9.0,5,25.0,0
1798,2025-01-01 00:29:58+00:00,1,2025-01-01 00:29:59+00:00,3.0,7.0,1.0,3,34.0,1
1799,2025-01-01 00:29:59+00:00,2,2025-01-01 00:30:00+00:00,2.0,7.0,6.0,3,13.0,2
1800,2025-01-01 00:30:00+00:00,0,2025-01-01 00:30:01+00:00,2.0,4.0,8.0,3,7.0,0
1801,2025-01-01 00:30:01+00:00,1,2025-01-01 00:30:02+00:00,9.0,8.0,7.0,0,13.0,1
1802,2025-01-01 00:30:02+00:00,1,2025-01-01 00:30:03+00:00,5.0,9.0,2.0,11,9.0,1
1803,2025-01-01 00:30:03+00:00,1,2025-01-01 00:30:04+00:00,0.0,6.0,10.0,2,6.0,1
1804,2025-01-01 00:30:04+00:00,0,2025-01-01 00:30:05+00:00,7.0,5.0,10.0,7,33.0,0
1805,2025-01-01 00:30:05+00:00,1,2025-01-01 00:30:06+00:00,5.0,2.0,2.0,1,31.0,1
1806,2025-01-01 00:30:06+00:00,2,2025-01-01 00:30:07+00:00,0.0,6.0,1.0,7,13.0,2
1807,2025-01-01 00:30:07+00:00,1,2025-01-01 00:30:08+00:00,2.0,9.0,7.0,5,22.0,1
1808,2025-01-01 00:30:08+00:00,0,2025-01-01 00:30:09+00:00,7.0,8.0,8.0,1,5.0,0
1809,2025-01-01 00:30:09+00:00,1,2025-01-01 00:30:10+00:00,1.0,3.0,10.0,0,31.0,1
1810,2025-01-01 00:30:10+00:00,0,2025-01-01 00:30:11+00:00,1.0,7.0,9.0,8,21.0,0
1811,2025-01-01 00:30:11+00:00,1,2025-01-01 00:30:12+00:00,5.0,8.0,5.0,8,14.0,1
1812,2025-01-01 00:30:12+00:00,1,2025-01-01 00:30:13+00:00,4.0,3.0,9.0,10,9.0,1
1813,2025-01-01 00:30:13+00:00,0,2025-01-01 00:30:14+00:00,8.0,1.0,10.0,11,16.0,0
1814,2025-01-01 00:30:14+00:00,0,2025-01-01 00:30:15+00:00,0.0,1.0,8.0,6,14.0,0
1815,2025-01-01 00:30:15+00:00,2,2025-01-01 00:30:16+00:00,5.0,6.0,3.0,12,3.0,2
1816,2025-01-01 00:30:16+00:00,1,2025-01-01 00:30:17+00:00,10.0,4.0,5.0,12,34.0,1
1817,2025-01-01 00:30:17+00:00,1,2025-01-01 00:30:18+00:00,6.0,8.0,1.0,1,13.0,1
1818,2025-01-01 00:30:18+00:00,1,2025-01-01 00:30:19+00:00,0.0,2.0,4.0,2,10.0,1
1819,2025-01-01 00:30:19+00:00,2,2025-01-01 00:30:20+00:00,2.0,3.0,6.0,5,19.0,2
1820,2025-01-01 00:30:20+00:00,1,2025-01-01 00:30:21+00:00,10.0,10.0,0.0,2,17.0,1
1821,2025-01-01 00:30:21+00:00,1,2025-01-01 00:30:22+00:00,5.0,6.0,4.0,0,36.0,1
1822,2025-01-01 00:30:22+00:00,1,2025-01-01 00:30:23+00:00,4.0,10.0,2.0,4,20.0,1
1823,2025-01-01 00:30:23+00:00,0,2025-01-01 00:30:24+00:00,6.0,5.0,9.0,4,11.0,0
1824,2025-01-01 00:30:24+00:00,1,2025-01-01 00:30:25+00:00,2.0,9.0,5.0,3,14.0,1
1825,2025-01-01 00:30:25+00:00,1,2025-01-01 00:30:26+00:00,4.0,2.0,4.0,10,9.0,1
1826,2025-01-01 00:30:26+00:00,0,2025-01-01 00:30:27+00:00,3.0,4.0,3.0,7,23.0,0
1827,2025-01-01 00:30:27+00:00,0,2025-01-01 00:30:28+00:00,3.0,8.0,2.0,6,8.0,0
1828,2025-01-01 00:30:28+00:00,0,2025-01-01 00:30:29+00:00,7.0,10.0,0.0,3,36.0,0
1829,2025-01-01 00:30:29+00:00,1,2025-01-01 00:30:30+00:00,0.0,4.0,7.0,1,35.0,1
1830,2025-01-01 00:30:30+00:00,1,2025-01-01 00:30:31+00:00,4.0,4.0,9.0,10,25.0,1
1831,2025-01-01 00:30:31+00:00,1,2025-01-01 00:30:32+00:00,1.0,7.0,10.0,0,27.0,1
1832,2025-01-01 00:30:32+00:00,2,2025-01-01 00:30:33+00:00,1.0,5.0,6.0,7,22.0,2
1833,2025-01-01 00:30:33+00:00,1,2025-01-01 00:30:34+00:00,7.0,10.0,4.0,4,36.0,1
1834,2025-01-01 00:30:34+00:00,1,2025-01-01 00:30:35+00:00,10.0,5.0,6.0,6,36.0,1
1835,2025-01-01 00:30:35+00:00,2,2025-01-01 00:30:36+00:00,7.0,8.0,9.0,2,21.0,2
1836,2025-01-01 00:30:36+00:00,1,2025-01-01 00:30:37+00:00,6.0,2.0,6.0,4,32.0,1
1837,2025-01-01 00:30:37+00:00,1,2025-01-01 00:30:38+00:00,3.0,5.0,8.0,5,14.0,1
1838,2025-01-01 00:30:38+00:00,0,2025-01-01 00:30:39+00:00,9.0,10.0,3.0,0,18.0,0
1839,2025-01-01 00:30:39+00:00,1,2025-01-01 00:30:40+00:00,6.0,5.0,6.0,2,3.0,1
1840,2025-01-01 00:30:40+00:00,1,2025-01-01 00:30:41+00:00,3.0,1.0,8.0,1,9.0,1
1841,2025-01-01 00:30:41+00:00,2,2025-01-01 00:30:42+00:00,7.0,6.0,2.0,10,26.0,2
1842,2025-01-01 00:30:42+00:00,1,2025-01-01 00:30:43+00:00,4.0,7.0,5.0,9,17.0,1
1843,2025-01-01 00:30:43+00:00,2,2025-01-01 00:30:44+00:00,4.0,0.0,3.0,7,24.0,2
1844,2025-01-01 00:30:44+00:00,0,2025-01-01 00:30:45+00:00,4.0,9.0,7.0,5,12.0,0
1845,2025-01-01 00:30:45+00:00,2,2025-01-01 00:30:46+00:00,10.0,0.0,9.0,4,2.0,2
1846,2025-01-01 00:30:46+00:00,1,2025-01-01 00:30:47+00:00,3.0,5.0,2.0,3,8.0,1
1847,2025-01-01 00:30:47+00:00,2,2025-01-01 00:30:48+00:00,1.0,0.0,3.0,4,23.0,2
1848,2025-01-01 00:30:48+00:00,1,2025-01-01 00:30:49+00:00,10.0,5.0,8.0,3,28.0,1
1849,2025-01-01 00:30:49+00:00,1,2025-01-01 00:30:50+00:00,10.0,0.0,4.0,11,29.0,1
1850,2025-01-01 00:30:50+00:00,2,2025-01-01 00:30:51+00:00,2.0,5.0,6.0,5,23.0,2
1851,2025-01-01 00:30:51+00:00,2,2025-01-01 00:30:52+00:00,7.0,6.0,4.0,0,20.0,2
1852,2025-01-01 00:30:52+00:00,1,2025-01-01 00:30:53+00:00,1.0,3.0,1.0,8,24.0,1
1853,2025-01-01 00:30:53+00:00,1,2025-01-01 00:30:54+00:00,2.0,4.0,7.0,4,19.0,1
1854,2025-01-01 00:30:54+00:00,0,2025-01-01 00:30:55+00:00,10.0,3.0,5.0,1,34.0,0
1855,2025-01-01 00:30:55+00:00,1,2025-01-01 00:30:56+00:00,1.0,3.0,5.0,1,32.0,1
1856,2025-01-01 00:30:56+00:00,1,2025-01-01 00:30:57+00:00,3.0,9.0,8.0,12,34.0,1
1857,2025-01-01 00:30:57+00:00,1,2025-01-01 00:30:58+00:00,2.0,8.0,6.0,5,23.0,1
1858,2025-01-01 00:30:58+00:00,2,2025-01-01 00:30:59+00:00,9.0,3.0,4.0,8,36.0,2
1859,2025-01-01 00:30:59+00:00,2,2025-01-01 00:31:00+00:00,2.0,9.0,2.0,4,10.0,2
1860,2025-01-01 00:31:00+00:00,2,2025-01-01 00:31:01+00:00,1.0,8.0,5.0,2,30.0,2
1861,2025-01-01 00:31:01+00:00,1,2025-01-01 00:31:02+00:00,5.0,3.0,0.0,1,20.0,1
1862,2025-01-01 00:31:02+00:00,1,2025-01-01 00:31:03+00:00,9.0,6.0,5.0,9,35.0,1
1863,2025-01-01 00:31:03+00:00,2,2025-01-01 00:31:04+00:00,4.0,1.0,8.0,11,11.0,2
1864,2025-01-01 00:31:04+00:00,1,2025-01-01 00:31:05+00:00,10.0,1.0,9.0,11,6.0,1
1865,2025-01-01 00:31:05+00:00,2,2025-01-01 00:31:06+00:00,2.0,10.0,4.0,2,7.0,2
1866,2025-01-01 00:31:06+00:00,0,2025-01-01 00:31:07+00:00,10.0,6.0,9.0,9,24.0,0
1867,2025-01-01 00:31:07+00:00,2,2025-01-01 00:31:08+00:00,5.0,9.0,3.0,2,22.0,2
1868,2025-01-01 00:31:08+00:00,2,2025-01-01 00:31:09+00:00,4.0,8.0,5.0,9,31.0,2
1869,2025-01-01 00:31:09+00:00,2,2025-01-01 00:31:10+00:00,2.0,0.0,5.0,10,32.0,2
1870,2025-01-01 00:31:10+00:00,2,2025-01-01 00:31:11+00:00,8.0,0.0,2.0,12,11.0,2
1871,2025-01-01 00:31:11+00:00,2,2025-01-01 00:31:12+00:00,9.0,0.0,4.0,1,32.0,2
1872,2025-01-01 00:31:12+00:00,1,2025-01-01 00:31:13+00:00,6.0,2.0,3.0,8,35.0,1
1873,2025-01-01 00:31:13+00:00,2,2025-01-01 00:31:14+00:00,3.0,6.0,10.0,0,26.0,2
1874,2025-01-01 00:31:14+00:00,0,2025-01-01 00:31:15+00:00,0.0,4.0,7.0,9,17.0,0
1875,2025-01-01 00:31:15+00:00,1,2025-01-01 00:31:16+00:00,8.0,9.0,5.0,11,15.0,1
1876,2025-01-01 00:31:16+00:00,2,2025-01-01 00:31:17+00:00,7.0,2.0,8.0,3,22.0,2
1877,2025-01-01 00:31:17+00:00,0,2025-01-01 00:31:18+00:00,8.0,8.0,6.0,10,33.0,0
1878,2025-01-01 00:31:18+00:00,2,2025-01-01 00:31:19+00:00,8.0,2.0,8.0,0,7.0,2
1879,2025-01-01 00:31:19+00:00,2,2025-01-01 00:31:20+00:00,9.0,6.0,4.0,5,35.0,2
1880,2025-01-01 00:31:20+00:00,2,2025-01-01 00:31:21+00:00,5.0,10.0,3.0,1,30.0,2
1881,2025-01-01 00:31:21+00:00,1,2025-01-01 00:31:22+00:00,8.0,7.0,4.0,1,4.0,1
1882,2025-01-01 00:31:22+00:00,2,2025-01-01 00:31:23+00:00,10.0,1.0,9.0,9,31.0,2
1883,2025-01-01 00:31:23+00:00,2,2025-01-01 00:31:24+00:00,1.0,9.0,6.0,7,33.0,2
1884,2025-01-01 00:31:24+00:00,1,2025-01-01 00:31:25+00:00,3.0,0.0,1.0,12,20.0,1
1885,2025-01-01 00:31:25+00:00,0,2025-01-01 00:31:26+00:00,10.0,9.0,2.0,7,24.0,0
1886,2025-01-01 00:31:26+00:00,1,2025-01-01 00:31:27+00:00,0.0,3.0,3.0,4,35.0,1
1887,2025-01-01 00:31:27+00:00,1,2025-01-01 00:31:28+00:00,7.0,1.0,5.0,5,16.0,1
1888,2025-01-01 00:31:28+00:00,2,2025-01-01 00:31:29+00:00,10.0,2.0,7.0,2,3.0,2
1889,2025-01-01 00:31:29+00:00,1,2025-01-01 00:31:30+00:00,6.0,7.0,10.0,10,9.0,1
1890,2025-01-01 00:31:30+00:00,2,2025-01-01 00:31:31+00:00,10.0,7.0,7.0,5,20.0,2
1891,2025-01-01 00:31:31+00:00,1,2025-01-01 00:31:32+00:00,4.0,6.0,0.0,7,35.0,1
1892,2025-01-01 00:31:32+00:00,0,2025-01-01 00:31:33+00:00,7.0,5.0,5.0,1,9.0,0
1893,2025-01-01 00:31:33+00:00,1,2025-01-01 00:31:34+00:00,4.0,9.0,8.0,2,33.0,1
1894,2025-01-01 00:31:34+00:00,1,2025-01-01 00:31:35+00:00,6.0,5.0,9.0,0,30.0,1
1895,2025-01-01 00:31:35+00:00,2,2025-01-01 00:31:36+00:00,10.0,7.0,1.0,5,26.0,2
1896,2025-01-01 00:31:36+00:00,1,2025-01-01 00:31:37+00:00,4.0,1.0,5.0,3,23.0,1
1897,2025-01-01 00:31:37+00:00,0,2025-01-01 00:31:38+00:00,4.0,9.0,4.0,3,4.0,0
1898,2025-01-01 00:31:38+00:00,1,2025-01-01 00:31:39+00:00,4.0,1.0,6.0,8,21.0,1
1899,2025-01-01 00:31:39+00:00,1,2025-01-01 00:31:40+00:00,8.0,0.0,10.0,11,22.0,1
1900,2025-01-01 00:31:40+00:00,1,2025-01-01 00:31:41+00:00,8.0,4.0,10.0,10,7.0,1
1901,2025-01-01 00:31:41+00:00,2,2025-01-01 00:31:42+00:00,0.0,7.0,1.0,4,25.0,2
1902,2025-01-01 00:31:42+00:00,2,2025-01-01 00:31:43+00:00,1.0,8.0,5.0,11,20.0,2
1903,2025-01-01 00:31:43+00:00,1,2025-01-01 00:31:44+00:00,0.0,3.0,9.0,6,6.0,1
1904,2025-01-01 00:31:44+00:00,2,2025-01-01 00:31:45+00:00,7.0,8.0,6.0,11,11.0,2
1905,2025-01-01 00:31:45+00:00,2,2025-01-01 00:31:46+00:00,7.0,6.0,10.0,3,22.0,2
1906,2025-01-01 00:31:46+00:00,2,2025-01-01 00:31:47+00:00,7.0,0.0,7.0,2,8.0,2
1907,2025-01-01 00:31:47+00:00,1,2025-01-01 00:31:48+00:00,4.0,3.0,0.0,9,29.0,1
1908,2025-01-01 00:31:48+00:00,1,2025-01-01 00:31:49+00:00,8.0,0.0,3.0,11,0.0,1
1909,2025-01-01 00:31:49+00:00,2,2025-01-01 00:31:50+00:00,5.0,2.0,10.0,6,15.0,2
1910,2025-01-01 00:31:50+00:00,2,2025-01-01 00:31:51+00:00,9.0,1.0,1.0,12,8.0,2
1911,2025-01-01 00:31:51+00:00,1,2025-01-01 00:31:52+00:00,10.0,8.0,9.0,12,9.0,1
1912,2025-01-01 00:31:52+00:00,2,2025-01-01 00:31:53+00:00,5.0,3.0,2.0,5,20.0,2
1913,2025-01-01 00:31:53+00:00,1,2025-01-01 00:31:54+00:00,2.0,0.0,3.0,8,34.0,1
1914,2025-01-01 00:31:54+00:00,1,2025-01-01 00:31:55+00:00,4.0,6.0,10.0,2,10.0,1
1915,2025-01-01 00:31:55+00:00,1,2025-01-01 00:31:56+00:00,2.0,8.0,3.0,6,0.0,1
1916,2025-01-01 00:31:56+00:00,1,2025-01-01 00:31:57+00:00,10.0,10.0,7.0,6,6.0,1
1917,2025-01-01 00:31:57+00:00,1,2025-01-01 00:31:58+00:00,10.0,6.0,2.0,1,31.0,1
1918,2025-01-01 00:31:58+00:00,0,2025-01-01 00:31:59+00:00,0.0,3.0,10.0,2,24.0,0
1919,2025-01-01 00:31:59+00:00,1,2025-01-01 00:32:00+00:00,0.0,5.0,10.0,12,14.0,1
1920,2025-01-01 00:32:00+00:00,1,2025-01-01 00:32:01+00:00,4.0,2.0,5.0,10,7.0,1
1921,2025-01-01 00:32:01+00:00,1,2025-01-01 00:32:02+00:00,7.0,0.0,7.0,4,11.0,1
1922,2025-01-01 00:32:02+00:00,2,2025-01-01 00:32:03+00:00,2.0,1.0,6.0,9,1.0,2
1923,2025-01-01 00:32:03+00:00,0,2025-01-01 00:32:04+00:00,8.0,4.0,3.0,10,5.0,0
1924,2025-01-01 00:32:04+00:00,1,2025-01-01 00:32:05+00:00,1.0,0.0,2.0,11,5.0,1
1925,2025-01-01 00:32:05+00:00,0,2025-01-01 00:32:06+00:00,3.0,5.0,9.0,7,6.0,0
1926,2025-01-01 00:32:06+00:00,0,2025-01-01 00:32:07+00:00,9.0,4.0,1.0,2,16.0,0
1927,2025-01-01 00:32:07+00:00,2,2025-01-01 00:32:08+00:00,3.0,7.0,6.0,8,16.0,2
1928,2025-01-01 00:32:08+00:00,2,2025-01-01 00:32:09+00:00,3.0,4.0,5.0,10,29.0,2
1929,2025-01-01 00:32:09+00:00,1,2025-01-01 00:32:10+00:00,2.0,4.0,9.0,12,26.0,1
1930,2025-01-01 00:32:10+00:00,2,2025-01-01 00:32:11+00:00,4.0,8.0,4.0,8,2.0,2
1931,2025-01-01 00:32:11+00:00,2,2025-01-01 00:32:12+00:00,0.0,5.0,4.0,2,30.0,2
1932,2025-01-01 00:32:12+00:00,2,2025-01-01 00:32:13+00:00,1.0,1.0,0.0,7,36.0,2
1933,2025-01-01 00:32:13+00:00,2,2025-01-01 00:32:14+00:00,8.0,9.0,7.0,2,10.0,2
1934,2025-01-01 00:32:14+00:00,2,2025-01-01 00:32:15+00:00,10.0,6.0,8.0,5,26.0,2
1935,2025-01-01 00:32:15+00:00,0,2025-01-01 00:32:16+00:00,6.0,8.0,7.0,0,28.0,0
1936,2025-01-01 00:32:16+00:00,2,2025-01-01 00:32:17+00:00,7.0,7.0,9.0,2,28.0,2
1937,2025-01-01 00:32:17+00:00,2,2025-01-01 00:32:18+00:00,2.0,10.0,0.0,6,34.0,2
1938,2025-01-01 00:32:18+00:00,1,2025-01-01 00:32:19+00:00,0.0,6.0,0.0,6,36.0,1
1939,2025-01-01 00:32:19+00:00,2,2025-01-01 00:32:20+00:00,2.0,9.0,4.0,1,8.0,2
1940,2025-01-01 00:32:20+00:00,1,2025-01-01 00:32:21+00:00,3.0,1.0,1.0,9,33.0,1
1941,2025-01-01 00:32:21+00:00,1,2025-01-01 00:32:22+00:00,4.0,2.0,5.0,5,1.0,1
1942,2025-01-01 00:32:22+00:00,1,2025-01-01 00:32:23+00:00,0.0,3.0,9.0,2,10.0,1
1943,2025-01-01 00:32:23+00:00,1,2025-01-01 00:32:24+00:00,9.0,8.0,7.0,2,33.0,1
1944,2025-01-01 00:32:24+00:00,1,2025-01-01 00:32:25+00:00,10.0,9.0,6.0,4,19.0,1
1945,2025-01-01 00:32:25+00:00,1,2025-01-01 00:32:26+00:00,0.0,2.0,8.0,7,19.0,1
1946,2025-01-01 00:32:26+00:00,0,2025-01-01 00:32:27+00:00,1.0,6.0,4.0,8,31.0,0
1947,2025-01-01 00:32:27+00:00,1,2025-01-01 00:32:28+00:00,5.0,2.0,6.0,10,36.0,1
1948,2025-01-01 00:32:28+00:00,1,2025-01-01 00:32:29+00:00,0.0,9.0,5.0,8,31.0,1
1949,2025-01-01 00:32:29+00:00,1,2025-01-01 00:32:30+00:00,9.0,2.0,3.0,2,25.0,1
1950,2025-01-01 00:32:30+00:00,1,2025-01-01 00:32:31+00:00,0.0,1.0,9.0,6,31.0,1
1951,2025-01-01 00:32:31+00:00,0,2025-01-01 00:32:32+00:00,2.0,3.0,3.0,11,9.0,0
1952,2025-01-01 00:32:32+00:00,2,2025-01-01 00:32:33+00:00,9.0,1.0,5.0,8,23.0,2
1953,2025-01-01 00:32:33+00:00,1,2025-01-01 00:32:34+00:00,7.0,5.0,7.0,4,7.0,1
1954,2025-01-01 00:32:34+00:00,1,2025-01-01 00:32:35+00:00,8.0,8.0,3.0,11,4.0,1
1955,2025-01-01 00:32:35+00:00,1,2025-01-01 00:32:36+00:00,2.0,4.0,4.0,3,19.0,1
1956,2025-01-01 00:32:36+00:00,1,2025-01-01 00:32:37+00:00,7.0,1.0,5.0,6,19.0,1
1957,2025-01-01 00:32:37+00:00,2,2025-01-01 00:32:38+00:00,10.0,4.0,2.0,4,30.0,2
1958,2025-01-01 00:32:38+00:00,2,2025-01-01 00:32:39+00:00,5.0,7.0,3.0,7,26.0,2
1959,2025-01-01 00:32:39+00:00,2,2025-01-01 00:32:40+00:00,0.0,3.0,6.0,12,14.0,2
1960,2025-01-01 00:32:40+00:00,1,2025-01-01 00:32:41+00:00,7.0,3.0,1.0,11,7.0,1
1961,2025-01-01 00:32:41+00:00,1,2025-01-01 00:32:42+00:00,10.0,1.0,8.0,4,8.0,1
1962,2025-01-01 00:32:42+00:00,2,2025-01-01 00:32:43+00:00,9.0,8.0,10.0,3,20.0,2
1963,2025-01-01 00:32:43+00:00,1,2025-01-01 00:32:44+00:00,2.0,6.0,2.0,11,19.0,1
1964,2025-01-01 00:32:44+00:00,1,2025-01-01 00:32:45+00:00,6.0,1.0,10.0,4,19.0,1
1965,2025-01-01 00:32:45+00:00,1,2025-01-01 00:32:46+00:00,10.0,3.0,1.0,6,31.0,1
1966,2025-01-01 00:32:46+00:00,2,2025-01-01 00:32:47+00:00,4.0,3.0,10.0,9,25.0,2
1967,2025-01-01 00:32:47+00:00,2,2025-01-01 00:32:48+00:00,5.0,7.0,3.0,3,32.0,2
1968,2025-01-01 00:32:48+00:00,0,2025-01-01 00:32:49+00:00,2.0,4.0,7.0,4,1.0,0
1969,2025-01-01 00:32:49+00:00,0,2025-01-01 00:32:50+00:00,1.0,6.0,0.0,2,15.0,0
1970,2025-01-01 00:32:50+00:00,0,2025-01-01 00:32:51+00:00,9.0,4.0,10.0,11,3.0,0
1971,2025-01-01 00:32:51+00:00,2,2025-01-01 00:32:52+00:00,9.0,9.0,2.0,5,23.0,2
1972,2025-01-01 00:32:52+00:00,2,2025-01-01 00:32:53+00:00,5.0,3.0,4.0,9,16.0,2
1973,2025-01-01 00:32:53+00:00,2,2025-01-01 00:32:54+00:00,6.0,3.0,2.0,8,8.0,2
1974,2025-01-01 00:32:54+00:00,2,2025-01-01 00:32:55+00:00,5.0,2.0,0.0,12,0.0,2
1975,2025-01-01 00:32:55+00:00,1,2025-01-01 00:32:56+00:00,1.0,4.0,3.0,10,13.0,1
1976,2025-01-01 00:32:56+00:00,2,2025-01-01 00:32:57+00:00,4.0,6.0,1.0,0,13.0,2
1977,2025-01-01 00:32:57+00:00,1,2025-01-01 00:32:58+00:00,10.0,1.0,6.0,3,35.0,1
1978,2025-01-01 00:32:58+00:00,1,2025-01-01 00:32:59+00:00,9.0,0.0,5.0,10,2.0,1
1979,2025-01-01 00:32:59+00:00,1,2025-01-01 00:33:00+00:00,0.0,7.0,2.0,11,31.0,1
1980,2025-01-01 00:33:00+00:00,0,2025-01-01 00:33:01+00:00,7.0,3.0,5.0,6,18.0,0
1981,2025-01-01 00:33:01+00:00,0,2025-01-01 00:33:02+00:00,8.0,9.0,9.0,10,36.0,0
1982,2025-01-01 00:33:02+00:00,1,2025-01-01 00:33:03+00:00,4.0,9.0,0.0,6,24.0,1
1983,2025-01-01 00:33:03+00:00,0,2025-01-01 00:33:04+00:00,10.0,9.0,5.0,6,13.0,0
1984,2025-01-01 00:33:04+00:00,2,2025-01-01 00:33:05+00:00,0.0,2.0,5.0,8,22.0,2
1985,2025-01-01 00:33:05+00:00,1,2025-01-01 00:33:06+00:00,6.0,7.0,8.0,7,6.0,1
1986,2025-01-01 00:33:06+00:00,2,2025-01-01 00:33:07+00:00,2.0,5.0,4.0,5,20.0,2
1987,2025-01-01 00:33:07+00:00,2,2025-01-01 00:33:08+00:00,6.0,10.0,7.0,3,33.0,2
1988,2025-01-01 00:33:08+00:00,0,2025-01-01 00:33:09+00:00,0.0,0.0,9.0,1,18.0,0
1989,2025-01-01 00:33:09+00:00,2,2025-01-01 00:33:10+00:00,5.0,4.0,6.0,12,24.0,2
1990,2025-01-01 00:33:10+00:00,1,2025-01-01 00:33:11+00:00,2.0,7.0,5.0,10,25.0,1
1991,2025-01-01 00:33:11+00:00,1,2025-01-01 00:33:12+00:00,1.0,10.0,5.0,8,36.0,1
1992,2025-01-01 00:33:12+00:00,0,2025-01-01 00:33:13+00:00,6.0,6.0,0.0,11,34.0,0
1993,2025-01-01 00:33:13+00:00,1,2025-01-01 00:33:14+00:00,3.0,6.0,1.0,5,8.0,1
1994,2025-01-01 00:33:14+00:00,2,2025-01-01 00:33:15+00:00,2.0,2.0,4.0,11,35.0,2
1995,2025-01-01 00:33:15+00:00,1,2025-01-01 00:33:16+00:00,1.0,1.0,8.0,0,9.0,1
1996,2025-01-01 00:33:16+00:00,2,2025-01-01 00:33:17+00:00,6.0,1.0,0.0,4,29.0,2
1997,2025-01-01 00:33:17+00:00,2,2025-01-01 00:33:18+00:00,8.0,8.0,10.0,12,13.0,2
1998,2025-01-01 00:33:18+00:00,0,2025-01-01 00:33:19+00:00,4.0,0.0,5.0,1,14.0,0
1999,2025-01-01 00:33:19+00:00,1,2025-01-01 00:33:20+00:00,0.0,9.0,4.0,12,3.0,1
2000,2025-01-01 00:33:20+00:00,1,2025-01-01 00:33:21+00:00,6.0,4.0,5.0,7,8.0,1
